account,date,dunk_line,punch,target,source,views,video_id
democrats,20220719,Marjorie Taylor Greene is one of the 192 House Republicans.,up (powerful figure),Marjorie Taylor Greene,caption,204200,7121926917104176430
democrats,20220719,192 House Republicans voted AGAINST funding to address the baby formula shortage.,lateral (institution),House Republicans,overlay,204200,7121926917104176430
democrats,20220719,"Hmm, funny, yes, but not funny, haha, funny, weird.",lateral (institution),Marjorie Taylor Greene; House Republicans,speech,204200,7121926917104176430
democrats,20220811,Republicans upset that the ✨Inflation Reduction Act✨ makes corporations pay their fair share in taxes,lateral (institution),Republican Party,overlay,13400,7130405513526840619
democrats,20220811,How could you do this to me? Question mark.,lateral (institution),Republican Party,sound,13400,7130405513526840619
democrats,20220816,These Republicans sided with Big Pharma,lateral (institution),Republican Party,caption,31400,7132505762009550126
democrats,20220816,We do not care.,lateral (institution),Republican Party,sound,31400,7132505762009550126
democrats,20250528,What you are about to witness will disturb you. Even shock you.,up (powerful figure),"Donald Trump, Kristi Noem, Markwayne Mullin, Elon Musk, J.D. Vance, Melania Trump, Clarence Thomas",overlay,1100000,7509614479517273390
democrats,20250528,There is a dark side of humanity the censors won't let you see... but we will.,up (powerful figure),"Donald Trump, Kristi Noem, Markwayne Mullin, Elon Musk, J.D. Vance, Melania Trump, Clarence Thomas",overlay,1100000,7509614479517273390
democrats,20250528,𝓲𝓽 𝓪𝓵𝓵 𝓶𝓪𝓴𝓮𝓼 𝓼𝓮𝓷𝓼𝓮 𝓷𝓸𝔀 . . .,up (powerful figure),"Donald Trump, Kristi Noem, Markwayne Mullin, Elon Musk, J.D. Vance, Melania Trump, Clarence Thomas",caption,1100000,7509614479517273390
republicans,20260429,RIP the Democrat party,lateral (institution),Democrat party,caption,35100,7634213434401377549
republicans,20260429,LOST,lateral (institution),Democratic Party,overlay,35100,7634213434401377549
republicans,20260429,INCORRECT,lateral (institution),Democratic Party,overlay,35100,7634213434401377549
republicans,20260429,TRYING...,lateral (institution),Democratic Party,overlay,35100,7634213434401377549
republicans,20260429,CONFUSED,lateral (institution),Democratic Party,overlay,35100,7634213434401377549
republicans,20260429,STRUGGLING :(,lateral (institution),Democratic Party,overlay,35100,7634213434401377549
democrats,20221222,Shall we go on?,lateral (institution),House Republicans,caption,85600,7180067904115723563
democrats,20221222,voted against capping insulin at $35 a month,lateral (institution),House Republicans,overlay,85600,7180067904115723563
democrats,20221222,voted against taking aggressive action on climate change,lateral (institution),House Republicans,overlay,85600,7180067904115723563
democrats,20221222,voted against protecting marriage equality,lateral (institution),House Republicans,overlay,85600,7180067904115723563
democrats,20221222,voted against increasing access to mental health care in schools,lateral (institution),House Republicans,overlay,85600,7180067904115723563
republicans,20260514,This is who they are,lateral (institution),Democratic Party,caption,33500,7639803324421639454
whitehouse,20250831,"Go woke, go broke.",up (powerful figure),'Woke' ideology,overlay,1000000,7544772559485553934
whitehouse,20250831,"One year ago, it was “DEAD.”",lateral (institution),The United States of America under the previous administration,overlay,1000000,7544772559485553934
whitehouse,20250831,"cashless bail policies across the nation, which have been a complete and total disaster.",up (powerful figure),cashless bail policies,speech,1000000,7544772559485553934
whitehouse,20250831,"the Congressional Budget Office, often partisan and left-wing",lateral (institution),the Congressional Budget Office,speech,1000000,7544772559485553934
democrats,20251101,We've got an HHS Secretary who opposes proven science and promotes quack medicine.,up (powerful figure),Trump's HHS Secretary,speech,1100000,7567890220427840782
democrats,20251101,it's like every day is Halloween. Except it's all tricks and no treats.,up (powerful figure),Donald Trump,speech,1100000,7567890220427840782
democrats,20220307,What?? The DNC isn’t on TikTok…,lateral (institution),people who assumed the DNC would not be on TikTok,overlay,232100,7072431331778596138
democrats,20220307,YES I AM,lateral (institution),people who assumed the DNC would not be on TikTok,overlay,232100,7072431331778596138
democrats,20220307,"I'm the man, I'm the man, I'm the man Yes I am, yes I am, yes I am",lateral (institution),people who assumed the DNC would not be on TikTok,sound,232100,7072431331778596138
democrats,20220310,Settle down? Are you kidding?,up (powerful figure),Sexist critics,sound,151500,7073528718768999722
democrats,20220310,I'm at the top of my game!,up (powerful figure),Doubters and critics,sound,151500,7073528718768999722
democrats,20220310,I'm right up there with the big dogs.,up (powerful figure),The established male-dominated power structure,sound,151500,7073528718768999722
democrats,20220310,Leave politics to the men?,up (powerful figure),People with sexist views about women in politics,overlay,151500,7073528718768999722
democrats,20220310,Leave the saving of the world for the men?,up (powerful figure),People with sexist views about women's capabilities,sound,151500,7073528718768999722
democrats,20220310,I don't think so... I don't think so...,up (powerful figure),People with sexist views about women in politics,sound,151500,7073528718768999722
democrats,20220315,"I notice every new bridge or highway, you have a Republican who voted against the infrastructure standing there taking credit.",lateral (institution),Republicans,speech,9346,7075318697258257707
democrats,20220315,"As my mother would say, God love them.",lateral (institution),Republicans,speech,9346,7075318697258257707
democrats,20220411,you know it’s not the ✨same✨,up (powerful figure),Donald Trump,overlay,57200,7085475660306599210
democrats,20220503,extremist Republicans,lateral (institution),Republican Party,caption,83900,7093595058842225963
democrats,20220503,conservative justices on the court,lateral (institution),Supreme Court of the United States,caption,83900,7093595058842225963
democrats,20220503,"They have been out there plotting, carefully cultivating these Supreme Court justices",lateral (institution),Republican Party,speech,83900,7093595058842225963
democrats,20220503,"extremists, we've heard enough from the extremists and we're tired of it.",lateral (institution),Republican Party,speech,83900,7093595058842225963
democrats,20220505,HEY I JUST MET YOU AND YOU SEEM CRAZY. A CLUMP OF CELLS IS NOT A BABY,up (powerful figure),anti-abortion advocates,overlay,160400,7094037572070198574
democrats,20220505,I like beer. - Kavanaugh,up (powerful figure),Brett Kavanaugh,overlay,160400,7094037572070198574
democrats,20220607,Republicans have no plan to fight inflation,lateral (institution),Republicans,caption,126900,7106332031075781931
democrats,20220607,🚩Republicans have a plan that could raise taxes on Americans🚩,lateral (institution),Republicans,overlay,126900,7106332031075781931
democrats,20220611,The ultra-MAGA agenda is not it.,up (powerful figure),The ultra-MAGA agenda,caption,150600,7108074054157897003
democrats,20220611,Republican leadership letting MAGA extremists control their party,up (powerful figure),Republican leadership,overlay,150600,7108074054157897003
democrats,20220611,Never!,lateral (institution),Republican Party,sound,150600,7108074054157897003
democrats,20220611,Let's make poor decisions!,lateral (institution),Republican Party,sound,150600,7108074054157897003
democrats,20220623,ultra-MAGA agenda,lateral (institution),Republican Party,caption,138200,7112219597079711022
democrats,20220623,WE'RE WALKING THE OTHER WAY,up (powerful figure),"Lauren Boebert, Lindsey Graham, Marjorie Taylor Greene",overlay,138200,7112219597079711022
democrats,20220623,See that toxic person?,up (powerful figure),"Lauren Boebert, Lindsey Graham, Marjorie Taylor Greene",sound,138200,7112219597079711022
democrats,20220625,a small minority,lateral (institution),The Republican party,speech,77400,7112968794615729450
democrats,20220625,extremist judges,up (powerful figure),Republican-appointed judges,speech,77400,7112968794615729450
democrats,20220625,"Judges who promised to follow the law, but wink, wink, nod, nod, were cleared",up (powerful figure),Republican-appointed judges,speech,77400,7112968794615729450
democrats,20220701,Can you think of any laws that give government the power to make decisions about the male body?,up (powerful figure),Brian Buescher,speech,10300,7115273344462753066
democrats,20220701,End The WAR on WOMEN,up (powerful figure),Opponents of abortion rights,overlay,10300,7115273344462753066
democrats,20220707,There's no way Georgia Democrats win two Senate seats,up (powerful figure),Unnamed Skeptics,overlay,78100,7117453953477954859
democrats,20220707,*flips Senate*,up (powerful figure),Unnamed Skeptics,overlay,78100,7117453953477954859
democrats,20220720,"Yet again, Republicans are showing how out of step they are from the American people.",lateral (institution),Republican Party,speech,160600,7122252363917741355
democrats,20220720,Ultra-migrant Republicans are too extreme to hold power.,lateral (institution),Republican Party,speech,160600,7122252363917741355
democrats,20220725,Did Josh Hawley really say that?,up (powerful figure),Josh Hawley,caption,51300,7124415818389245230
democrats,20220725,And I am not backing down.,up (powerful figure),Josh Hawley,overlay,51300,7124415818389245230
democrats,20220725,I'm not going to apologize.,up (powerful figure),Josh Hawley,overlay,51300,7124415818389245230
democrats,20220725,I'm not going to cower.,up (powerful figure),Josh Hawley,overlay,51300,7124415818389245230
democrats,20220725,I'm not going to run from you.,up (powerful figure),Josh Hawley,overlay,51300,7124415818389245230
democrats,20220726,The Watergate filing cabinet vibing 🥴✨,lateral (institution),Republican Party,overlay,292600,7124472556542790955
democrats,20220804,KBJ slays.,own-side (gloat),Opponents/critics of Ketanji Brown Jackson,overlay,44300,7127840279779937582
democrats,20220805,Because it's gone down.,up (powerful figure),Peter Doocy,overlay,1700000,7128536439855369515
democrats,20220811,the head of the Republican Senate is talking about increasing costs for Medicare and Social Security and taxing poor and middle-class Americans.,lateral (institution),the head of the Republican Senate,speech,187700,7130435416695737646
democrats,20220811,"even Republicans have to admit this privately, and they are.",lateral (institution),Republicans,speech,187700,7130435416695737646
democrats,20220818,He did that.,lateral (institution),Republican Party,caption,36800,7133369386936716587
democrats,20220818,I DID THAT!,lateral (institution),Republican Party,overlay,36800,7133369386936716587
democrats,20220818,Bing bong bong bong bong,lateral (institution),Republican Party,sound,36800,7133369386936716587
democrats,20220826,"Is it fair to people who, in fact, do not own multi-billion dollar businesses if you want these guys to get involved with that sense?",up (powerful figure),People who oppose student loan forgiveness while supporting tax breaks for corporations,speech,11700,7136190066682055979
democrats,20220826,Magga Republicans don't have a clue about the power of women.,lateral (institution),MAGA Republicans,speech,206000,7136296150734277931
democrats,20220826,They are about to find out.,lateral (institution),MAGA Republicans,speech,206000,7136296150734277931
democrats,20220830,"New Jersey resident, unsure of how many properties he owns 😟",up (powerful figure),Mehmet Oz,overlay,131300,7137461338611387694
democrats,20220831,Don't tell me you support law enforcement if you won't condemn what happened on the 6th.,lateral (institution),my MAGA Republican friends in Congress,speech,19500,7138149620533742891
democrats,20220831,"For God's sake, whose side are you on?",lateral (institution),my MAGA Republican friends in Congress,speech,19500,7138149620533742891
democrats,20220831,you're on the side of a mob or the side of the police.,lateral (institution),my MAGA Republican friends in Congress,speech,19500,7138149620533742891
democrats,20220831,You can't be pro-law enforcement and pro-insurrection.,lateral (institution),my MAGA Republican friends in Congress,speech,19500,7138149620533742891
democrats,20220831,Whose side are you on?,lateral (institution),MAGA Republicans,caption,19500,7138149620533742891
democrats,20220901,What are Republicans for?,lateral (institution),Republicans,caption,89600,7138225594503843114
democrats,20220901,When we ask Republicans to side with the American people over special interests,lateral (institution),Republicans,overlay,89600,7138225594503843114
democrats,20220901,Oh! Horrible!,lateral (institution),Republicans,sound,89600,7138225594503843114
democrats,20220903,defeating Palin,up (powerful figure),Sarah Palin,overlay,31700,7138985322838281515
democrats,20220903,this huge W,up (powerful figure),Sarah Palin,overlay,31700,7138985322838281515
democrats,20220911,This is the Republican candidate for PA’s Senate seat?,up (powerful figure),Mehmet Oz,overlay,22000,7142164871130385706
democrats,20220911,This is your man. Yes. Look at the screen.,up (powerful figure),Mehmet Oz,sound,22000,7142164871130385706
democrats,20220911,No.,up (powerful figure),Mehmet Oz,caption,22000,7142164871130385706
democrats,20220914,extremist so-called leaders,lateral (institution),Republicans,speech,8558,7143049086508256555
democrats,20220926,Senator Rubio after a long day of voting against lowering costs for Americans,up (powerful figure),Marco Rubio,overlay,9545,7147713314024574254
democrats,20220926,"Oh, Lord, have mercy. Mm-mm-mm. They drained me.",up (powerful figure),Marco Rubio,sound,9545,7147713314024574254
democrats,20221002,Governor Kemp could never😏,up (powerful figure),Brian Kemp,overlay,10100,7149939392398789931
democrats,20221004,It won’t be the same as it was when Texans elect @Beto O’Rourke.,up (powerful figure),the current Texas state government,caption,15000,7150458795796483374
democrats,20221005,opposes marriage equality legislation 😩,up (powerful figure),JD Vance,overlay,11100,7150838859817962794
democrats,20221005,Absolutely not.,up (powerful figure),JD Vance,sound,11100,7150838859817962794
democrats,20221007,pushes anti-trans agenda 🫣,up (powerful figure),Greg Abbott,overlay,14500,7151592121865211178
democrats,20221007,Don't mess with Trans kids.,up (powerful figure),Greg Abbott,overlay,14500,7151592121865211178
democrats,20221007,no comment 🤐🙄,up (powerful figure),Greg Abbott,overlay,14500,7151592121865211178
democrats,20221014,Val Demings on her way to unseat FL Senator Rubio 😏,up (powerful figure),Marco Rubio,overlay,30200,7154365709277990186
democrats,20221014,She does what she wants and she looks cool doing it.,up (powerful figure),Marco Rubio,sound,30200,7154365709277990186
democrats,20221018,Brian Kemp doesn't 🤬🤚,up (powerful figure),Brian Kemp,overlay,58200,7155649993716534570
democrats,20221027,"The decision should be up to: women, doctors, and WHO?!",up (powerful figure),Mehmet Oz,caption,21300,7159194232924818730
democrats,20221027,"I want women, doctors, local political leaders",up (powerful figure),Mehmet Oz,speech,21300,7159194232924818730
democrats,20221027,WHAT did he say ?!?,up (powerful figure),Mehmet Oz,overlay,21300,7159194232924818730
democrats,20221027,Local Political Leaders,up (powerful figure),Mehmet Oz,overlay,21300,7159194232924818730
democrats,20221027,LOCAL.,up (powerful figure),Mehmet Oz,overlay,21300,7159194232924818730
democrats,20221027,POLITICAL.,up (powerful figure),Mehmet Oz,overlay,21300,7159194232924818730
democrats,20221027,LEADERS.,up (powerful figure),Mehmet Oz,overlay,21300,7159194232924818730
democrats,20221028,See you at the polls on November 8th💅👑,lateral (institution),Republican Party,overlay,24300,7159358803454987562
democrats,20221028,"Karma's a relaxing thought, aren't you envious that for you it's not?",lateral (institution),Republican Party,sound,24300,7159358803454987562
democrats,20221028,abortion ban? 🤔,up (powerful figure),"Marco Rubio, JD Vance, and Ted Budd",overlay,49300,7159389191523142955
democrats,20221028,"You want me, no",up (powerful figure),"Marco Rubio, JD Vance, and Ted Budd",sound,49300,7159389191523142955
democrats,20221107,Reduce your expectations to zero.,lateral (institution),Republican Party,sound,32500,7163100078536707371
democrats,20221107,We don’t want to hear it from MAGA Republicans.,lateral (institution),MAGA Republicans,caption,1300000,7163117279339662635
democrats,20221107,"GOP condemns student loan relief, but received forgiveness on PPP loans",lateral (institution),GOP,overlay,1300000,7163117279339662635
democrats,20221107,"She and her husband got $180,000 in business loans forgiven from the PPP program.",up (powerful figure),Marjorie Taylor Greene,speech,1300000,7163117279339662635
democrats,20221107,"Guess how much he got in that program forgiven? $2,300,000.",up (powerful figure),Vern Buchanan,speech,1300000,7163117279339662635
democrats,20221107,slackers who don't deserve relief.,up (powerful figure),Ted Cruz,speech,1300000,7163117279339662635
democrats,20221107,Can't make this stuff up.,up (powerful figure),Marjorie Taylor Greene; Vern Buchanan; Ted Cruz,speech,1300000,7163117279339662635
democrats,20221107,Who in the hell do they think they are?,up (powerful figure),Marjorie Taylor Greene; Vern Buchanan; Ted Cruz,speech,1300000,7163117279339662635
democrats,20221108,I spent about 80% of my time talking about voting.,lateral (institution),Democrats,overlay,47700,7163768914197957930
democrats,20221108,"And the other 20% of the time, I was praying for someone else to bring it up so I could talk about it more.",lateral (institution),Democrats,overlay,47700,7163768914197957930
democrats,20221114,Senate MAJORITY Leader Chuck Schumer 😎,up (powerful figure),Mitch McConnell,caption,200700,7166005758247669038
democrats,20221114,"Here I am, once again I'm torn into pieces, can't deny it",up (powerful figure),Mitch McConnell,sound,200700,7166005758247669038
democrats,20221116,Trump talks. Biden delivers.,up (powerful figure),Donald Trump,caption,43500,7166416941559680299
democrats,20221116,TALKING,up (powerful figure),Donald Trump,overlay,43500,7166416941559680299
democrats,20221116,Who's better at infrastructure than Trump?,up (powerful figure),Donald Trump,speech,43500,7166416941559680299
democrats,20221122,Young people aren't brainwashed. We're angry.,up (powerful figure),Conservative commentators,overlay,70800,7168915781214899498
democrats,20221122,GOP WANTS TO RAISE VOTING AGE AFTER MIDTERM TURNOUT,lateral (institution),GOP,overlay,70800,7168915781214899498
democrats,20221126,There was no red wave... There was a record number of LGBTQ+ Democrats elected to office instead 😏🌈,lateral (institution),Republican Party,overlay,29100,7170393064245087534
democrats,20221209,Remember when 195 House Republicans voted against a bill to protect access to birth control?,lateral (institution),195 House Republicans,overlay,66100,7175230583860251946
democrats,20221209,We do.,lateral (institution),195 House Republicans,caption,66100,7175230583860251946
democrats,20221209,I remember it all too well,lateral (institution),195 House Republicans,sound,66100,7175230583860251946
democrats,20230104,Republicans can’t pick a speaker.,lateral (institution),Republicans,caption,24200,7184878776826744110
democrats,20230104,Republicans in Disarray,lateral (institution),Republicans,overlay,24200,7184878776826744110
democrats,20230104,not save the Republicans from their dysfunction.,lateral (institution),Republicans,speech,24200,7184878776826744110
democrats,20230105,Republicans are in disarray.,lateral (institution),Republican Party,caption,345700,7185289053875621163
democrats,20230105,Republicans can't pick a speaker...,lateral (institution),Republican Party,overlay,345700,7185289053875621163
democrats,20230106,"Who would vote against lowering health care costs, tackling climate change, and capping the price of insulin??",lateral (institution),Congressional Republicans,overlay,68000,7185586467647786282
democrats,20230106,Every. Single. Congressional Republican.,lateral (institution),Congressional Republicans,overlay,68000,7185586467647786282
democrats,20230109,"Every Republican in Congress voted against:

—Lowering prescription drug prices
—Lowering health care costs
—Lowering energy costs
—Creating good-paying jobs",lateral (institution),Republican Party,overlay,19700,7186674442314059051
democrats,20230109,Will I get over it? Mmm... No.,lateral (institution),Republican Party,sound,19700,7186674442314059051
democrats,20230110,Republicans in disarray.,lateral (institution),Republican Party,overlay,19900,7186836879818362154
democrats,20230110,Republicans: Can't pick a speaker.,lateral (institution),Republican Party,overlay,19900,7186836879818362154
democrats,20230110,plunging the House into chaos,lateral (institution),MAGA Republicans,overlay,19900,7186836879818362154
democrats,20230110,MAGA Republicans are in charge of Kevin McCarthy’s caucus.,lateral (institution),MAGA Republicans,caption,19900,7186836879818362154
democrats,20230111,Keeps you at night.,lateral (institution),Republican Party,caption,16200,7187533852963917099
democrats,20230111,every congressional Republican voted against... lower prescription drug prices 💊,lateral (institution),every congressional Republican,overlay,16200,7187533852963917099
democrats,20230111,every congressional Republican voted against... a fairer tax system ⚖️,lateral (institution),every congressional Republican,overlay,16200,7187533852963917099
democrats,20230111,every congressional Republican voted against... aggressive action on the climate crisis 🌍,lateral (institution),every congressional Republican,overlay,16200,7187533852963917099
democrats,20230111,every congressional Republican voted against... lower energy costs 💡,lateral (institution),every congressional Republican,overlay,16200,7187533852963917099
democrats,20230111,every congressional Republican voted against... lower health care costs 🏥,lateral (institution),every congressional Republican,overlay,16200,7187533852963917099
democrats,20230113,House Republicans’ first bill is to protect wealthy tax cheats.,lateral (institution),House Republicans,caption,28100,7187928321068567854
democrats,20230113,Republicans' first bill makes tax fraud easier for high earners,lateral (institution),Republicans,overlay,28100,7187928321068567854
democrats,20230113,The House GOP's first bill of the new Congress ya'll 🤡😭,lateral (institution),The House GOP,overlay,28100,7187928321068567854
democrats,20230113,Let the ultra-wealthy pay a smaller share in taxes than the middle class 💵💲,lateral (institution),The House GOP,overlay,28100,7187928321068567854
democrats,20230113,Add $144 billion to the deficit 💰💰💰,lateral (institution),The House GOP,overlay,28100,7187928321068567854
democrats,20230113,Help the ultra-wealthy cheat on their taxes 🤦‍♀️😭,lateral (institution),The House GOP,overlay,28100,7187928321068567854
democrats,20230118,Republicans had no problem enacting a $2 trillion tax cut that overwhelmingly benefitted the wealthiest Americans and biggest corporations.,lateral (institution),Republicans,overlay,33300,7190134728517864750
democrats,20230125,"After 14 failed votes, who handed over the reins of his caucus to the most extreme MAGA Republicans to become Speaker?",up (powerful figure),Kevin McCarthy,overlay,49700,7192399295440637230
democrats,20230125,It’s Kevin.,up (powerful figure),Kevin McCarthy,caption,49700,7192399295440637230
democrats,20230203,House Republicans' first bill of the new Congress was a bill to protect wealthy tax cheats at the expense of middle-class Americans.,lateral (institution),House Republicans,overlay,17800,7196007689812462891
democrats,20230203,House Republicans want to cut key programs like Social Security and Medicare.,lateral (institution),House Republicans,overlay,17800,7196007689812462891
democrats,20230203,This is Republican leadership.,up (powerful figure),Republican leadership,caption,17800,7196007689812462891
democrats,20230203,Side eye. Side eye!,lateral (institution),House Republicans,sound,17800,7196007689812462891
democrats,20230316,Kevin McCarthy and 220 House Republicans voted for a bill to make it easier for the ultra-wealthy to cheat on their taxes,lateral (institution),Kevin McCarthy and 220 House Republicans,overlay,40400,7210944014474890538
democrats,20230322,When the very first bill House Republicans passed this year would protect ultra-wealthy tax cheats,lateral (institution),House Republicans,overlay,8459,7213207972464397614
democrats,20230322,You're joking.,lateral (institution),House Republicans,sound,8459,7213207972464397614
democrats,20230323,"When Republicans say they want to reduce federal debt, but their plan...",lateral (institution),Republicans,caption,24600,7213530034546543914
democrats,20230323,Backing a plan that would add $3 trillion to the deficit over the next decade,lateral (institution),Republicans,overlay,24600,7213530034546543914
democrats,20230331,Supporting proposals to gut Americans’ health care,lateral (institution),MAGA Republicans,overlay,14800,7216520653053250858
democrats,20230331,You sure about that?,lateral (institution),MAGA Republicans,sound,14800,7216520653053250858
democrats,20230406,extreme abortion ban,up (powerful figure),Michigan's 1931 abortion ban,caption,41700,7218974338622557482
democrats,20230406,I am about to slay three zombies with one pen.,up (powerful figure),Michigan's 1931 abortion ban,overlay,41700,7218974338622557482
democrats,20230413,They have no idea.,lateral (institution),GOP,caption,11400,7221400948051152171
democrats,20230413,"The GOP has no idea what it wants on the budget, but it’s definitely not that",lateral (institution),GOP,overlay,11400,7221400948051152171
democrats,20230419,"Oh, brother, this guy stinks!",up (powerful figure),Ron DeSantis,sound,6638,7223775443105615147
democrats,20230420,Don’t turn the White House into a Wes Anderson film,lateral (institution),Critics of the administration,overlay,240700,7224206043285441835
democrats,20230501,DARK BRANDON!!!,up (powerful figure),Political opponents/critics,overlay,847700,7228296096861228330
democrats,20230501,"I'm going to be fine with your jokes, but I'm not sure about Dark Brandon.",up (powerful figure),Political opponents/critics,speech,847700,7228296096861228330
democrats,20230505,I know that a lot of Republicans — their dream is to cut Social Security and Medicare.,lateral (institution),Republicans,overlay,16900,7229510770877402410
democrats,20230505,"if that's your dream, I'm your nightmare.",lateral (institution),Republicans,overlay,16900,7229510770877402410
democrats,20230505,"I know that a lot of Republicans, their dream is to cut Social Security and Medicare.",lateral (institution),Republicans,speech,16900,7229510770877402410
democrats,20230506,So why did they vote against a bill to increase mental health care in schools? 🤔,lateral (institution),House Republicans,overlay,52200,7230141180007435566
democrats,20230509,"I don't — I don't know him,",up (powerful figure),Ron DeSantis,overlay,14600,7231227106099825962
democrats,20230509,"men lie, women lie, but numbers don't.",up (powerful figure),Ron DeSantis,overlay,14600,7231227106099825962
democrats,20230511,Trump pulling out his receipts (lies),up (powerful figure),Donald Trump,overlay,35300,7231966461906996523
democrats,20230511,It's whack-a-doodle time.,up (powerful figure),Donald Trump,sound,35300,7231966461906996523
democrats,20230518,"He’s the problem, it’s him.",up (powerful figure),Donald Trump,caption,31900,7234644813902056750
democrats,20230518,It's me.,up (powerful figure),Donald Trump,overlay,31900,7234644813902056750
democrats,20230518,Hi!,up (powerful figure),Donald Trump,overlay,31900,7234644813902056750
democrats,20230518,"I'm the problem, it's me",up (powerful figure),Donald Trump,sound,31900,7234644813902056750
democrats,20230518,I'm the one that got rid of Roe v. Wade.,up (powerful figure),Donald Trump,overlay,31900,7234644813902056750
democrats,20230520,tells us most of these men don't even understand how a woman's body works.,up (powerful figure),Men who support six-week abortion bans,speech,32500,7235313033763982634
democrats,20230525,Flop.,up (powerful figure),Ron DeSantis,caption,167700,7236906798060588334
democrats,20230525,Much-hyped Ron DeSantis presidential announcement a disaster on Twitter,up (powerful figure),Ron DeSantis,overlay,167700,7236906798060588334
democrats,20230525,And nothing can go wrong! Oh no! It all went wrong!,up (powerful figure),Ron DeSantis,sound,167700,7236906798060588334
democrats,20230527,I keep my side of the street clean You wouldn't know what I mean,lateral (institution),Republican Party,sound,16200,7237968292038610218
democrats,20230529,Dark Brandon slay.,up (powerful figure),political opponents,caption,12000,7238640651540204842
democrats,20230529,We are in the fight against malarkey all year long,up (powerful figure),political opponents,overlay,12000,7238640651540204842
democrats,20230602,aren’t you the guy who helped overturn Roe v. Wade?,up (powerful figure),Donald Trump,overlay,27900,7239890265333583150
democrats,20230602,Donald Trump's honest reaction:,up (powerful figure),Donald Trump,overlay,27900,7239890265333583150
democrats,20230626,Vanquishing Malarkey,up (powerful figure),malarkey,caption,12100,7249007662355172654
democrats,20230626,Trump talks.,up (powerful figure),Donald Trump,caption,12300,7249071654129700139
democrats,20230626,The last guy talked about infrastructure for years...,up (powerful figure),Donald Trump,overlay,12300,7249071654129700139
democrats,20230627,Republicans after receiving PPP loans but not supporting student debt relief,lateral (institution),Republican Party,overlay,19800,7249515938108820778
democrats,20230627,Switching Sides,lateral (institution),Republican Party,sound,19800,7249515938108820778
democrats,20230627,Be so for real,lateral (institution),Republican Party,caption,19800,7249515938108820778
democrats,20230706,This guy is the only modern president to leave office with fewer jobs than when he took office,up (powerful figure),Donald Trump,overlay,40100,7252808166528896298
democrats,20230710,No.,lateral (institution),Republican Party,sound,26900,7254000464369405227
democrats,20230710,I said no.,lateral (institution),Republican Party,sound,26900,7254000464369405227
democrats,20230710,I don't want to.,lateral (institution),Republican Party,sound,26900,7254000464369405227
democrats,20230716,Dark Brandon slay,other,,caption,2000000,7256474423836904746
democrats,20230716,What the hell is a blizzard?,up (powerful figure),Donald Trump,overlay,2000000,7256474423836904746
democrats,20230716,Dark Brandon serve 😎🍦,up (powerful figure),Donald Trump,overlay,2000000,7256474423836904746
democrats,20230718,Flop era,up (powerful figure),Ron DeSantis,caption,54600,7257229255333989675
democrats,20230718,can we skip to the good part? 🥺,up (powerful figure),Ron DeSantis,overlay,54600,7257229255333989675
democrats,20230718,DeSantis campaign sheds staff amid cash crunch,up (powerful figure),Ron DeSantis,overlay,54600,7257229255333989675
democrats,20230718,DeSantis' fundraising report shows signs of strength and real spots of trouble,up (powerful figure),Ron DeSantis,overlay,54600,7257229255333989675
democrats,20230718,Ron DeSantis fires roughly a dozen staffers in a campaign shake-up,up (powerful figure),Ron DeSantis,overlay,54600,7257229255333989675
democrats,20230718,‘A long slog’: Inside DeSantis’s early struggles and effort to rebound,up (powerful figure),Ron DeSantis,overlay,54600,7257229255333989675
democrats,20230719,We approve this message.,up (powerful figure),Marjorie Taylor Greene,caption,2300000,7257334413481102635
democrats,20230803,I like my coffee dark.,up (powerful figure),Political opponents / critics,speech,3100000,7263193088623988010
democrats,20230824,TAX CUTS FOR YACHT OWNERS?,lateral (institution),Republican Party,overlay,73800,7270913742928432426
democrats,20230824,"GOOD LUCK WITH THAT, CHAMP.",lateral (institution),Republican Party,overlay,73800,7270913742928432426
democrats,20230824,"GET REAL, JACK.",lateral (institution),Republican Party,overlay,73800,7270913742928432426
democrats,20230824,I'M BRINGING ROE BACK.,lateral (institution),Republican Party,overlay,73800,7270913742928432426
democrats,20230824,I THINK THESE REPUBLICANS ARE ABOUT TO FIND OUT.,lateral (institution),Republican Party,overlay,73800,7270913742928432426
democrats,20230824,MALARKEY'S COME TO TOWN.,lateral (institution),Republican Party,overlay,73800,7270913742928432426
democrats,20230824,MAGA Extremist,up (powerful figure),"Mike Pence, Ron DeSantis, Nikki Haley, Vivek Ramaswamy, and Tim Scott",overlay,134800,7271021704011320619
democrats,20230824,Choose your character!,up (powerful figure),The Republican primary candidates,sound,134800,7271021704011320619
democrats,20230826,raise your hand if you're a MAGA extremist 😒✋,up (powerful figure),Republican presidential candidates,overlay,52600,7271439132574911787
democrats,20230828,"Change your shirt, bruh, first of all I look good in this shirt, and second of all I look good in this shirt, and third of all I look good in this shirt, so tell me I don't look good in this",own-side (gloat),Critics of Joe Biden,sound,28200,7272428170048032046
democrats,20230831,Trump talked. Biden delivered.,up (powerful figure),Donald Trump,caption,46500,7273506927139687726
democrats,20230831,"After meeting with pharma lobbyists, Trump drops promise to negotiate drug prices",up (powerful figure),Donald Trump,overlay,46500,7273506927139687726
democrats,20230831,And admit you're in danger.,up (powerful figure),MAGA supporters,sound,17900,7273567279865023787
democrats,20230831,Who are you talking to right now?,up (powerful figure),MAGA supporters,sound,17900,7273567279865023787
democrats,20230913,We see right through Kevin McCarthy.,up (powerful figure),Kevin McCarthy,caption,40900,7278316106119466283
democrats,20230913,"Oh my God, really?",up (powerful figure),Kevin McCarthy's impeachment inquiry,speech,40900,7278316106119466283
democrats,20230913,"Oh my gosh, you know, oh, it's devastating.",up (powerful figure),Kevin McCarthy's impeachment inquiry,speech,40900,7278316106119466283
democrats,20230913,"Ooh, don't do it. Please, don't do it.",up (powerful figure),Kevin McCarthy's impeachment inquiry,speech,40900,7278316106119466283
democrats,20230913,"Oh no, oh no.",up (powerful figure),Kevin McCarthy's impeachment inquiry,speech,40900,7278316106119466283
democrats,20230913,"Once again, Kevin McCarthy doesn’t have the votes.",up (powerful figure),Kevin McCarthy,caption,23800,7278353231284309294
democrats,20230913,"I crashed my car into the bridge I don't care, I love it",up (powerful figure),Kevin McCarthy,sound,23800,7278353231284309294
democrats,20230914,extreme MAGA base,up (powerful figure),Donald Trump's supporters,caption,40700,7278810386248387883
democrats,20230914,MAGA Republican,up (powerful figure),Republican presidential candidates,overlay,40700,7278810386248387883
democrats,20230914,who's the OG MAGA extremist 🤨,up (powerful figure),Donald Trump,overlay,40700,7278810386248387883
democrats,20230915,Dark Brandon,up (powerful figure),political opponents,overlay,25800,7279052648161021227
democrats,20230917,Extremely rare Gaetz W.,up (powerful figure),Matt Gaetz,caption,34900,7279911963981778219
democrats,20230917,"Kevin McCarthy Is a Sad, Pathetic Man Who Lies To Hold Onto Power",up (powerful figure),Kevin McCarthy,overlay,34900,7279911963981778219
democrats,20230917,KEVIN MCCARTHY IS PATHETIC,up (powerful figure),Kevin McCarthy,overlay,34900,7279911963981778219
democrats,20230917,Heartbreaking: The Worst Person You Know Just Made A Great Point,up (powerful figure),Matt Gaetz,overlay,34900,7279911963981778219
democrats,20230919,No Malarkey found in this mug.,up (powerful figure),Donald Trump,caption,1500000,7280660174178618670
democrats,20230919,But he won't.,up (powerful figure),Donald Trump,overlay,1500000,7280660174178618670
democrats,20230921,"Time to unpin that tweet, Kevin McCarthy.",up (powerful figure),Kevin McCarthy,caption,85300,7281416167120489770
democrats,20230921,I never quit.,up (powerful figure),Kevin McCarthy,overlay,85300,7281416167120489770
democrats,20230921,Never back down,up (powerful figure),Kevin McCarthy,sound,85300,7281416167120489770
democrats,20230921,Never give up,up (powerful figure),Kevin McCarthy,sound,85300,7281416167120489770
democrats,20230927,"If there’s a government shut down, you can thank House Republicans.",lateral (institution),House Republicans,caption,23200,7283521737717845278
democrats,20230927,Republicans getting ready to shut down the government over partisan demands,lateral (institution),Republicans,overlay,23200,7283521737717845278
democrats,20230927,"You do whatever you like. We can't condone anything of the sort. No, we can't.",lateral (institution),Republicans,sound,23200,7283521737717845278
democrats,20230927,DeSaster.,up (powerful figure),Ron DeSantis,caption,423100,7283622128736357662
democrats,20230927,20 painful seconds of Ron DeSantis being Ron DeSantis,up (powerful figure),Ron DeSantis,overlay,423100,7283622128736357662
democrats,20230927,DESANTIS FOR PRESIDENT,up (powerful figure),Ron DeSantis,overlay,423100,7283622128736357662
democrats,20230927,why are you weird why are you this way,up (powerful figure),Ron DeSantis,sound,67200,7283653412070100254
democrats,20230928,"Don't compare me to the Almighty, compare me to the alternative.",up (powerful figure),the alternative,speech,76600,7283675788833033503
democrats,20230928,Our MAGA opponents on the debate stage want to raise costs for working families in order to protect special interests and the ultra-wealthy.,up (powerful figure),MAGA opponents,speech,76600,7283675788833033503
democrats,20230928,Unbearable.,up (powerful figure),The Republican candidates debating,caption,52300,7283719613618097439
democrats,20230928,the sound in my head while listening to these MAGA extremists go at it 😬,up (powerful figure),The Republican candidates debating,overlay,52300,7283719613618097439
democrats,20230928,What was I made for?,up (powerful figure),Republican presidential candidates,sound,283900,7283955922316102942
democrats,20230928,"not to be president, that's for sure.",up (powerful figure),Republican presidential candidates,overlay,283900,7283955922316102942
democrats,20230929,I like my coffee dark.,up (powerful figure),political opponents,overlay,58800,7284333757694283038
democrats,20231003,The end of a short era.,up (powerful figure),Kevin McCarthy,caption,536600,7285861592821026078
democrats,20231003,the day the music died.,up (powerful figure),Kevin McCarthy,overlay,536600,7285861592821026078
democrats,20231003,making him the shortest-serving since 1876.,up (powerful figure),Kevin McCarthy,overlay,536600,7285861592821026078
democrats,20231003,The day the music died and they were singing bye-bye,up (powerful figure),Kevin McCarthy,sound,536600,7285861592821026078
democrats,20231003,Oof.,up (powerful figure),Kevin McCarthy,caption,90000,7285875710231694622
democrats,20231003,"After 15 tries, Kevin McCarthy secured himself the title of Speaker of the House by handing power over to the most extreme MAGA Republicans.",up (powerful figure),Kevin McCarthy,overlay,90000,7285875710231694622
democrats,20231003,McCarthy making history: most votes to become Speaker then proceeds to lose his job in record time,up (powerful figure),Kevin McCarthy,overlay,90000,7285875710231694622
democrats,20231004,"Hi, this is Kevin McCarthy!",up (powerful figure),Kevin McCarthy,overlay,1300000,7285893225229946143
democrats,20231004,Before my party ousted me as Speaker 😜,up (powerful figure),Kevin McCarthy,overlay,1300000,7285893225229946143
democrats,20231004,After my party ousted me as Speaker 😥,up (powerful figure),Kevin McCarthy,overlay,1300000,7285893225229946143
democrats,20231004,The generation of conservative flops.,up (powerful figure),"Paul Ryan, Eric Cantor, and Kevin McCarthy",caption,263200,7286208375937830175
democrats,20231004,"It took McCarthy 15 votes to become speaker, only to be ousted 269 days later.",up (powerful figure),Kevin McCarthy,overlay,263200,7286208375937830175
democrats,20231004,Ryan tried to repeal the Affordable Care Act and failed.,up (powerful figure),Paul Ryan,overlay,263200,7286208375937830175
democrats,20231004,"He announced his retirement in 2018, and Republicans lost 41 seats that year.",up (powerful figure),Paul Ryan,overlay,263200,7286208375937830175
democrats,20231004,"Cantor lost his bid for reelection in a primary, and resigned as House majority leader.",up (powerful figure),Eric Cantor,overlay,263200,7286208375937830175
democrats,20231004,I got guns in my head and they won't go,up (powerful figure),"Paul Ryan, Eric Cantor, and Kevin McCarthy",sound,263200,7286208375937830175
democrats,20231004,Remembering McCarthy’s Speakership (2023-2023) 🙏,up (powerful figure),Kevin McCarthy,caption,1300000,7286256646769216798
democrats,20231004,Begging for support from extreme MAGA Republicans,up (powerful figure),Kevin McCarthy,overlay,1300000,7286256646769216798
democrats,20231004,Losing 14 votes for speaker of the House,up (powerful figure),Kevin McCarthy,overlay,1300000,7286256646769216798
democrats,20231004,Finally winning the speakership after handing over control to MAGA Republicans,up (powerful figure),Kevin McCarthy,overlay,1300000,7286256646769216798
democrats,20231004,...but caved to President Biden,up (powerful figure),Kevin McCarthy,overlay,1300000,7286256646769216798
democrats,20231004,House Republicans plunging into chaos,lateral (institution),House Republicans,overlay,1300000,7286256646769216798
democrats,20231004,Losing the speakership after 269 days,up (powerful figure),Kevin McCarthy,overlay,1300000,7286256646769216798
democrats,20231004,But never thought I'd walk away With so much joy,up (powerful figure),Kevin McCarthy,sound,1300000,7286256646769216798
democrats,20231005,That's above my pay grade.,lateral (institution),Republican Party,overlay,453600,7286488501971963167
democrats,20231005,McCarthy could never.,up (powerful figure),Kevin McCarthy,caption,242400,7286551342380764446
democrats,20231005,I'm just better than you,up (powerful figure),Kevin McCarthy,sound,242400,7286551342380764446
democrats,20231005,MAGA Republicans offer nothing but chaos.,lateral (institution),MAGA Republicans,caption,133300,7286595350389935391
democrats,20231005,Bring it on.,up (powerful figure),Kevin McCarthy,overlay,133300,7286595350389935391
democrats,20231005,✨MAGA Legacy✨,up (powerful figure),MAGA,overlay,133300,7286595350389935391
democrats,20231005,"McCarthy's Speakership
2023-2023🙏",up (powerful figure),Kevin McCarthy,overlay,133300,7286595350389935391
democrats,20231005,Cause karma is my boyfriend,up (powerful figure),Kevin McCarthy,sound,133300,7286595350389935391
democrats,20231006,McCarthy making history🤡✨🤭💅,up (powerful figure),Kevin McCarthy,caption,1500000,7286864251380059423
democrats,20231006,and some become the first speaker to ever be removed,up (powerful figure),Kevin McCarthy,overlay,1500000,7286864251380059423
democrats,20231011,Latest job numbers leave Republican leaders literally speechless,up (powerful figure),Republican leaders,overlay,35800,7288819222455667999
democrats,20231011,🦗🦗🦗,up (powerful figure),Republican leaders,caption,35800,7288819222455667999
democrats,20231013,Republicans in disarray.,lateral (institution),Republican Party,caption,75500,7289538044179287327
democrats,20231013,#GirlMath,lateral (institution),Republican Party,overlay,75500,7289538044179287327
democrats,20231013,"RIP Steve Scalise's speakership (October 11, 2023-October 12, 2023)",up (powerful figure),Steve Scalise,overlay,75500,7289538044179287327
democrats,20231013,"So many dreams, so many plans",up (powerful figure),Steve Scalise,sound,75500,7289538044179287327
democrats,20231013,While House Republicans remain divided...,lateral (institution),House Republicans,overlay,696200,7289563531274423582
democrats,20231016,A Republican member of Congress,lateral (institution),Republican member of Congress,overlay,129600,7290380328898710815
democrats,20231016,G🤡P,lateral (institution),GOP,caption,129600,7290380328898710815
democrats,20231017,L,up (powerful figure),Donald Trump,caption,1800000,7290984402627087646
democrats,20231017,we're glad you lost,up (powerful figure),Donald Trump,overlay,1800000,7290984402627087646
democrats,20231017,House Republican leadership got nothing on Speaker Emerita Pelosi💅,up (powerful figure),House Republican leadership,caption,56600,7291006378028715295
democrats,20231017,"Once again, the world has proven anything you can do, I can be better.",up (powerful figure),House Republican leadership,sound,56600,7291006378028715295
democrats,20231017,MALARKEY ENDS HERE.,up (powerful figure),Truth Social,overlay,59400,7291024047255702814
democrats,20231017,"We just joined Truth Social, mostly because we thought it would be very funny.",up (powerful figure),Truth Social,overlay,59400,7291024047255702814
democrats,20231017,Follow us there for truths and retruths or whatever they call them,up (powerful figure),Truth Social,overlay,59400,7291024047255702814
democrats,20231017,"'There's very little 'truth' happening on Truth Social, but at least now it'll be a little fun,'",up (powerful figure),Truth Social,overlay,59400,7291024047255702814
democrats,20231017,You was trying too hard,up (powerful figure),Donald Trump,sound,59400,7291024047255702814
democrats,20231017,Time to troll with the truth🫡,up (powerful figure),Truth Social,caption,53100,7291042130108189982
democrats,20231017,"We just joined Truth Social, mostly because we thought it would be very funny.",up (powerful figure),Truth Social,overlay,53100,7291042130108189982
democrats,20231017,truths and retruths or whatever they call them,up (powerful figure),Truth Social,overlay,53100,7291042130108189982
democrats,20231017,Joe Biden pulling up to Truth Social with the truth,up (powerful figure),Truth Social,overlay,53100,7291042130108189982
democrats,20231017,Republicans still in disarray...,lateral (institution),Republican Party,caption,118200,7291072429173083422
democrats,20231017,"If I had a nickel for every time a Republican candidate for speaker lost on the first vote this year, I'd have two nickels! Which isn't a lot... But it's weird that it happened twice, right?",lateral (institution),Republican Party,overlay,118200,7291072429173083422
democrats,20231017,"If I had a nickel for every time I was doomed by a puppet, I'd have two nickels! Which isn't a lot, but it's weird that it happened twice, right?",lateral (institution),Republican Party,sound,118200,7291072429173083422
democrats,20231018,Same time tomorrow?,up (powerful figure),Republican leadership,caption,181600,7291097907921456414
democrats,20231018,lost the first vote for the speakership,up (powerful figure),Kevin McCarthy,overlay,181600,7291097907921456414
democrats,20231018,also lost the first vote for the speakership 🤡,up (powerful figure),Jim Jordan,overlay,181600,7291097907921456414
democrats,20231018,Flop.,up (powerful figure),Donald Trump,caption,114200,7291363516274052382
democrats,20231018,me when I raise taxes for the middle class and cut taxes for the rich,up (powerful figure),Donald Trump,overlay,114200,7291363516274052382
democrats,20231018,me when I leave office with the worst jobs record since the Great Depression,up (powerful figure),Donald Trump,overlay,114200,7291363516274052382
democrats,20231018,me after I take away reproductive rights from women,up (powerful figure),Donald Trump,overlay,114200,7291363516274052382
democrats,20231018,me after people get upset that I want to cut Social Security and Medicare,up (powerful figure),Donald Trump,overlay,114200,7291363516274052382
democrats,20231018,me targeting unions and sending jobs overseas,up (powerful figure),Donald Trump,overlay,114200,7291363516274052382
democrats,20231018,me realizing I inflated the national debt by trillions,up (powerful figure),Donald Trump,overlay,114200,7291363516274052382
democrats,20231018,Two for two...,up (powerful figure),Kevin McCarthy and Jim Jordan,caption,83400,7291412054076853534
democrats,20231018,lost the second vote for the speakership,up (powerful figure),Kevin McCarthy,overlay,83400,7291412054076853534
democrats,20231018,also lost the second vote for the speakership 🤣,up (powerful figure),Jim Jordan,overlay,83400,7291412054076853534
democrats,20231018,I ache for him. 😏,up (powerful figure),Jim Jordan,overlay,72800,7291420945842064670
democrats,20231018,No. Zero. None.,up (powerful figure),Jim Jordan,speech,72800,7291420945842064670
democrats,20231019,House Republicans when they realize there's more to their job description than just fighting over who is going to be speaker,lateral (institution),House Republicans,overlay,215000,7291779445927578910
democrats,20231020,House Republicans are still causing chaos🙄,lateral (institution),House Republicans,caption,196700,7292128721341893919
democrats,20231020,you need to know how to count votes in order to select a speaker,lateral (institution),House Republicans,overlay,196700,7292128721341893919
democrats,20231020,I didn't know that I just telling me now for the first time,lateral (institution),House Republicans,speech,196700,7292128721341893919
democrats,20231024,G🤡P can’t choose a leader…,lateral (institution),House Republicans,caption,847000,7293557546017672478
democrats,20231024,every now and then I fall apart,lateral (institution),House Republicans,sound,847000,7293557546017672478
democrats,20231025,House Republicans are dysfunctional.,lateral (institution),House Republicans,caption,84100,7293966255713815838
democrats,20231025,if winning an election to be speaker of the House becomes illegal,up (powerful figure),"Kevin McCarthy, Jim Jordan, Steve Scalise, and Tom Emmer",overlay,84100,7293966255713815838
democrats,20231027,Mike Johnson is Republicans’ new MAGA House speaker.,up (powerful figure),Mike Johnson,caption,78000,7294425308034272555
democrats,20231027,everybody keeps saying Mike Johnson is a MAGA extremist,up (powerful figure),Mike Johnson,overlay,78000,7294425308034272555
democrats,20231027,probably because he is a MAGA extremist,up (powerful figure),Mike Johnson,overlay,78000,7294425308034272555
democrats,20231031,"Wrong city, wrong state, wrong pick for president.",up (powerful figure),Donald Trump,caption,28200,7295950799107018026
democrats,20231031,While the last guy was only up to tricks,up (powerful figure),Donald Trump,overlay,123200,7296216090831801646
democrats,20231101,"GOP Speaker Mike Johnson, everybody…",up (powerful figure),Mike Johnson,caption,46900,7296354324144475438
democrats,20231101,"Republican Speaker of the House Mike Johnson says America's problems today are because ""we didn't maintain 18th century values""",up (powerful figure),Mike Johnson,overlay,46900,7296354324144475438
democrats,20231101,Oh you bigot!,up (powerful figure),Mike Johnson,overlay,46900,7296354324144475438
democrats,20231101,Can't you be a little more open-minded?,up (powerful figure),Mike Johnson,overlay,46900,7296354324144475438
democrats,20231101,"Come on that's so like — 18th century, you know?",up (powerful figure),Mike Johnson,overlay,46900,7296354324144475438
democrats,20231102,Is Donald Trump okay?,up (powerful figure),Donald Trump,caption,57200,7296932935758826798
democrats,20231102,*Confused*,up (powerful figure),Donald Trump,overlay,57200,7296932935758826798
democrats,20231102,He is the leader of... right?,up (powerful figure),Donald Trump,overlay,57200,7296932935758826798
democrats,20231102,He's the leader of Turkey.,up (powerful figure),Donald Trump,overlay,57200,7296932935758826798
democrats,20231102,Viktor Orbán. [PM of Hungary],up (powerful figure),Donald Trump,overlay,57200,7296932935758826798
democrats,20231102,*Slurring*,up (powerful figure),Donald Trump,overlay,57200,7296932935758826798
democrats,20231102,"Sioux Falls, thank you very much, Sioux Falls.",up (powerful figure),Donald Trump,overlay,57200,7296932935758826798
democrats,20231102,"It's Sioux City, not Sioux Falls.",up (powerful figure),Donald Trump,overlay,57200,7296932935758826798
democrats,20231102,"Oh it's— Oh, is that right?",up (powerful figure),Donald Trump,overlay,57200,7296932935758826798
democrats,20231102,"So, Sioux City.",up (powerful figure),Donald Trump,overlay,57200,7296932935758826798
democrats,20231102,Hezbollah and “Hommus.”,up (powerful figure),Donald Trump,overlay,57200,7296932935758826798
democrats,20231102,Communists and “markers.”,up (powerful figure),Donald Trump,overlay,57200,7296932935758826798
democrats,20231102,to buy a loaf of bread.,up (powerful figure),Donald Trump,overlay,57200,7296932935758826798
democrats,20231102,We're “drownding” in this water you're sending us.,up (powerful figure),Donald Trump,overlay,57200,7296932935758826798
democrats,20231102,Obama wants to—,up (powerful figure),Donald Trump,overlay,57200,7296932935758826798
democrats,20231102,"Well, you mean President Biden. So, uh...",up (powerful figure),Donald Trump,overlay,57200,7296932935758826798
democrats,20231106,MAGA Mike Johnson's Roman Empire...,up (powerful figure),Mike Johnson,overlay,59200,7298370034378853674
democrats,20231106,Mike Johnson once blamed homosexuality for the fall of the Roman Empire,up (powerful figure),Mike Johnson,overlay,59200,7298370034378853674
democrats,20231108,voters are rejecting extremist plans to ban abortion.,up (powerful figure),Opponents of abortion rights,overlay,96700,7299109615025949998
democrats,20231108,"It proves that not only is it bad policy, it is bad politics.",up (powerful figure),Opponents of abortion rights,overlay,96700,7299109615025949998
democrats,20231108,extremist leaders still want a national abortion ban.,up (powerful figure),Political leaders who want a national abortion ban,overlay,96700,7299109615025949998
democrats,20231108,IF IT'S NOT YOUR BODY IT'S NOT YOUR CHOICE,up (powerful figure),Opponents of abortion rights,overlay,96700,7299109615025949998
democrats,20231108,DON'T LIKE ABORTION? THEN DON'T GET ONE!!,up (powerful figure),Opponents of abortion rights,overlay,96700,7299109615025949998
democrats,20231109,REPUBLICANS IN CONGRESS NEVER DO ANYTHING... WE FAIL THE AMERICAN PEOPLE,lateral (institution),Republicans in Congress,overlay,35300,7299249697091259691
democrats,20231109,Republican voters across the country are sick and tired of Republicans because they never do anything.,lateral (institution),Republicans,overlay,35300,7299249697091259691
democrats,20231109,Republicans go out on the campaign trail and go on TV and do their five minute hearing videos and post up on social media and say all this garbage.,lateral (institution),Republicans,overlay,35300,7299249697091259691
democrats,20231109,I feel like many of the American people that think that Republicans in Congress completely fail them.,lateral (institution),Republicans in Congress,overlay,35300,7299249697091259691
democrats,20231109,in a 20-mile radius of a military base lobbied for by one of your donors.,up (powerful figure),Ron DeSantis,speech,12700,7299280243645336875
democrats,20231109,👁️🫦👁️,up (powerful figure),Ron DeSantis,caption,12700,7299280243645336875
democrats,20231109,the Republican Party has become “a party of losers.”,lateral (institution),Republican Party,overlay,80300,7299290174289104170
democrats,20231109,We've become a party of losers at the end of the day.,lateral (institution),Republican Party,speech,80300,7299290174289104170
democrats,20231109,There's a cancer in the Republican establishment.,up (powerful figure),Republican establishment,overlay,80300,7299290174289104170
democrats,20231109,no red wave that never came,lateral (institution),Republican Party,speech,80300,7299290174289104170
democrats,20231109,We got trounced last night in 2023.,lateral (institution),Republican Party,speech,80300,7299290174289104170
democrats,20231109,Red flags.,lateral (institution),Republican Party,caption,40200,7299317698079542570
democrats,20231109,EVERY GOP presidential candidate is a MAGA extremist,up (powerful figure),Republican presidential candidates,overlay,40200,7299317698079542570
democrats,20231115,2020: did we make it to a second term? no❤️,up (powerful figure),Donald Trump and Mike Pence,overlay,334500,7301806450966449454
democrats,20231120,Fly was a paid actor.,up (powerful figure),Mike Pence,caption,101400,7303591401688812830
democrats,20231120,this debate can't get any worse for me,up (powerful figure),Mike Pence,overlay,101400,7303591401688812830
democrats,20231120,it might seem crazy what I'm about to say...,up (powerful figure),Mike Pence,overlay,101400,7303591401688812830
democrats,20231121,Not under my watch.,up (powerful figure),Donald Trump,overlay,390800,7303728572777418015
democrats,20231121,Malarkey. Check out the 2022 and 2025 election results.,lateral (institution),Republicans,overlay,390800,7303728572777418015
democrats,20231128,House Republicans when they have to stop infighting and start doing actual work,lateral (institution),House Republicans,overlay,57800,7306574331809697067
democrats,20231128,What do they do all day besides stirring the pot with each other?,lateral (institution),House Republicans,caption,57800,7306574331809697067
democrats,20231129,MAGA extremists 😩,lateral (institution),Republican Party,overlay,59100,7306920269581700398
democrats,20231129,House Republicans’ 2023 accomplishments: literally nothing.,lateral (institution),House Republicans,caption,309600,7307007849782070574
democrats,20231129,McCarthy begged MAGA extremists to make him speaker,up (powerful figure),Kevin McCarthy,overlay,309600,7307007849782070574
democrats,20231129,McCarthy became speaker after 15 votes,up (powerful figure),Kevin McCarthy,overlay,309600,7307007849782070574
democrats,20231129,McCarthy threatened to default on our national debt but caved to President Biden,up (powerful figure),Kevin McCarthy,overlay,309600,7307007849782070574
democrats,20231129,Threatened to shut down the government,lateral (institution),House Republicans,overlay,309600,7307007849782070574
democrats,20231129,Plunged into chaos and ousted McCarthy as speaker,lateral (institution),House Republicans,overlay,309600,7307007849782070574
democrats,20231129,Multiple failed attempts of House Republicans trying to become speaker...,lateral (institution),House Republicans,overlay,309600,7307007849782070574
democrats,20231129,Finally settled with MAGA Mike Johnson as speaker 😩,up (powerful figure),Mike Johnson,overlay,309600,7307007849782070574
democrats,20231129,I want my Republican colleagues to give me one thing. One. That I can go campaign on and say we did. One.,lateral (institution),House Republicans,overlay,309600,7307007849782070574
democrats,20231129,"And with that, the 2023 season comes to an end. Good night.",lateral (institution),House Republicans,sound,309600,7307007849782070574
democrats,20231130,"You called for a national abortion ban 783,204 minutes this year.",up (powerful figure),Donald Trump,overlay,135400,7307060623513226538
democrats,20231130,"You called for cutting Americans' health care 539,213 minutes this year.",up (powerful figure),Donald Trump,overlay,135400,7307060623513226538
democrats,20231130,"With all due respect, when anyone who has had the experience that he has most recently had, I don't think he's a judge of negotiations.",up (powerful figure),Kevin McCarthy,speech,181100,7307355599086292266
democrats,20231201,Smiling through the pain.,up (powerful figure),Ron DeSantis,caption,140600,7307455804213300523
democrats,20231201,So you can out-Trump Trump.,up (powerful figure),Ron DeSantis,speech,140600,7307455804213300523
democrats,20231201,"And by the way, how's that going for you, Ron?",up (powerful figure),Ron DeSantis,speech,140600,7307455804213300523
democrats,20231201,You're down 41 points in your own home state.,up (powerful figure),Ron DeSantis,speech,140600,7307455804213300523
democrats,20231201,Ron: 😀😐😛,up (powerful figure),Ron DeSantis,caption,454200,7307648331809885486
democrats,20231201,Debating Gavin Newsom did not go how Ron DeSantis hoped,up (powerful figure),Ron DeSantis,overlay,454200,7307648331809885486
democrats,20231201,until you're down 41 points in your own home state,up (powerful figure),Ron DeSantis,speech,454200,7307648331809885486
democrats,20231201,Frolic (Curb Your Enthusiasm Theme),up (powerful figure),Ron DeSantis,sound,454200,7307648331809885486
democrats,20231201,"as you smile and smirk over there,",up (powerful figure),Ron DeSantis,speech,96000,7307699174248598826
democrats,20231201,Here's a guy who celebrated Bidenomics just this week.,up (powerful figure),Ron DeSantis,speech,96000,7307699174248598826
democrats,20231201,the day the music died.,up (powerful figure),George Santos,overlay,757300,7307718511583923498
democrats,20231201,The scandal-plagued Republican has finally been expelled.,up (powerful figure),George Santos,overlay,757300,7307718511583923498
democrats,20231201,and they were singing bye-bye,up (powerful figure),George Santos,sound,757300,7307718511583923498
democrats,20231204,Trump golfing,up (powerful figure),Donald Trump,overlay,67800,7308529225399553326
democrats,20231204,💋💋💋,up (powerful figure),Donald Trump,overlay,67800,7308529225399553326
democrats,20231204,(2023-2023),up (powerful figure),George Santos,caption,257600,7308755749784538410
democrats,20231204,Attempted to flee from his constant lies,up (powerful figure),George Santos,overlay,257600,7308755749784538410
democrats,20231204,Investigated for fraud and campaign finance violations,up (powerful figure),George Santos,overlay,257600,7308755749784538410
democrats,20231204,And refused to resign,up (powerful figure),George Santos,overlay,257600,7308755749784538410
democrats,20231204,Didn't pass any legislation,up (powerful figure),George Santos,overlay,257600,7308755749784538410
democrats,20231204,Fighting for his life on the House floor,up (powerful figure),George Santos,overlay,257600,7308755749784538410
democrats,20231204,House voting to expel Santos from the House,up (powerful figure),George Santos,overlay,257600,7308755749784538410
democrats,20231204,Santos running out of the House before he's officially ousted,up (powerful figure),George Santos,overlay,257600,7308755749784538410
democrats,20231204,Locks being changed in Santos's former office,up (powerful figure),George Santos,overlay,257600,7308755749784538410
democrats,20231204,"So many dreams, so many plans",up (powerful figure),George Santos,sound,257600,7308755749784538410
democrats,20231204,"Hi, this is George Santos!",up (powerful figure),George Santos,overlay,462900,7308790992402992430
democrats,20231204,Before I got expelled by my own party,up (powerful figure),George Santos,overlay,462900,7308790992402992430
democrats,20231204,After I got expelled by my own party,up (powerful figure),George Santos,overlay,462900,7308790992402992430
democrats,20231207,Zero. The number is zero.,lateral (institution),Republican Party,caption,27400,7309883423194090794
democrats,20231207,0 TIMES ANY REPUBLICAN SAID TRUMP IS MENTALLY FIT FOR OFFICE,lateral (institution),Republican Party,overlay,27400,7309883423194090794
democrats,20231207,Is Trump fit or isn't he?,up (powerful figure),Ron DeSantis and Chris Christie,overlay,27400,7309883423194090794
democrats,20231207,Is he fit?,up (powerful figure),Ron DeSantis and Chris Christie,speech,27400,7309883423194090794
democrats,20231207,NIKKI = CORRUPT,up (powerful figure),Nikki Haley,overlay,33400,7309899788420631854
democrats,20231207,Heartbreaking: The Worst Person You Know Just Made A Great Point,up (powerful figure),Vivek Ramaswamy,overlay,33400,7309899788420631854
democrats,20231208,What happened to never quitting?,up (powerful figure),Kevin McCarthy,caption,33500,7310342952075660586
democrats,20231208,A Look Back at the End of Kevin McCarthy's Career 🙏,up (powerful figure),Kevin McCarthy,overlay,33500,7310342952075660586
democrats,20231208,Begged extreme MAGA Republicans to vote for him for speaker,up (powerful figure),Kevin McCarthy,overlay,33500,7310342952075660586
democrats,20231208,Lost 14 votes for speaker of the House,up (powerful figure),Kevin McCarthy,overlay,33500,7310342952075660586
democrats,20231208,Finally winning the speakership after handing over control to MAGA Republicans,up (powerful figure),Kevin McCarthy,overlay,33500,7310342952075660586
democrats,20231208,...but caved to President Biden,up (powerful figure),Kevin McCarthy,overlay,33500,7310342952075660586
democrats,20231208,Got ousted as speaker by his own party after 269 days,up (powerful figure),Kevin McCarthy,overlay,33500,7310342952075660586
democrats,20231208,retiring before his term is up,up (powerful figure),Kevin McCarthy,overlay,33500,7310342952075660586
democrats,20231208,"In the arms of the angel, fly away from here",up (powerful figure),Kevin McCarthy,sound,33500,7310342952075660586
democrats,20231209,The “new generation” of conservative leaders signing off🫡,up (powerful figure),"Paul Ryan, Eric Cantor, and Kevin McCarthy",caption,50700,7310701306128354606
democrats,20231209,Took McCarthy 15 votes to become speaker.,up (powerful figure),Kevin McCarthy,overlay,50700,7310701306128354606
democrats,20231209,Then he got ousted by his own party.,up (powerful figure),Kevin McCarthy,overlay,50700,7310701306128354606
democrats,20231209,He's now retiring before his term is over.,up (powerful figure),Kevin McCarthy,overlay,50700,7310701306128354606
democrats,20231209,Ryan tried to repeal the ACA.,up (powerful figure),Paul Ryan,overlay,50700,7310701306128354606
democrats,20231209,Cantor lost his bid for reelection in a primary.,up (powerful figure),Eric Cantor,overlay,50700,7310701306128354606
democrats,20231209,I got guns in my head and they won't go,up (powerful figure),"Paul Ryan, Eric Cantor, and Kevin McCarthy",sound,50700,7310701306128354606
democrats,20240103,Ron:🧍‍♂️,up (powerful figure),Ron DeSantis,caption,110700,7319961119479565611
democrats,20240103,Ron DeSantis being a weirdo 😬🧍‍♂️😬🧍‍♂️😬,up (powerful figure),Ron DeSantis,overlay,110700,7319961119479565611
democrats,20240106,Donald Trump tried to overturn the will of the people on January 6,up (powerful figure),Donald Trump,caption,62100,7321043397345692971
democrats,20240106,This is Trump's America.,up (powerful figure),Donald Trump,overlay,62100,7321043397345692971
democrats,20240106,"""THERE WAS LOVE AND UNITY.""",up (powerful figure),Donald Trump,overlay,62100,7321043397345692971
democrats,20240106,Mike Pence didn't have the courage to do what should have been done to protect our Country and our Constitution,up (powerful figure),Donald Trump,overlay,62100,7321043397345692971
democrats,20240106,"JANUARY SIXTH, SEE YOU IN DC!",up (powerful figure),Donald Trump,overlay,62100,7321043397345692971
democrats,20240106,"I call them the J6 hostages, not prisoners, I call them the hostages.",up (powerful figure),Donald Trump,speech,62100,7321043397345692971
democrats,20240106,It was a beautiful day.,up (powerful figure),Donald Trump,speech,62100,7321043397345692971
democrats,20240106,January 6 was not a “beautiful day.”,up (powerful figure),Donald Trump,caption,578400,7321059977953643819
democrats,20240106,the most beautiful day they've ever experienced.,up (powerful figure),Donald Trump,overlay,578400,7321059977953643819
democrats,20240106,There was love in that crowd.,up (powerful figure),Donald Trump,overlay,578400,7321059977953643819
democrats,20240106,There was love and unity.,up (powerful figure),Donald Trump,overlay,578400,7321059977953643819
democrats,20240111,i ain't reading all that,up (powerful figure),Ron DeSantis,overlay,69900,7322681040265350442
democrats,20240111,i'm happy for u tho,up (powerful figure),Ron DeSantis,overlay,69900,7322681040265350442
democrats,20240111,or sorry that happened,up (powerful figure),Ron DeSantis,overlay,69900,7322681040265350442
democrats,20240111,Dark Brandon goes LOWER,up (powerful figure),Ron DeSantis,overlay,69900,7322681040265350442
democrats,20240111,"When they go low, I go lower",up (powerful figure),Ron DeSantis,sound,69900,7322681040265350442
democrats,20240121,it's kind of funny — all of these Republican candidates in the primary trying to beat Donald Trump,up (powerful figure),Republican candidates,overlay,825100,7326602489199856926
democrats,20240121,I'm still the only person to ever beat Donald Trump,up (powerful figure),Donald Trump,overlay,825100,7326602489199856926
democrats,20240121,Joe Biden is the only person who’s ever defeated Donald Trump.,up (powerful figure),Donald Trump,caption,825100,7326602489199856926
democrats,20240121,Nikki Haley is not Nancy Pelosi.,up (powerful figure),Donald Trump,caption,70900,7326637726881778990
democrats,20240121,he's going on and on mentioning me multiple times as to why I didn't handle January 6th better.,up (powerful figure),Donald Trump,speech,70900,7326637726881778990
democrats,20240121,Nikki Haley is in charge of security.,up (powerful figure),Donald Trump,speech,70900,7326637726881778990
democrats,20240121,I wasn't in office then.,up (powerful figure),Donald Trump,speech,70900,7326637726881778990
democrats,20240121,He got confused.,up (powerful figure),Donald Trump,speech,70900,7326637726881778990
democrats,20240121,You have voter ID to buy a loaf of bread.,up (powerful figure),Donald Trump,speech,70900,7326637726881778990
democrats,20240121,all the time now we see whales washing up on shore because of the wind.,up (powerful figure),Donald Trump,speech,70900,7326637726881778990
democrats,20240121,He got confused and said he was running against Obama.,up (powerful figure),Donald Trump,speech,70900,7326637726881778990
democrats,20240121,And we did with Obama. We won an election that everyone said couldn't be won.,up (powerful figure),Donald Trump,speech,70900,7326637726881778990
democrats,20240121,Don't put our country at risk like this.,up (powerful figure),Donald Trump,speech,70900,7326637726881778990
democrats,20240121,the day the music died.,up (powerful figure),Ron DeSantis,overlay,299400,7326685981183151402
democrats,20240121,bye-bye,up (powerful figure),Ron DeSantis,sound,299400,7326685981183151402
democrats,20240122,"That’s not it, Nikki Haley.",up (powerful figure),Nikki Haley,caption,53100,7326743809465896235
democrats,20240122,us after Nikki Haley says the retirement age needs to be raised,up (powerful figure),Nikki Haley,overlay,53100,7326743809465896235
democrats,20240209,My memory is so bad I let you speak.,up (powerful figure),unnamed FOX reporter,speech,1000000,7333423032872078635
democrats,20240213,Did you miss us? Because we missed you.,up (powerful figure),Political opponents,sound,130900,7335148451992456494
democrats,20240215,when your card declines at therapy,up (powerful figure),Donald Trump,overlay,1500000,7335924675286945067
democrats,20240215,so they bring up how you lost the 2020 election,up (powerful figure),Donald Trump,overlay,1500000,7335924675286945067
democrats,20240228,"“Mr. Vice President, I am speaking.”",up (powerful figure),Mike Pence,overlay,119800,7340478828420107562
democrats,20240306,selling shoes won't solve your problems,up (powerful figure),Donald Trump,overlay,84500,7343311609194057006
democrats,20240306,Lalalalala,up (powerful figure),Donald Trump,overlay,84500,7343311609194057006
democrats,20240306,"La, la, la, la, la",up (powerful figure),Donald Trump,sound,84500,7343311609194057006
democrats,20240308,accepting that I'm a loser and Joe Biden beat me in 2020,up (powerful figure),Donald Trump,overlay,68000,7344104599151775018
democrats,20240405,That's everything you need to know about Donald Trump.,up (powerful figure),Donald Trump,speech,69700,7354422158455475499
democrats,20240405,"When he thinks the cameras aren't on, he tells his rich friends, quote, we're going to give you tax cuts.",up (powerful figure),Donald Trump,speech,69700,7354422158455475499
democrats,20240405,This is his economic plan?,up (powerful figure),Donald Trump's economic plan,speech,69700,7354422158455475499
democrats,20240405,"Cutting taxes for his friends, cutting Social Security for you?",up (powerful figure),Donald Trump,speech,69700,7354422158455475499
democrats,20240405,The hypocrisy is just outrageous.,up (powerful figure),Donald Trump,speech,69700,7354422158455475499
democrats,20240405,"This is what he says to his billionaire friends, not quite what he's saying at his rallies.",up (powerful figure),Donald Trump,speech,69700,7354422158455475499
democrats,20240405,Asking his good buddies to begin to pay their fair share.,up (powerful figure),Donald Trump and his wealthy supporters,speech,69700,7354422158455475499
democrats,20240408,Trump's vision for the country is a glaring example.,up (powerful figure),Donald Trump,overlay,252700,7355476723078548778
democrats,20240408,Ha ha ha ha ha ha,up (powerful figure),Donald Trump,sound,252700,7355476723078548778
democrats,20240410,dark brandon 😎,up (powerful figure),political opponents,caption,39800,7356391769426201902
democrats,20240410,So I'll let him die,up (powerful figure),political opponents,sound,39800,7356391769426201902
democrats,20240422,she won’t stop talking about Trump’s abortion bans,lateral (institution),People who criticize Democrats for focusing on abortion rights,overlay,191400,7360769930523921707
democrats,20240425,DONALD TRUMP STILL THINKS WINDMILLS CAUSE CANCER,up (powerful figure),Donald Trump,overlay,1500000,7361617081713888555
democrats,20240425,JUST INJECT A LITTLE BLEACH IN YOUR VEINS,up (powerful figure),Donald Trump,overlay,1500000,7361617081713888555
democrats,20240425,HE MISSED IT ALL WENT TO HIS HAIR,up (powerful figure),Donald Trump,overlay,1500000,7361617081713888555
democrats,20240425,you wouldn't last an hour... in the asylum where they raised me,up (powerful figure),Donald Trump and his political circle,overlay,230800,7361863505902882094
democrats,20240515,I hear you're free on Wednesdays.,up (powerful figure),Donald Trump,speech,114700,7369223409428892970
democrats,20240520,will be busy watching Biden drag Trump again.,up (powerful figure),Donald Trump,overlay,473400,7371174304651808043
democrats,20240520,Will you shut up man?,up (powerful figure),Donald Trump,overlay,473400,7371174304651808043
democrats,20240521,Trump only cares about holding on to power.,up (powerful figure),Donald Trump,caption,63400,7371594956919541034
democrats,20240521,"""CREATION OF A UNIFIED REICH""",up (powerful figure),Donald Trump,overlay,63400,7371594956919541034
democrats,20240521,Is this on his official account?,up (powerful figure),Donald Trump,overlay,63400,7371594956919541034
democrats,20240521,"Wow. A ""unified Reich?""",up (powerful figure),Donald Trump,overlay,63400,7371594956919541034
democrats,20240521,He cares about holding on to power.,up (powerful figure),Donald Trump,overlay,63400,7371594956919541034
democrats,20240521,That's his language. That's not America's.,up (powerful figure),Donald Trump,speech,63400,7371594956919541034
democrats,20240528,Me? Obsessed with protecting abortion rights? Yes. 😎,up (powerful figure),Opponents of abortion rights,overlay,131200,7374094351997078826
democrats,20240531,Trump before he killed Roe v. Wade 😔,up (powerful figure),Donald Trump,overlay,62300,7375243184387018026
democrats,20240531,Trump after he stripped reproductive rights away from millions of women 🥰,up (powerful figure),Donald Trump,overlay,62300,7375243184387018026
democrats,20240606,You'll never get any climate legislation passed as president,up (powerful figure),Critics of President Biden's climate agenda,overlay,110100,7377482448109620522
democrats,20240606,Republicans can barely elect a speaker!,lateral (institution),Republicans,overlay,110100,7377482448109620522
democrats,20240606,We deserve a President who doesn’t escape his responsibilities ⛳️,up (powerful figure),Donald Trump,caption,713200,7377541413396843819
democrats,20240606,i hate it here so i will go to...,up (powerful figure),Donald Trump,overlay,713200,7377541413396843819
democrats,20240606,secret gardens in my mind,up (powerful figure),Donald Trump,overlay,713200,7377541413396843819
democrats,20240606,"I hate it here, so I will go to secret gardens in my mind",up (powerful figure),Donald Trump,sound,713200,7377541413396843819
democrats,20240609,"I ain't gonna lie, I'm peer-pressing him, just a little.",up (powerful figure),Donald Trump,sound,48600,7378626271976131882
democrats,20240709,I'd rather take my whiskey,up (powerful figure),Louisiana's new 'I Voted' sticker,overlay,583500,7389774947909995807
democrats,20240709,NEAT 🔥,up (powerful figure),Louisiana's new 'I Voted' sticker,overlay,583500,7389774947909995807
democrats,20240709,😮‍💨😮‍💨😮‍💨,up (powerful figure),Louisiana's new 'I Voted' sticker,overlay,583500,7389774947909995807
democrats,20240709,you're too sweet for me,up (powerful figure),Louisiana's new 'I Voted' sticker,sound,583500,7389774947909995807
democrats,20240716,lol Trump just picked his running mate,up (powerful figure),Donald Trump,overlay,720400,7392349852295892255
democrats,20240716,I'M A NEVER TRUMP GUY,up (powerful figure),JD Vance,overlay,720400,7392349852295892255
democrats,20240716,NEVER LIKED HIM,up (powerful figure),JD Vance,overlay,720400,7392349852295892255
democrats,20240716,TERRIBLE CANDIDATE,up (powerful figure),JD Vance,overlay,720400,7392349852295892255
democrats,20240716,IDIOT IF YOU VOTED FOR HIM,up (powerful figure),JD Vance,overlay,720400,7392349852295892255
democrats,20240716,That's what you said.,up (powerful figure),JD Vance,sound,720400,7392349852295892255
democrats,20240719,oh brother this guy stinks,up (powerful figure),Donald Trump,caption,225200,7393466645387201822
democrats,20240719,5 MINUTES LATER...,up (powerful figure),Donald Trump,overlay,225200,7393466645387201822
democrats,20240719,"MANY, MANY MINUTES LATER...",up (powerful figure),Donald Trump,overlay,225200,7393466645387201822
democrats,20240719,"3,000 WUP-POOS LATER...",up (powerful figure),Donald Trump,overlay,225200,7393466645387201822
democrats,20240719,MUCH LATER,up (powerful figure),Donald Trump,overlay,225200,7393466645387201822
democrats,20240719,"MUCH, MUCH, MUCH LATER",up (powerful figure),Donald Trump,overlay,225200,7393466645387201822
democrats,20240719,ONE DEBT TO SOCIETY LATER...,up (powerful figure),Donald Trump,overlay,225200,7393466645387201822
democrats,20240719,One Eternity Later,up (powerful figure),Donald Trump,overlay,225200,7393466645387201822
democrats,20240719,MOMENTS LATER...,up (powerful figure),Donald Trump,overlay,225200,7393466645387201822
democrats,20240721,✨GOP Core✨,lateral (institution),Republican Party,overlay,165700,7393874300014562590
democrats,20240730,Republicans Are Weird...,lateral (institution),Republican Party,overlay,75800,7397509319903743274
democrats,20240730,These are weird people,lateral (institution),Republican Party,overlay,75800,7397509319903743274
democrats,20240730,These are weird ideas.,lateral (institution),Republican Party,overlay,75800,7397509319903743274
democrats,20240730,[Trump moans],up (powerful figure),Donald Trump,overlay,75800,7397509319903743274
democrats,20240730,"These are weird, weird people",lateral (institution),Republican Party,overlay,75800,7397509319903743274
democrats,20240730,There's no health care plan.,lateral (institution),Republican Party,overlay,75800,7397509319903743274
democrats,20240730,It is built into their DNA.,lateral (institution),Republican Party,overlay,75800,7397509319903743274
democrats,20240730,These are weird people on the other side.,lateral (institution),Republican Party,speech,75800,7397509319903743274
democrats,20240730,"These are weird, weird, weird people.",lateral (institution),Republican Party,speech,75800,7397509319903743274
democrats,20240809,Tim Walz owned JD Vance,up (powerful figure),JD Vance,caption,16800,7401158036255034670
democrats,20240809,Tim Walz took down JD Vance,up (powerful figure),JD Vance,overlay,16800,7401158036255034670
democrats,20240809,These guys will do anything to lie and cover up their Project 2025 ties.,up (powerful figure),JD Vance and Project 2025 leaders,speech,16800,7401158036255034670
democrats,20240813,The Trump-Vance campaign is flopping,up (powerful figure),Donald Trump and J.D. Vance,caption,215000,7402683858967104811
democrats,20240813,Trump and Vance falling apart for 60 seconds,up (powerful figure),Donald Trump and J.D. Vance,overlay,215000,7402683858967104811
democrats,20240813,I am trying to buy your vote.,up (powerful figure),Donald Trump,speech,215000,7402683858967104811
democrats,20240813,I don't care about you. I just want your vote. I don't care.,up (powerful figure),Donald Trump,speech,215000,7402683858967104811
democrats,20240813,"The wind, it kills our birds.",up (powerful figure),Donald Trump,speech,215000,7402683858967104811
democrats,20240813,"That's very severe, that comb over.",up (powerful figure),Donald Trump,speech,215000,7402683858967104811
democrats,20240813,"If I took this shirt off, you'd see a beautiful, beautiful person.",up (powerful figure),Donald Trump,speech,215000,7402683858967104811
democrats,20240813,"Calling you weird, does that hurt your feelings?",up (powerful figure),JD Vance,speech,215000,7402683858967104811
democrats,20240813,And they laughed at me. I hate when people laugh at me. I hate it. I hate it.,up (powerful figure),Donald Trump,speech,215000,7402683858967104811
democrats,20240813,I think I'd have to sleep on the couch tonight.,up (powerful figure),Donald Trump,speech,215000,7402683858967104811
democrats,20240813,"If you don't like me, I'm not going to win.",up (powerful figure),Donald Trump,speech,215000,7402683858967104811
democrats,20240814,Them being weird,up (powerful figure),Donald Trump and J.D. Vance,overlay,152200,7402987614078422318
democrats,20240816,Trump's recklessness is a threat to us all,up (powerful figure),Donald Trump,overlay,22300,7403881982242884894
democrats,20240816,MAKE AMERICA GREAT AGAIN,up (powerful figure),Donald Trump,overlay,22300,7403881982242884894
democrats,20240816,VERY STABLE GENIUS,up (powerful figure),Donald Trump,overlay,22300,7403881982242884894
democrats,20240816,IF YOU WOULDN'T TRUST HIM WITH YOUR KID WHY WOULD YOU TRUST HIM WITH YOUR COUNTRY?,up (powerful figure),Donald Trump,overlay,22300,7403881982242884894
democrats,20240816,dictator on day one,up (powerful figure),Donald Trump,speech,22300,7403881982242884894
democrats,20240816,there will have to be some form of punishment for women,up (powerful figure),Donald Trump,speech,22300,7403881982242884894
democrats,20240816,roe versus wade was terminated,up (powerful figure),Donald Trump,speech,22300,7403881982242884894
democrats,20240816,fire fury,up (powerful figure),Donald Trump,speech,22300,7403881982242884894
democrats,20240816,blood man,up (powerful figure),Donald Trump,speech,22300,7403881982242884894
democrats,20240816,besides can convicted felon using drive school,up (powerful figure),Donald Trump,speech,22300,7403881982242884894
democrats,20240820,when we put a prosecutor in the Oval Office instead of a convicted felon.,up (powerful figure),Donald Trump,speech,36000,7405083717791730975
democrats,20240821,Who's gonna tell him??👀,up (powerful figure),Donald Trump,overlay,4600000,7405441612622400814
democrats,20240821,"Who's gonna tell him, who's gonna tell him that the job he's currently seeking might just be one of those ""black jobs""?",up (powerful figure),Donald Trump,overlay,4600000,7405441612622400814
democrats,20240821,"Who's going to tell him, who's going to tell him that the job he's currently seeking might just be one of those black jobs?",up (powerful figure),Donald Trump,speech,4600000,7405441612622400814
democrats,20240823,"Shoot, I wouldn't let those guys. I wouldn't trust them to move my couch.",up (powerful figure),Donald Trump and JD Vance,overlay,41900,7406331649467714859
democrats,20240826,us watching JD Vance trying to behave at all like a normal person,up (powerful figure),JD Vance,overlay,92800,7407463793166454046
democrats,20240827,Vice President Kamala Harris never misses,up (powerful figure),Political opponents,caption,3900000,7407816850274405675
democrats,20240827,"Mr. Vice President, I'm speaking.",up (powerful figure),Mike Pence,speech,3900000,7407816850274405675
democrats,20240827,I think you're thinking of someone and you don't want to tell us.,up (powerful figure),Brett Kavanaugh,speech,3900000,7407816850274405675
democrats,20240827,Grilling AG Barr at a Senate hearing,up (powerful figure),William Barr,overlay,3900000,7407816850274405675
democrats,20240827,Spitting facts at the 2019 Dem debate,up (powerful figure),Political opponents,overlay,3900000,7407816850274405675
democrats,20240827,the question has to be where you been and what are you gonna do?,up (powerful figure),Political opponents,speech,3900000,7407816850274405675
democrats,20240827,I know Donald Trump's type.,up (powerful figure),Donald Trump,speech,3900000,7407816850274405675
democrats,20240828,in tan suit we trust,up (powerful figure),Critics of Obama's tan suit,caption,142300,7408286203201506590
democrats,20240902,Trump is a scab,up (powerful figure),Donald Trump,caption,67700,7410199708272004383
democrats,20240902,"He knows how to take advantage of them, that's what he knows how to do.",up (powerful figure),Donald Trump,speech,67700,7410199708272004383
democrats,20240902,"Every single chance these guys have gotten, they've waged wars on workers in the middle class.",up (powerful figure),Donald Trump and JD Vance,speech,67700,7410199708272004383
democrats,20240902,WE NOT LIKE YALL,up (powerful figure),Donald Trump and his allies,sound,67700,7410199708272004383
democrats,20240904,EXPOSING THE TRUMP ADMIN,lateral (institution),Trump administration,overlay,101100,7410899459359509791
democrats,20240904,CALLING OUT TRUMP'S RACISM,up (powerful figure),Donald Trump,overlay,101100,7410899459359509791
democrats,20240904,the ineptitude of an administration that was unwilling to speak the truth to the American people,lateral (institution),Trump administration,speech,101100,7410899459359509791
democrats,20240904,refused to condemn white supremacists,up (powerful figure),Donald Trump,speech,101100,7410899459359509791
democrats,20240904,"Mr. Vice President, I'm speaking.",up (powerful figure),Mike Pence,speech,101100,7410899459359509791
democrats,20240904,It'd be important if you said the truth.,up (powerful figure),Mike Pence,speech,101100,7410899459359509791
democrats,20240904,"If you don't mind letting me finish, we can then have a conversation, okay?",up (powerful figure),Mike Pence,speech,101100,7410899459359509791
democrats,20240906,who's going to tell him that the job he's currently seeking might just be one of those black jobs?,up (powerful figure),an unnamed political opponent,speech,333100,7411606659690138911
democrats,20240907,#stresscore,up (powerful figure),political opponents,caption,175200,7411896947323211051
democrats,20240907,there are less than 60 days till Election Day 😳😳,up (powerful figure),political opponents,overlay,175200,7411896947323211051
democrats,20240910,has their strange wannabe.,up (powerful figure),Donald Trump,overlay,347200,7413085560748789035
democrats,20240910,How do I meet the strangest men?,up (powerful figure),Donald Trump,sound,347200,7413085560748789035
democrats,20240910,They always seem to find me.,up (powerful figure),Donald Trump,sound,347200,7413085560748789035
democrats,20240911,When you're a prosecutor debating a convicted felon,up (powerful figure),Donald Trump,overlay,119600,7413206043947240735
democrats,20240911,he talks about fictional characters like Hannibal Lecter.,up (powerful figure),Donald Trump,speech,389200,7413225067141680415
democrats,20240911,"He will talk about ""Windmills cause cancer,""",up (powerful figure),Donald Trump,speech,389200,7413225067141680415
democrats,20240911,people start leaving his rallies early out of exhaustion and boredom.,up (powerful figure),Donald Trump,speech,389200,7413225067141680415
democrats,20240911,And I will tell you the one thing you will not hear him talk about is you.,up (powerful figure),Donald Trump,speech,389200,7413225067141680415
democrats,20240911,kamala harris neva plays,up (powerful figure),Donald Trump,caption,1900000,7413452776056917294
democrats,20240911,DONALD FIRED,up (powerful figure),Donald Trump,overlay,1900000,7413452776056917294
democrats,20240911,Donald Trump was fired by 80 million people.,up (powerful figure),Donald Trump,speech,1900000,7413452776056917294
democrats,20240911,Clearly he is having a very difficult time processing that.,up (powerful figure),Donald Trump,speech,1900000,7413452776056917294
democrats,20240912,Let him cook 👨‍🍳,up (powerful figure),Political opponents,caption,49700,7413834093034491167
democrats,20240912,WE WIN HARRIS WALZ,up (powerful figure),Political opponents,overlay,49700,7413834093034491167
democrats,20240912,I SAID LET HIM COOK!,up (powerful figure),Political opponents,sound,49700,7413834093034491167
democrats,20240913,He definitely has things to do with them.,up (powerful figure),Donald Trump,overlay,45700,7414158957142445343
democrats,20240913,Deceits!,up (powerful figure),Donald Trump,speech,45700,7414158957142445343
democrats,20240914,11 years and still doesn’t have a health care plan,up (powerful figure),Donald Trump,caption,189800,7414585972752420126
democrats,20240914,"Okay, 11 years and still doesn't have a health care plan.",up (powerful figure),Donald Trump,speech,189800,7414585972752420126
democrats,20240914,Not a surprise.,up (powerful figure),Donald Trump,speech,189800,7414585972752420126
democrats,20240914,"never had one, still doesn't have one, never will have one.",up (powerful figure),Donald Trump,speech,189800,7414585972752420126
democrats,20240914,"There, I just told you.",up (powerful figure),Donald Trump's healthcare plan,speech,189800,7414585972752420126
democrats,20240914,"Yeah, we need more than a concept.",up (powerful figure),Donald Trump,speech,189800,7414585972752420126
democrats,20240916,"thanks, obama",up (powerful figure),"Political opponents who sarcastically used the phrase ""Thanks, Obama"" to blame him for problems",caption,43200,7415271353265261855
democrats,20240919,when you're a convicted felon who got smoked at the debate and is going to lose the election,up (powerful figure),Donald Trump,overlay,148800,7416451881506966814
democrats,20240919,He’s cooked,up (powerful figure),Donald Trump,caption,148800,7416451881506966814
democrats,20240921,You sure about that?,up (powerful figure),Donald Trump,sound,241000,7417165448837385514
democrats,20240925,Banning abortion isn’t what we’d call protecting women at a “level ne...,up (powerful figure),Donald Trump,caption,82000,7418642560224169259
democrats,20240925,"I WILL PROTECT WOMEN AT A LEVEL NEVER SEEN BEFORE. THEY WILL FINALLY BE HEALTHY, HOPEFUL, SAFE, AND SECURE. THEIR LIVES WILL BE HAPPY, BEAUTIFUL, AND GREAT AGAIN!",up (powerful figure),Donald Trump,overlay,82000,7418642560224169259
democrats,20240925,I was proudly the person responsible for the ending of Roe v. Wade.,up (powerful figure),Donald Trump,overlay,82000,7418642560224169259
democrats,20240925,"You've called women you don't like, ""fat pigs,""",up (powerful figure),Donald Trump,overlay,82000,7418642560224169259
democrats,20240925,"""dogs,"" ""slobs,"" and ""disgusting animals.""",up (powerful figure),Donald Trump,overlay,82000,7418642560224169259
democrats,20240925,I think that putting a wife to work is a very dangerous thing.,up (powerful figure),Donald Trump,overlay,82000,7418642560224169259
democrats,20240925,"The answer is, that there has to be some form of punishment.",up (powerful figure),Donald Trump,overlay,82000,7418642560224169259
democrats,20240925,"For the woman? Yeah, there has to be some form.",up (powerful figure),Donald Trump,speech,82000,7418642560224169259
democrats,20240925,"When I come home and dinner's not ready, I go through the roof, okay?",up (powerful figure),Donald Trump,overlay,82000,7418642560224169259
democrats,20240925,Well we're looking at that and I'm gonna have a policy on that very shortly.,up (powerful figure),Donald Trump,overlay,82000,7418642560224169259
democrats,20240925,"Pregnancy... it's a wonderful thing for the woman, it's a wonderful thing for the husband, it's certainly an inconvenience for a business.",up (powerful figure),Donald Trump,overlay,82000,7418642560224169259
democrats,20240925,Trump and Vance can’t keep up with Coach Walz,up (powerful figure),Donald Trump; JD Vance,caption,916900,7418672778213215531
democrats,20240925,BECAUSE IF HE TELLS THE TRUTH HE DOESN'T GET A DAMN VOTE,up (powerful figure),Donald Trump,overlay,916900,7418672778213215531
democrats,20240927,Nothing.,up (powerful figure),Donald Trump,sound,86500,7419374654076292394
democrats,20240927,'Concepts of a Plan': Trump Roasted for Having No Clue What He's Doing,up (powerful figure),Donald Trump,overlay,86500,7419374654076292394
democrats,20240927,Trump Gives Incoherent 360-Word Response to Question About Childcare,up (powerful figure),Donald Trump,overlay,86500,7419374654076292394
democrats,20240927,🤭🤭🤭,up (powerful figure),Donald Trump,overlay,86500,7419374654076292394
democrats,20240927,Trump's own followers literally laughed at his crypto debt idea,up (powerful figure),Donald Trump,overlay,86500,7419374654076292394
democrats,20240927,Fact Check: People Do Leave Trump's Rallies Early,up (powerful figure),Donald Trump,overlay,86500,7419374654076292394
democrats,20240928,We never have to listen to Trump lie about our democracy or rant about Hannibal Lecter ever again,up (powerful figure),Donald Trump,overlay,16600,7419723262826925354
democrats,20240930,former bag boy,up (powerful figure),John McEntee,overlay,185300,7420521857109019950
democrats,20240930,He knows.,up (powerful figure),Donald Trump,overlay,185300,7420521857109019950
democrats,20240930,if he's willing to get off the couch and show up,up (powerful figure),JD Vance,speech,1700000,7420552422575197482
democrats,20240930,GET OFF THE COUCH,up (powerful figure),JD Vance,overlay,1700000,7420552422575197482
democrats,20241001,You gotta be kidding.,up (powerful figure),Donald Trump,speech,2500000,7420826320147385643
democrats,20241001,hang out??,up (powerful figure),JD Vance,overlay,26400,7420905162346155294
democrats,20241001,the hangout 🤝,up (powerful figure),JD Vance,overlay,26400,7420905162346155294
democrats,20241001,i'm a never trump guy,up (powerful figure),JD Vance,overlay,1000000,7420920779425991967
democrats,20241001,I'm never Trump guy.,up (powerful figure),JD Vance,speech,1000000,7420920779425991967
democrats,20241001,I never liked him.,up (powerful figure),JD Vance,speech,1000000,7420920779425991967
democrats,20241002,They STILL won’t admit it,up (powerful figure),JD Vance,caption,17200,7421010152020561198
democrats,20241002,Walz DRAGS Vance over not admitting Trump's loss,up (powerful figure),JD Vance,overlay,17200,7421010152020561198
democrats,20241002,Donald Trump's inability to say he is still saying he didn't lose the election.,up (powerful figure),Donald Trump,speech,17200,7421010152020561198
democrats,20241002,Did he lose the 2020 election?,up (powerful figure),JD Vance,speech,17200,7421010152020561198
democrats,20241002,That is a damning non-answer.,up (powerful figure),JD Vance,speech,17200,7421010152020561198
democrats,20241002,Vance got mad he was fact-checked 😅,up (powerful figure),JD Vance,overlay,83700,7421024412381629739
democrats,20241002,😡😡,up (powerful figure),JD Vance,overlay,83700,7421024412381629739
democrats,20241002,The rules were you guys weren't going to fact check!,up (powerful figure),JD Vance,overlay,83700,7421024412381629739
democrats,20241002,I don't want to do it. I want to go home Like I can't take the pressure of it.,up (powerful figure),JD Vance,sound,83700,7421024412381629739
democrats,20241002,"That is a damning, that is a damning non-answer.",up (powerful figure),JD Vance,speech,17700,7421032052163661098
democrats,20241002,"Coincidentally, project 2025 is also 900 pages 🤔",up (powerful figure),JD Vance,caption,156700,7421318710876671278
democrats,20241002,"Hold on, this reminds us of something 🤔",up (powerful figure),JD Vance,overlay,156700,7421318710876671278
democrats,20241002,you're not going to propose a 900 page bill standing on a debate stage,up (powerful figure),JD Vance,speech,156700,7421318710876671278
democrats,20241005,JD Vance being JD Vance,up (powerful figure),JD Vance,caption,85200,7422330495276469535
democrats,20241005,"F— it, JD Vance lowlights 😒",up (powerful figure),JD Vance,overlay,85200,7422330495276469535
democrats,20241005,"And here we see the vice presidential candidates there. J.D. Vance is off in the wings for the moment. Oh, there he is.",up (powerful figure),JD Vance,speech,85200,7422330495276469535
democrats,20241005,I have to create stories so that the American media actually pays attention to the suffering of the American people. Then that's what I'm going to do.,up (powerful figure),JD Vance,speech,85200,7422330495276469535
democrats,20241005,I want to just give a good look at the plane because hopefully it's going to be my plane in a few months.,up (powerful figure),JD Vance,speech,85200,7422330495276469535
democrats,20241005,"I'm J.D. Vance, the American vice president. Let's see it. Okay.",up (powerful figure),JD Vance,speech,85200,7422330495276469535
democrats,20241005,I think I'd have to sleep on the couch tonight.,up (powerful figure),JD Vance,speech,85200,7422330495276469535
democrats,20241006,Even if my opponent is ready to fold.,up (powerful figure),Donald Trump,speech,103300,7422693723781238062
democrats,20241006,HE'S FALLEN INTO HER TRAP.,up (powerful figure),Donald Trump,overlay,103300,7422693723781238062
democrats,20241006,JD and I are not weird.,up (powerful figure),Donald Trump,speech,103300,7422693723781238062
democrats,20241006,He's falling into a trap.,up (powerful figure),Donald Trump,speech,103300,7422693723781238062
democrats,20241009,"They’re laughing at you Donald, not with you!",up (powerful figure),Donald Trump,caption,43400,7423825634943618347
democrats,20241009,*loses his mind laughing at Trump* 😂,up (powerful figure),Donald Trump,overlay,43400,7423825634943618347
democrats,20241009,There is no plan B,up (powerful figure),Donald Trump,overlay,221900,7423829250467171626
democrats,20241009,Trump: “I have the best words” 🤔,up (powerful figure),Donald Trump,overlay,82200,7423872203969645866
democrats,20241009,ANANONMYNUS,up (powerful figure),Donald Trump,overlay,82200,7423872203969645866
democrats,20241009,ANOUNINOUS,up (powerful figure),Donald Trump,overlay,82200,7423872203969645866
democrats,20241009,ANOMOUS,up (powerful figure),Donald Trump,overlay,82200,7423872203969645866
democrats,20241009,ORANGES,up (powerful figure),Donald Trump,overlay,82200,7423872203969645866
democrats,20241009,BENE FISHERS,up (powerful figure),Donald Trump,overlay,82200,7423872203969645866
democrats,20241009,SEMITES,up (powerful figure),Donald Trump,overlay,82200,7423872203969645866
democrats,20241009,YOSEMINITES,up (powerful figure),Donald Trump,overlay,82200,7423872203969645866
democrats,20241009,FURNITURE,up (powerful figure),Donald Trump,overlay,82200,7423872203969645866
democrats,20241009,TRUMP'S BEST WORDS,up (powerful figure),Donald Trump,overlay,82200,7423872203969645866
democrats,20241010,"get a life, man.",up (powerful figure),Donald Trump,speech,188700,7424244394997386539
democrats,20241010,CAN YOU THINK OF ANY LAWS THAT GIVE THE GOVERNMENT THE POWER TO MAKE DECISIONS ABOUT THE MALE BODY,up (powerful figure),Brett Kavanaugh,overlay,47000,7424248155224673582
democrats,20241010,"I'M NOT-I'M NOT THINKING OF ANY RIGHT NOW, SENATOR",up (powerful figure),Brett Kavanaugh,overlay,47000,7424248155224673582
democrats,20241011,Trump is a fraud,up (powerful figure),Donald Trump,caption,250200,7424303522629520686
democrats,20241011,Obama RIPS Trump for being a fraud,up (powerful figure),Donald Trump,overlay,250200,7424303522629520686
democrats,20241011,"NO EVIDENCE TRUMP ""THINKS ABOUT ANYONE BUT HIMSELF""",up (powerful figure),Donald Trump,overlay,250200,7424303522629520686
democrats,20241011,Constant attempts to sell you stuff. Who does that?,up (powerful figure),Donald Trump,speech,250200,7424303522629520686
democrats,20241011,"Selling you gold sneakers and a $100,000 watch and most recently a Trump Bible.",up (powerful figure),Donald Trump,speech,250200,7424303522629520686
democrats,20241011,"He wants you to buy the Word of God, Donald Trump edition.",up (powerful figure),Donald Trump,speech,250200,7424303522629520686
democrats,20241011,He got his name right there next to Matthew and Luke.,up (powerful figure),Donald Trump,speech,250200,7424303522629520686
democrats,20241011,"If you saw it on Saturday Night Live, you'd say, well, no, that's, I mean, that's going too far.",up (powerful figure),Donald Trump,speech,250200,7424303522629520686
democrats,20241011,"Obama DESTROYS Trump's ""concepts of a plan"" 😂😂",up (powerful figure),Donald Trump,overlay,58500,7424307589841734954
democrats,20241011,"ALL HE THINKS ABOUT IS HIS MONEY, HIS EGO & HIS STATUS",up (powerful figure),Donald Trump,overlay,58500,7424307589841734954
democrats,20241011,i have a concept of a plan to do the dishes,up (powerful figure),Donald Trump,speech,58500,7424307589841734954
democrats,20241011,if it wouldn't work for you why in the heck should it work for the president of the united states,up (powerful figure),Donald Trump,speech,58500,7424307589841734954
democrats,20241011,Do you think Donald Trump has ever changed a tire in his life? 🤭🥴,up (powerful figure),Donald Trump,overlay,84100,7424311811861679402
democrats,20241011,You think Donald Trump can do that?,up (powerful figure),Donald Trump,speech,84100,7424311811861679402
democrats,20241011,I'm just trying to picture it.,up (powerful figure),Donald Trump,speech,84100,7424311811861679402
democrats,20241011,Trump is a 🐔,up (powerful figure),Donald Trump,caption,99900,7424337408969149727
democrats,20241011,Kamala torches Trump for dodging another debate,up (powerful figure),Donald Trump,overlay,99900,7424337408969149727
democrats,20241011,it's a pretty weak move,up (powerful figure),Donald Trump,speech,99900,7424337408969149727
democrats,20241011,Obama is the GOAT 😎,up (powerful figure),political opponents,caption,34900,7424597065512209710
democrats,20241011,🐐,up (powerful figure),political opponents,overlay,34900,7424597065512209710
democrats,20241011,All Donald Trump and JD Vance know about manufacturing is how to manufacture bullshit.,up (powerful figure),Donald Trump and JD Vance,overlay,176400,7424633167597833503
democrats,20241011,Damn! Damn!,up (powerful figure),Donald Trump and JD Vance,sound,176400,7424633167597833503
democrats,20241011,"And this guy, he don't know anything about that.",up (powerful figure),Donald Trump,speech,54100,7424638415863336223
democrats,20241011,That he should be so goddamn lucky.,up (powerful figure),Donald Trump,speech,54100,7424638415863336223
democrats,20241012,Trump is scared!,up (powerful figure),Donald Trump,caption,16300,7424946931362762027
democrats,20241012,"You know, he's a man, and they hold grudges.",up (powerful figure),Donald Trump,sound,16300,7424946931362762027
democrats,20241012,"But once he gets over his grudge holding, he'll be better.",up (powerful figure),Donald Trump,sound,16300,7424946931362762027
democrats,20241012,And he'll probably show his face more.,up (powerful figure),Donald Trump,sound,16300,7424946931362762027
democrats,20241012,Yes. Yes.,up (powerful figure),Donald Trump,sound,16300,7424946931362762027
democrats,20241015,"Uh, what is he saying??",up (powerful figure),Donald Trump,caption,865800,7425789456369716510
democrats,20241015,Trump STRUGGLES to pronounce “Arizonans” 😬,up (powerful figure),Donald Trump,overlay,865800,7425789456369716510
democrats,20241015,Azerasians ??????,up (powerful figure),Donald Trump,overlay,865800,7425789456369716510
democrats,20241016,Did he really just say that??,up (powerful figure),Donald Trump,caption,31500000,7426403405813321003
democrats,20241016,"And then I go and spoil it all,",up (powerful figure),Donald Trump,overlay,31500000,7426403405813321003
democrats,20241016,by saying something stupid like...,up (powerful figure),Donald Trump,overlay,31500000,7426403405813321003
democrats,20241016,Would you rather have the Black president or the white president who got $1.7 billion off the price?,up (powerful figure),Donald Trump,overlay,31500000,7426403405813321003
democrats,20241016,I think they want the white guy,up (powerful figure),Donald Trump,overlay,31500000,7426403405813321003
democrats,20241016,Colin Allred DESTROYS Ted Cruz during debate,up (powerful figure),Ted Cruz,overlay,22300,7426412121329683758
democrats,20241016,you can't be for the mob on January 6th and for the officers.,up (powerful figure),Ted Cruz,speech,22300,7426412121329683758
democrats,20241016,you're a threat to democracy.,up (powerful figure),Ted Cruz,speech,22300,7426412121329683758
democrats,20241016,after he'd gone around the country lying about the election,up (powerful figure),Ted Cruz,speech,22300,7426412121329683758
democrats,20241016,after he'd been the architect of the attempt to overthrow that election,up (powerful figure),Ted Cruz,speech,22300,7426412121329683758
democrats,20241016,"when that mob came, Senator Cruz was hiding in a supply closet.",up (powerful figure),Ted Cruz,speech,22300,7426412121329683758
democrats,20241016,You cannot just be patriotic when your side wins.,up (powerful figure),Ted Cruz,speech,22300,7426412121329683758
democrats,20241016,"Because he's done it once, he'll do it again.",up (powerful figure),Ted Cruz,speech,22300,7426412121329683758
democrats,20241016,Donald Trump is weak and unfit ‼️,up (powerful figure),Donald Trump,overlay,25600,7426415847444352299
democrats,20241016,The man is really quite weak.,up (powerful figure),Donald Trump,speech,25600,7426415847444352299
democrats,20241016,He's weak.,up (powerful figure),Donald Trump,speech,25600,7426415847444352299
democrats,20241016,It's a sign of weakness that you want to please dictators and seek their flattery and favor.,up (powerful figure),Donald Trump,speech,25600,7426415847444352299
democrats,20241016,It's a sign of weakness that you would demean America's military and America's service members.,up (powerful figure),Donald Trump,speech,25600,7426415847444352299
democrats,20241016,It's a sign of weakness that you don't have the courage to stand up for the Constitution of the United States and the principles upon which it stands.,up (powerful figure),Donald Trump,speech,25600,7426415847444352299
democrats,20241016,This man is weak and he is unfit.,up (powerful figure),Donald Trump,speech,25600,7426415847444352299
democrats,20241017,What's going on with his tan 😭,up (powerful figure),Donald Trump,overlay,29900,7426810690180140334
democrats,20241017,🙈😳,up (powerful figure),Donald Trump,overlay,29900,7426810690180140334
democrats,20241017,who wants to look you know simple when you can look stunning,up (powerful figure),Donald Trump,sound,29900,7426810690180140334
democrats,20241017,Trump thinks he's the father of IVF 😬,up (powerful figure),Donald Trump,overlay,22300,7426829046127938862
democrats,20241017,Republicans who voted against protecting IVF 😬,lateral (institution),Republican Party,overlay,22300,7426829046127938862
democrats,20241017,I'm the father of IVF,up (powerful figure),Donald Trump,speech,22300,7426829046127938862
democrats,20241017,Hmmm 🤔,lateral (institution),Donald Trump and the Republican Party,caption,22300,7426829046127938862
democrats,20241017,WRECKS Trump and his Project 2025 agenda !!,up (powerful figure),Donald Trump; Project 2025,overlay,27100,7426859917568396590
democrats,20241017,"If he wins, he'll ignore all checks that reign in a president's power.",up (powerful figure),Donald Trump,speech,27100,7426859917568396590
democrats,20241017,DONALD TRUMP HIGHER COSTS ON GROCERIES,up (powerful figure),Donald Trump,overlay,27100,7426859917568396590
democrats,20241017,DONALD TRUMP CUTS TO SOCIAL SECURITY AND MEDICARE,up (powerful figure),Donald Trump,overlay,27100,7426859917568396590
democrats,20241017,DONALD TRUMP TAX BREAKS FOR BILLIONAIRES,up (powerful figure),Donald Trump,overlay,27100,7426859917568396590
democrats,20241017,DONALD TRUMP NATIONAL ABORTION BAN,up (powerful figure),Donald Trump,overlay,27100,7426859917568396590
democrats,20241017,"A second Trump term, more unhinged, unstable, and unchecked.",up (powerful figure),Donald Trump,speech,27100,7426859917568396590
democrats,20241017,UNHINGED,up (powerful figure),Donald Trump,overlay,27100,7426859917568396590
democrats,20241017,UNSTABLE,up (powerful figure),Donald Trump,overlay,27100,7426859917568396590
democrats,20241017,UNCHECKED,up (powerful figure),Donald Trump,overlay,27100,7426859917568396590
democrats,20241017,Wrong rally - I think you meant to go to the smaller one down the street,up (powerful figure),hecklers,overlay,1600000,7426875882809134379
democrats,20241017,"Oh, you guys are at the wrong rally. No, I think you meant to go to the smaller one down the street.",up (powerful figure),hecklers,speech,1600000,7426875882809134379
democrats,20241018,Trump is unstable and unfit,up (powerful figure),Donald Trump,caption,20100,7427212290925006122
democrats,20241018,Donald Trump thinks he is a “stable genius” 😂,up (powerful figure),Donald Trump,overlay,20100,7427212290925006122
democrats,20241018,I am the most stable human being. Remember they said a stable genius. I am the most stable human being.,up (powerful figure),Donald Trump,speech,20100,7427212290925006122
democrats,20241018,They want to do things like no more cows and no windows in buildings.,up (powerful figure),Donald Trump,speech,20100,7427212290925006122
democrats,20241018,Washing machines to wash your dishes.,up (powerful figure),Donald Trump,speech,20100,7427212290925006122
democrats,20241018,I don't care about you. I just want you to vote.,up (powerful figure),Donald Trump,speech,20100,7427212290925006122
democrats,20241018,Maybe he should reconsider 🤔,up (powerful figure),Donald Trump,caption,29800,7427223323907493166
democrats,20241018,"Awww, is Trump too tired to campaign? 🥱",up (powerful figure),Donald Trump,overlay,29800,7427223323907493166
democrats,20241018,he is ducking debates and cancelling interviews. Come on.,up (powerful figure),Donald Trump,speech,29800,7427223323907493166
democrats,20241018,"if you are exhausted on the campaign trail, it raises real questions about whether you are fit for the toughest job in the world.",up (powerful figure),Donald Trump,speech,29800,7427223323907493166
democrats,20241019,someone’s sleepy,up (powerful figure),Donald Trump,caption,37700,7427494129774497070
democrats,20241019,"If he's exhausted being on the campaign trail, is he fit to do the job?",up (powerful figure),Donald Trump,speech,37700,7427494129774497070
democrats,20241019,😴😪🥱,up (powerful figure),Donald Trump,overlay,37700,7427494129774497070
democrats,20241019,These are not the same?!,up (powerful figure),Donald Trump,caption,1400000,7427541774551354666
democrats,20241019,This boy doesn't even know the difference between...,up (powerful figure),Donald Trump,overlay,1400000,7427541774551354666
democrats,20241019,This boy doesn't even know the difference between they're there and they are,up (powerful figure),Donald Trump,sound,1400000,7427541774551354666
democrats,20241021,THANKS OBAMA,up (powerful figure),Critics/conservatives who used the phrase sarcastically,overlay,2300000,7428294820369845550
democrats,20241021,I WON BOTH OF THEM,lateral (institution),Political opponents/Republicans,overlay,2300000,7428294820369845550
democrats,20241021,TAN SUITGATE OF 2014,up (powerful figure),Media/political opponents who criticized Obama's tan suit,overlay,2300000,7428294820369845550
democrats,20241021,Obama out.,up (powerful figure),Political opponents/critics,speech,2300000,7428294820369845550
democrats,20241021,These are folks that cosplay with the guns.,up (powerful figure),Opponents of gun regulation,speech,23900,7428311861851884842
democrats,20241021,the Republican nominee can't pass a background check to get a gun.,up (powerful figure),Donald Trump,speech,23900,7428311861851884842
democrats,20241021,The Republican nominee can’t pass a background check,up (powerful figure),Donald Trump,overlay,23900,7428311861851884842
democrats,20241022,Trump can't be trusted to babysit your kids !!,up (powerful figure),Donald Trump,overlay,20200,7428409075504827691
democrats,20241022,"if you wouldn't hire somebody to babysit your kids, like you shouldn't make that guy the President of the United States.",up (powerful figure),Donald Trump,speech,20200,7428409075504827691
democrats,20241022,spoiler alert: it’s not looking good!!,up (powerful figure),Donald Trump,caption,46800,7428644780130700587
democrats,20241022,BUSINESS,up (powerful figure),Donald Trump's economic plan,overlay,46800,7428644780130700587
democrats,20241022,I can show you the world. You have $2.03. I can show you my driveway.,up (powerful figure),Donald Trump,sound,46800,7428644780130700587
democrats,20241022,he looks much more like Ronald McDonald and the clown that he actually is.,up (powerful figure),Donald Trump,speech,25800,7428697162957016362
democrats,20241022,Ronald wears less makeup.,up (powerful figure),Donald Trump,speech,25800,7428697162957016362
democrats,20241022,Donald Trump looks like Ronald McDonald 🤡,up (powerful figure),Donald Trump,overlay,25800,7428697162957016362
democrats,20241022,Walz tears Elon to shreds 🔥😂,up (powerful figure),Elon Musk,overlay,59600,7428700544002215211
democrats,20241022,"jumping around, skipping like a dipshit",up (powerful figure),Elon Musk,speech,59600,7428700544002215211
democrats,20241022,no wonder the economy felt good 🤣,up (powerful figure),Donald Trump,caption,57000,7428706815946411310
democrats,20241022,Obama: “It was my economy!” 🤩,up (powerful figure),Donald Trump,overlay,57000,7428706815946411310
democrats,20241022,"yeah, because it was my economy.",up (powerful figure),Donald Trump,speech,57000,7428706815946411310
democrats,20241023,"You said you was king, you lied through your teeth",up (powerful figure),Donald Trump,sound,11200000,7428772434737646891
democrats,20241023,"Oh, that’s not…",up (powerful figure),Donald Trump,caption,17700,7429026476437065003
democrats,20241023,TRUMP: ‘I NEED THE KIND OF GENERALS THAT HITLER HAD’,up (powerful figure),Donald Trump,overlay,17700,7429026476437065003
democrats,20241023,???,up (powerful figure),Donald Trump,overlay,17700,7429026476437065003
democrats,20241023,makes sense,up (powerful figure),Donald Trump,caption,840500,7429077916065107246
democrats,20241023,Trump's endorser 😩,up (powerful figure),Donald Trump,overlay,840500,7429077916065107246
democrats,20241023,Don’t ‘Let Somebody Into the White House Who’s Going to Ban Abortion’,up (powerful figure),political opponents who would ban abortion,overlay,435700,7429094212853042478
democrats,20241023,may the odds be ever in our favor,up (powerful figure),political opponents who want to ban abortion,caption,435700,7429094212853042478
democrats,20241024,JD Vance when asked if Trump lost the 2020 election,up (powerful figure),JD Vance,overlay,843900,7429421349807967530
democrats,20241024,he’ll get there one day!,up (powerful figure),JD Vance,caption,843900,7429421349807967530
democrats,20241024,Trump losing again,up (powerful figure),Donald Trump,overlay,1300000,7429458688567414062
democrats,20241024,"in politics, a good rule of thumb is don't say you want to do anything like Hitler.",up (powerful figure),Donald Trump,speech,72200,7429495565483871518
democrats,20241025,Stephen A. Smith RIPS into Trump on Fox News 😭💀,up (powerful figure),Donald Trump,overlay,45300,7429719160210427167
democrats,20241025,I know you're not talking about somebody being lucid and cogent and enunciating their thoughts with clarity and you're bragging about Donald Trump.,up (powerful figure),Donald Trump,speech,45300,7429719160210427167
democrats,20241025,We can't be watching the same stuff if that's what you're doing.,up (powerful figure),Sean Hannity,speech,45300,7429719160210427167
democrats,20241025,that man can articulate himself very well. Not Donald Trump now.,up (powerful figure),Donald Trump,speech,45300,7429719160210427167
democrats,20241025,take a guess 🤭,up (powerful figure),Donald Trump,caption,25800,7429762066195418410
democrats,20241025,Hat hair,up (powerful figure),Donald Trump,overlay,25800,7429762066195418410
democrats,20241025,The color red,up (powerful figure),Donald Trump,overlay,25800,7429762066195418410
democrats,20241026,I'd like a natural tan please,up (powerful figure),Donald Trump,overlay,1300000,7430161227545922859
democrats,20241027,"the old, crusty, convicted felon, wannabe dictator",up (powerful figure),Donald Trump,overlay,224600,7430556207368162602
democrats,20241027,Rogan laughs in Trump's face 😂👊,up (powerful figure),Donald Trump,overlay,36300,7430561877572308270
democrats,20241027,*LAUGHS*,up (powerful figure),Donald Trump,overlay,36300,7430561877572308270
democrats,20241027,"I lost my, like, I didn't lose, but they say I lost, Joe, they say I lost my 22.",up (powerful figure),Donald Trump,speech,36300,7430561877572308270
democrats,20241028,did he want an invite? 🤭,up (powerful figure),Donald Trump,caption,374700,7430876036960668970
democrats,20241028,I think Trump is... jealous? 😘,up (powerful figure),Donald Trump,overlay,374700,7430876036960668970
democrats,20241028,Little silver spoon boy Donald Trump. How is he relatable to me whatsoever?,up (powerful figure),Donald Trump,overlay,121300,7430936158382738718
democrats,20241028,"He's a little rich kid, too.",up (powerful figure),Donald Trump,speech,121300,7430936158382738718
democrats,20241028,He ain't me.,up (powerful figure),Donald Trump,speech,121300,7430936158382738718
democrats,20241028,Little silver spoon boy Donald Trump.,up (powerful figure),Donald Trump,speech,121300,7430936158382738718
democrats,20241028,How is he relatable to me whatsoever?,up (powerful figure),Donald Trump,speech,121300,7430936158382738718
democrats,20241028,The guy literally lives in a country club.,up (powerful figure),Donald Trump,speech,121300,7430936158382738718
democrats,20241028,Do I look like a country club kind of guy?,up (powerful figure),Donald Trump,speech,121300,7430936158382738718
democrats,20241028,POV me going to vote like my rights depend on it (because they do),up (powerful figure),Political opponents,overlay,27600,7430940595750784299
democrats,20241028,is this what he calls the weave? 🤣,up (powerful figure),Donald Trump,caption,85600,7430947482751798571
democrats,20241028,Trump doesn't even know what he's talking about anymore 😂😩,up (powerful figure),Donald Trump,overlay,85600,7430947482751798571
democrats,20241028,FIGHTING WAS LIKE ALMOST JUST AN AVERAGE FIGHTER LOST NUMEROUS TIMES BUT HE BEAT THIS ONE GUY SO I SAID OKAY I REALLY DON'T KNOW WHO YOU'RE TALKING ABOUT I'M TRYING TO I I WILL FIGURE IT OUT OK BUT ABOUT A YEAR AGO,up (powerful figure),Donald Trump,overlay,85600,7430947482751798571
democrats,20241028,fighting was like almost just an average fighter lost numerous times but he beat this one guy so i said okay i really don't know who you're talking about i i will figure it out okay but about a year ago,up (powerful figure),Donald Trump,speech,85600,7430947482751798571
democrats,20241029,Trump losing again,up (powerful figure),Donald Trump,overlay,429000,7431243319990045995
democrats,20241029,this is what it felt like to beat Trump last time,up (powerful figure),Donald Trump,overlay,2000000,7431256276740427050
democrats,20241029,This is your celebration,up (powerful figure),Donald Trump,sound,2000000,7431256276740427050
democrats,20241029,"No, Trump’s rally was not a “love fest”",up (powerful figure),Donald Trump,caption,75600,7431279850905750815
democrats,20241029,Trump brags about his NYC rally where speakers spewed racist hatred and called Puerto Rico “a floating island of garbage.”,up (powerful figure),Donald Trump; unnamed speakers at NYC rally,overlay,75600,7431279850905750815
democrats,20241029,me when I see the villain in a horror movie but the villain hasn't voted yet....,lateral (institution),Republican Party,overlay,18700,7431283348481248555
democrats,20241030,while Donald Trump sat in the White House watching as the violence unfolded on television,up (powerful figure),Donald Trump,speech,48300,7431356545817922858
democrats,20241030,DONALD TRUMP RESPONDED WITH TWO WORDS SO WHAT,up (powerful figure),Donald Trump,overlay,48300,7431356545817922858
democrats,20241030,So what?,up (powerful figure),Donald Trump,speech,48300,7431356545817922858
democrats,20241031,no somos basura.,lateral (institution),Donald Trump / Republicans,caption,282900,7431952974106070302
democrats,20241031,somos más.,lateral (institution),Donald Trump / Republicans,caption,282900,7431952974106070302
democrats,20241031,Disque,lateral (institution),Donald Trump / Republicans,overlay,282900,7431952974106070302
democrats,20241031,Y NO TENEMOS MIEDO,lateral (institution),Donald Trump / Republicans,overlay,282900,7431952974106070302
democrats,20241031,pa' fuera,up (powerful figure),Donald Trump,overlay,282900,7431952974106070302
democrats,20241031,Is Trump ok?,up (powerful figure),Donald Trump,caption,1000000,7431970894391545131
democrats,20241031,Is Donald Trump ok???,up (powerful figure),Donald Trump,overlay,1000000,7431970894391545131
democrats,20241031,boots the house of representatives down,up (powerful figure),U.S. House of Representatives,speech,47000,7431995579611221294
democrats,20241031,absolutely not,up (powerful figure),Donald Trump,caption,60600,7432039625209728302
democrats,20241031,"He does not trust us, he thinks he can speak for us, and he wants power over us.",up (powerful figure),Donald Trump,overlay,60600,7432039625209728302
democrats,20241031,I never asked Trump to be my protector!!,up (powerful figure),Donald Trump,overlay,60600,7432039625209728302
democrats,20241031,He does not trust us.,up (powerful figure),Donald Trump,speech,60600,7432039625209728302
democrats,20241031,He thinks he can speak for us.,up (powerful figure),Donald Trump,speech,60600,7432039625209728302
democrats,20241031,he wants power over us,up (powerful figure),Donald Trump,speech,60600,7432039625209728302
democrats,20241031,He doesn't think we can speak for ourselves.,up (powerful figure),Donald Trump,speech,60600,7432039625209728302
democrats,20241031,SPOOKY!,up (powerful figure),Donald Trump,caption,564000,7432064867139570990
democrats,20241031,It's beginning to look a lot like Halloween,up (powerful figure),Donald Trump,sound,564000,7432064867139570990
democrats,20241101,"Trump has an enemies list, I have a to-do list",up (powerful figure),Donald Trump,overlay,47500,7432108979955764523
democrats,20241101,Donald Trump on day one would walk into that office with an enemies list,up (powerful figure),Donald Trump,speech,47500,7432108979955764523
democrats,20241101,kicking and screaming,up (powerful figure),Apathetic or complaining voters,caption,2300000,7432361515849682207
democrats,20241101,"Oh, blah blah blah. I'm just one person.",other,Apathetic voters ('Gary'),speech,2300000,7432361515849682207
democrats,20241101,"Shut the f--- up, Gary.",other,Apathetic voters ('Gary'),speech,2300000,7432361515849682207
democrats,20241101,"we will hold you personally responsible, Gary.",other,Apathetic voters ('Gary'),speech,2300000,7432361515849682207
democrats,20241101,"Don't forget to vote, Gary.",other,Apathetic voters ('Gary'),speech,2300000,7432361515849682207
democrats,20241101,Sexyy Red ditches Trump !!,up (powerful figure),Donald Trump,overlay,260800,7432455769385110814
democrats,20241101,Don't tell us what to do with our coochies!!,up (powerful figure),Donald Trump,overlay,260800,7432455769385110814
democrats,20241103,Trump losing again 🫶,up (powerful figure),Donald Trump,overlay,1900000,7433107463332760875
democrats,20241105,this barbie is going to be president 🫡,up (powerful figure),Donald Trump,caption,1000000,7433819821097209131
democrats,20241105,end the dramala 😎,up (powerful figure),Donald Trump,caption,163200,7433852338957274410
democrats,20241105,the drama with a cool new step mama,up (powerful figure),Donald Trump,sound,163200,7433852338957274410
democrats,20241105,Trump trying to see if Melania voted for him 💀,up (powerful figure),Donald Trump,overlay,474800,7433884696787914026
democrats,20241105,"I remember when, I remember, I remember when I lost my mind!",up (powerful figure),Donald Trump,sound,474800,7433884696787914026
democrats,20241219,Trump causing chaos before he's even sworn in 😳,up (powerful figure),Donald Trump,overlay,160500,7450159697430236462
democrats,20241219,What could be worse than the Mr. Evil guy?,up (powerful figure),Elon Musk,sound,9200000,7450228055282453806
democrats,20241219,OCCUPY MARS,up (powerful figure),Elon Musk,overlay,9200000,7450228055282453806
democrats,20241219,"""Me is worse"", said the Mr. Super evil guy",up (powerful figure),JD Vance,sound,9200000,7450228055282453806
democrats,20241219,Larry.,up (powerful figure),Donald Trump,sound,9200000,7450228055282453806
democrats,20241220,song trump would play if asked how many billionaires he's appointing to his admin,up (powerful figure),Donald Trump,overlay,83200,7450541099896180014
democrats,20241220,Unlimited,up (powerful figure),Donald Trump,sound,83200,7450541099896180014
democrats,20241220,mike johnson trying to figure out if he's speaker of the House or if Elon is,up (powerful figure),Mike Johnson,overlay,97900,7450555937716243755
democrats,20241220,walk them like a dog,up (powerful figure),Donald Trump,sound,2400000,7450599214041664810
democrats,20241220,Oops!,up (powerful figure),Donald Trump,overlay,2400000,7450599214041664810
democrats,20241220,Trump showing up to a fundraiser with billionaires after threatening to shut down the government:,up (powerful figure),Donald Trump,overlay,127600,7450608147544247595
democrats,20241220,and his tickets start at $1 million 😭,up (powerful figure),Donald Trump,caption,127600,7450608147544247595
democrats,20241220,"Mike Johnson, thinking he's the Speaker of the House: I'm Pam, who are you?",up (powerful figure),Mike Johnson,overlay,154100,7450613717428948267
democrats,20241220,The owner of this House 🤡,up (powerful figure),Donald Trump and Elon Musk,overlay,154100,7450613717428948267
democrats,20241220,I'm Pam.,up (powerful figure),Mike Johnson,sound,154100,7450613717428948267
democrats,20241220,I'm the owner of this house.,up (powerful figure),Donald Trump and Elon Musk,sound,154100,7450613717428948267
democrats,20250103,Now Mike Johnson is struggling to get enough votes to remain speaker 😅,up (powerful figure),Mike Johnson,overlay,96400,7455770120380550443
democrats,20250103,"Damn, here we go again",lateral (institution),Republican Party,sound,96400,7455770120380550443
democrats,20250106,Trump Privately Complains About Clingy Elon Musk: NYT Reporter,up (powerful figure),Elon Musk and Donald Trump,overlay,450100,7456895517218377003
democrats,20250106,yeah I don't know if you like me,up (powerful figure),Donald Trump and Elon Musk,overlay,450100,7456895517218377003
democrats,20250106,sometimes I think you might hate me,up (powerful figure),Donald Trump and Elon Musk,overlay,450100,7456895517218377003
democrats,20250106,sometimes I think I might hate you,up (powerful figure),Donald Trump and Elon Musk,overlay,450100,7456895517218377003
democrats,20250106,maybe you just want to be me,up (powerful figure),Donald Trump and Elon Musk,overlay,450100,7456895517218377003
democrats,20250106,ONLY ROOM FOR ONE SHERIFF,up (powerful figure),Donald Trump and Elon Musk,overlay,450100,7456895517218377003
democrats,20250106,OCCUPY MARS,up (powerful figure),Elon Musk,overlay,450100,7456895517218377003
democrats,20250109,Do MAGA Republicans have a plan that will help people besides billionaires?,lateral (institution),MAGA Republicans,overlay,567600,7458022416548121902
democrats,20250109,They don't.,lateral (institution),MAGA Republicans,speech,567600,7458022416548121902
democrats,20250114,Pete Hegseth is unfit to lead the Department of Defense.,up (powerful figure),Pete Hegseth,caption,97600,7459832307315117354
democrats,20250114,GIVE ME ONE EXAMPLE.,up (powerful figure),Pete Hegseth,overlay,97600,7459832307315117354
democrats,20250114,I get you're making these generalized statements.,up (powerful figure),Pete Hegseth,speech,97600,7459832307315117354
democrats,20250114,THAT DOES NOT EXIST.,up (powerful figure),Pete Hegseth,overlay,97600,7459832307315117354
democrats,20250114,"your statements are creating the impression that these exist, because they do not.",up (powerful figure),Pete Hegseth,speech,97600,7459832307315117354
democrats,20250114,what changed in the 32 days that the song you sang is not the song you come in here today to sing?,up (powerful figure),Pete Hegseth,speech,116200,7459869363324095787
democrats,20250114,"I've heard of deathbed conversions, but this is the first time I've heard of a nomination conversion.",up (powerful figure),Pete Hegseth,speech,116200,7459869363324095787
democrats,20250114,"32 days after you get confirmed, maybe you'll just reverse those views and go back to the old guy who said, straight up, ""women do not belong in combat.""",up (powerful figure),Pete Hegseth,speech,116200,7459869363324095787
democrats,20250115,You are asking to be considered to serve as the Attorney General of the United States and you still need to study the 14th Amendment of the Constitution?,up (powerful figure),Pam Bondi,speech,971800,7460234565458644267
democrats,20250115,That is not helping me have more confidence in your ability to do this job.,up (powerful figure),Pam Bondi,speech,971800,7460234565458644267
democrats,20250116,Oop,up (powerful figure),Scott Bessent,caption,1500000,7460590816877120814
democrats,20250116,Wow... Look at what this Trump appointee just admitted 🤯😬,up (powerful figure),Scott Bessent,overlay,1500000,7460590816877120814
democrats,20250116,"Shamefully, the federal minimum wage...have not been raised since 2009",up (powerful figure),Opponents of raising the federal minimum wage,speech,1500000,7460590816877120814
democrats,20250116,remains an unbelievable $7.25 an hour,up (powerful figure),The federal minimum wage,speech,1500000,7460590816877120814
democrats,20250118,because he can't handle the cold :-[,up (powerful figure),Donald Trump,overlay,116500,7461329775181729066
democrats,20250118,he can't handle the cold,up (powerful figure),Donald Trump,speech,116500,7461329775181729066
democrats,20250118,SNOWFLAKE,up (powerful figure),Donald Trump,overlay,116500,7461329775181729066
democrats,20250118,Nice and cozy,up (powerful figure),Donald Trump,overlay,116500,7461329775181729066
democrats,20250118,"Stay warm, Donald 🙂",up (powerful figure),Donald Trump,overlay,116500,7461329775181729066
democrats,20250119,Here is a montage of Trump bragging about banning TikTok,up (powerful figure),Donald Trump,caption,1500000,7461744869443161387
democrats,20250119,Vice President Trump brings out President Musk 🤭,up (powerful figure),Donald Trump; Elon Musk,overlay,8200000,7461767310110428458
democrats,20250119,PRESENTED WITH SPECIAL 'INAUGURAL DIET COKE' BOTTLE AHEAD OF WHITE HOUSE RETURN,up (powerful figure),Donald Trump,overlay,8200000,7461767310110428458
democrats,20250120,smh,up (powerful figure),Donald Trump,caption,229600,7462048561375579435
democrats,20250120,"Checking in here, Trump! 🙄",up (powerful figure),Donald Trump,overlay,229600,7462048561375579435
democrats,20250120,two minutes of complete silence lol,up (powerful figure),Donald Trump's inauguration,caption,4700000,7462064727821159722
democrats,20250120,lol Carrie Underwood's performance at Trump's inauguration is a disaster,up (powerful figure),Donald Trump's inauguration,overlay,4700000,7462064727821159722
democrats,20250120,"ALRIGHT, GETTING A BIT OF AN AWKWARD PAUSE HERE AS WE AWAIT AMERICA THE BEAUTIFUL BY CARRIE UNDERWOOD.",up (powerful figure),Donald Trump's inauguration,overlay,4700000,7462064727821159722
democrats,20250120,bro forgot to put his hand on the Bible while being sworn in 😭✋,up (powerful figure),Donald Trump,overlay,885800,7462080293436919086
democrats,20250120,"Elon Musk does a Roman Salute, the common greeting of N@zis, at the Trump Presidential Parade",up (powerful figure),Elon Musk; Donald Trump,overlay,9700000,7462097175200255274
democrats,20250120,Not even hiding it,up (powerful figure),Elon Musk; Donald Trump,caption,9700000,7462097175200255274
democrats,20250121,OLIGARCHY,up (powerful figure),Donald Trump,overlay,1600000,7462398946313293102
democrats,20250121,TRUMP'S CLASSIC GAME OF RIGGING THE SYSTEM SO BILLIONAIRES WIN,up (powerful figure),Donald Trump,overlay,1600000,7462398946313293102
democrats,20250121,TRUMP'S OLIGARCHY,up (powerful figure),Donald Trump,overlay,1600000,7462398946313293102
democrats,20250121,"Billionaire who wants to gut transportation, housing, and education programs",up (powerful figure),Elon Musk,overlay,1600000,7462398946313293102
democrats,20250121,Suggested Americans without kids should lose voting rights,up (powerful figure),Elon Musk,overlay,1600000,7462398946313293102
democrats,20250121,Anti-union,up (powerful figure),Elon Musk,overlay,1600000,7462398946313293102
democrats,20250121,History of anti-Semitism,up (powerful figure),Elon Musk,overlay,1600000,7462398946313293102
democrats,20250121,Said that women shouldn't serve in combat roles,up (powerful figure),Pete Hegseth,overlay,1600000,7462398946313293102
democrats,20250121,History of alcohol abuse in the workplace,up (powerful figure),Pete Hegseth,overlay,1600000,7462398946313293102
democrats,20250121,His own mother accused him of mistreating women for years,up (powerful figure),Pete Hegseth,overlay,1600000,7462398946313293102
democrats,20250121,Lawyer for the org working to implement Project 2025,up (powerful figure),Pam Bondi,overlay,1600000,7462398946313293102
democrats,20250121,Dropped an investigation into Trump U after receiving an illegal $25K campaign contribution from a Trump charity,up (powerful figure),Pam Bondi,overlay,1600000,7462398946313293102
democrats,20250121,Won't admit that Trump lost to Joe Biden in 2020,up (powerful figure),Pam Bondi,overlay,1600000,7462398946313293102
democrats,20250121,Refused to help raise the federal minimum wage from $7.25/hour,up (powerful figure),Scott Bessent,overlay,1600000,7462398946313293102
democrats,20250121,Won't commit to protecting Medicaid,up (powerful figure),Scott Bessent,overlay,1600000,7462398946313293102
democrats,20250121,"Said Trump's tax giveaway for billionaires is ""the single most important economic issue of the day""",up (powerful figure),Scott Bessent,overlay,1600000,7462398946313293102
democrats,20250121,selling us out to billionaires,up (powerful figure),Donald Trump,overlay,1600000,7462398946313293102
democrats,20250123,A judge just blocked Trump's “blatantly unconstitutional” birthright citizenship attack 🙌,up (powerful figure),Donald Trump,overlay,288500,7463215454203563307
democrats,20250123,FEDERAL JUDGE SLAMS TRUMP BIRTHRIGHT CITIZENSHIP EXEC ORDER AS “BLATANTLY UNCONSTITUTIONAL”,up (powerful figure),Donald Trump,overlay,288500,7463215454203563307
democrats,20250123,"Judge Cooner slamming Trump's birthright citizenship executive order as a, quote, blatantly unconstitutional order.",up (powerful figure),Donald Trump,speech,288500,7463215454203563307
democrats,20250123,KIND OF FEELS LIKE WE'RE PAST SAYING THE QUIET PART OUT LOUD AND HE ACTUALLY PHYSICALLY COULD NOT GET ANY LOUDER ABOUT HIS RACISM,up (powerful figure),Donald Trump,overlay,281400,7463229162321349934
democrats,20250123,Kind of feels like we're passing the quiet part out loud and he actually physically could not get any louder about his racism.,up (powerful figure),Donald Trump,speech,281400,7463229162321349934
democrats,20250124,That's peanuts for these guys.,up (powerful figure),Donald Trump,overlay,1500000,7463539184003829034
democrats,20250124,"Trump now says bringing down grocery prices, as he promised, will be 'very hard'",up (powerful figure),Donald Trump,overlay,1500000,7463539184003829034
democrats,20250124,Trump Drive to Cut Safety Net Could Hit His Voters,up (powerful figure),Donald Trump,overlay,1500000,7463539184003829034
democrats,20250124,This Venn diagram could just be a circle....,up (powerful figure),"Amazon, Google, Meta, Microsoft, OpenAI, and Uber",overlay,142400,7463589541631266091
democrats,20250124,gave $1M to Trump's inauguration,up (powerful figure),"Amazon, Google, Meta, Microsoft, OpenAI, and Uber",overlay,142400,7463589541631266091
democrats,20250124,under scrutiny for committing anti-trust/privacy violations or harms to workers/consumers,up (powerful figure),"Amazon, Google, Meta, Microsoft, OpenAI, and Uber",overlay,142400,7463589541631266091
democrats,20250127,PEANUTS FOR THESE GUYS,up (powerful figure),Donald Trump,overlay,55000,7464616243870453034
democrats,20250127,people who compare billions of dollars to peanuts don't know anything about the challenges or aspirations of working class people,up (powerful figure),Donald Trump,speech,55000,7464616243870453034
democrats,20250129,oh that’s not…,up (powerful figure),Donald Trump,caption,3700000,7465138498710900014
democrats,20250129,Trump really just said this about birthright citizenship... 😳,up (powerful figure),Donald Trump,overlay,3700000,7465138498710900014
democrats,20250203,oop!,up (powerful figure),Donald Trump,caption,134600,7467224427244227886
democrats,20250203,even Fox is admitting prices will go up from Trump's tariffs 😬,up (powerful figure),Donald Trump,overlay,134600,7467224427244227886
democrats,20250203,He has only been successful in being a divider in chief,up (powerful figure),Donald Trump,overlay,159900,7467265838781861166
democrats,20250203,he did say he'd be a dictator on day one,up (powerful figure),Donald Trump,overlay,159900,7467265838781861166
democrats,20250203,he wanted to be a king,up (powerful figure),Donald Trump,overlay,159900,7467265838781861166
democrats,20250203,take a full fledged criminal and make him the president of the United States,up (powerful figure),Donald Trump,overlay,159900,7467265838781861166
democrats,20250203,they want to act aghast when he does criminal things,up (powerful figure),Donald Trump,overlay,159900,7467265838781861166
democrats,20250203,we have a thug in charge of the United States,up (powerful figure),Donald Trump,overlay,159900,7467265838781861166
democrats,20250204,Elon Musk is a terrible president.,up (powerful figure),Elon Musk,overlay,3500000,7467662816942509358
democrats,20250206,Republicans are trying to steal your money.,lateral (institution),Republican Party,caption,258400,7468340390958189870
democrats,20250206,"Block Elon Musk's ""Unlawful"" DOGE Actions",up (powerful figure),Elon Musk,overlay,258400,7468340390958189870
democrats,20250206,Elon Musk has already proven that he's the worst president America has ever had.,up (powerful figure),Elon Musk,speech,258400,7468340390958189870
democrats,20250206,keep Elon from illegally accessing your Social Security number and tax information.,up (powerful figure),Elon Musk,speech,258400,7468340390958189870
democrats,20250206,Trump and his billionaire cabinet don't give a damn about working people in this country.,up (powerful figure),Donald Trump and his cabinet,speech,258400,7468340390958189870
democrats,20250206,They're trying to steal your money,up (powerful figure),Donald Trump and his billionaire cabinet,speech,258400,7468340390958189870
democrats,20250206,"this you, @J.D. Vance?",up (powerful figure),JD Vance,caption,1200000,7468375150619069738
democrats,20250206,SEVERAL MONTHS LATER...,up (powerful figure),JD Vance,overlay,1200000,7468375150619069738
democrats,20250206,"Egg costs predicted to rise in 2025, despite Vance saying ‘prices are going to come down’",up (powerful figure),JD Vance,overlay,1200000,7468375150619069738
democrats,20250207,We like this Time cover better,up (powerful figure),Donald Trump,overlay,2100000,7468737837102402858
democrats,20250207,bro is definitely not mad,up (powerful figure),Donald Trump,caption,630700,7468760397802163499
democrats,20250207,Someone is going to be BIGLY mad.,up (powerful figure),Donald Trump,overlay,630700,7468760397802163499
democrats,20250207,IS TIME MAGAZINE STILL IN BUSINESS?,up (powerful figure),Donald Trump,overlay,630700,7468760397802163499
democrats,20250210,"@J.D. Vance, you good?",up (powerful figure),JD Vance,caption,961400,7469928284504182062
democrats,20250210,that was a quick no lol,up (powerful figure),JD Vance,overlay,961400,7469928284504182062
democrats,20250210,"NO,",up (powerful figure),JD Vance,overlay,961400,7469928284504182062
democrats,20250212,yeah how’s that going Trump?,up (powerful figure),Donald Trump,caption,100400,7470563632284175659
democrats,20250212,"But starting on day one, I will quickly defeat inflation.",up (powerful figure),Donald Trump,speech,100400,7470563632284175659
democrats,20250212,"With High Prices Persisting, Trump Tempers Tone on Slaying Inflation",up (powerful figure),Donald Trump,overlay,100400,7470563632284175659
democrats,20250212,Trump's head of DOGE,up (powerful figure),Elon Musk,overlay,248000,7470620077008932142
democrats,20250212,partners in crime 🫶,up (powerful figure),Donald Trump and Elon Musk,caption,1400000,7470656026598051114
democrats,20250212,Trump standing by his president 😂😂😂,up (powerful figure),Donald Trump and Elon Musk,overlay,1400000,7470656026598051114
democrats,20250212,"Dear Lord, when I get to heaven Please let me bring my man When he comes, tell me that you'll let him in",up (powerful figure),Donald Trump,sound,1400000,7470656026598051114
democrats,20250214,bro is cooked 😭,up (powerful figure),Donald Trump,caption,1200000,7471351194347212075
democrats,20250217,NOT YOU,up (powerful figure),Donald Trump,overlay,2600000,7472392764244757806
democrats,20250219,Heartbreaking: The Worst Person You Know Just Made A Great Point,up (powerful figure),Donald Trump,overlay,145100,7472954919314574634
democrats,20250219,@J.D. Vance wya,up (powerful figure),JD Vance,caption,1100000,7472959564183293227
democrats,20250219,Where's JD Vance?,up (powerful figure),JD Vance,overlay,1100000,7472959564183293227
democrats,20250219,FOX ALT VS,up (powerful figure),Fox News,overlay,1100000,7472959564183293227
democrats,20250219,bro what,up (powerful figure),Elon Musk,caption,815300,7473156906056486190
democrats,20250219,next level delulu from Elon,up (powerful figure),Elon Musk,overlay,815300,7473156906056486190
democrats,20250219,"not once have I seen him do something that was mean, or cruel, or wrong. Not once.",up (powerful figure),Elon Musk,speech,815300,7473156906056486190
democrats,20250221,oof…,up (powerful figure),The dancing man presented as Donald Trump's associate,caption,3000000,7473891896075537706
democrats,20250221,Trump's emergency contact ❤️,up (powerful figure),The dancing man,overlay,3000000,7473891896075537706
democrats,20250221,I'm just an ordinary girl,up (powerful figure),The dancing man,sound,3000000,7473891896075537706
democrats,20250225,remember when Trump said he’d lower the price of eggs on day one?,up (powerful figure),Donald Trump,caption,2500000,7475399123198348586
democrats,20250225,Many Unbearable Hours Later...,up (powerful figure),Donald Trump,overlay,2500000,7475399123198348586
democrats,20250226,lol not these showing up in grocery stores after Trump promised prices would go down on day one 😂😂😂,up (powerful figure),Donald Trump,overlay,738000,7475783648705285419
democrats,20250226,I DID THAT!,up (powerful figure),Donald Trump,overlay,738000,7475783648705285419
democrats,20250226,L,up (powerful figure),Donald Trump,caption,1800000,7475791898532203819
democrats,20250226,a sad little Trump letting President Musk control his first Cabinet meeting 😂😂,up (powerful figure),Donald Trump,overlay,1800000,7475791898532203819
democrats,20250226,President Musk,up (powerful figure),Elon Musk,overlay,1800000,7475791898532203819
democrats,20250226,RSBN LIVE COVERAGE,up (powerful figure),Right Side Broadcasting Network (RSBN),overlay,1800000,7475791898532203819
democrats,20250226,TRUMP DHS SECRETARY NOEM PLANS NATIONAL REGISTRY FOR,up (powerful figure),Donald Trump,overlay,1800000,7475791898532203819
democrats,20250228,you sure about that? 🤔,lateral (institution),The White House,overlay,608200,7476592000746245419
democrats,20250228,Fixed that for you,lateral (institution),The White House,overlay,608200,7476592000746245419
democrats,20250228,PUTIN FIRST 🇷🇺,lateral (institution),The White House,overlay,608200,7476592000746245419
democrats,20250303,priorities 🙄,up (powerful figure),Donald Trump,caption,2100000,7477665478089952558
democrats,20250303,this and tax breaks for billionaires instead of lowering prices for the American people,up (powerful figure),Donald Trump,overlay,2100000,7477665478089952558
democrats,20250304,jd wya? 🤔,up (powerful figure),JD Vance,caption,4200000,7477738890917629230
democrats,20250304,where is JD Vance bro 😂😅,up (powerful figure),JD Vance,overlay,4200000,7477738890917629230
democrats,20250304,That's just hogwash.,up (powerful figure),Donald Trump's claims,speech,588300,7478003354916998442
democrats,20250304,he looks like a cow looking at a new gate.,up (powerful figure),Donald Trump,speech,588300,7478003354916998442
democrats,20250304,he buries a 10-cent topic in $20 words.,up (powerful figure),Donald Trump,speech,588300,7478003354916998442
democrats,20250304,senseless droning,up (powerful figure),Donald Trump,speech,588300,7478003354916998442
democrats,20250304,he ain't the guy to give it to us.,up (powerful figure),Donald Trump,speech,588300,7478003354916998442
democrats,20250304,Trump isn’t the guy to give it to them.,up (powerful figure),Donald Trump,caption,588300,7478003354916998442
democrats,20250305,lol Trump already is getting dunked on at the joint address 😂,up (powerful figure),Donald Trump,overlay,443400,7478150487045475630
democrats,20250305,This is Not Normal,up (powerful figure),Donald Trump,overlay,443400,7478150487045475630
democrats,20250305,"*Elon Musk, an unelected bureaucrat*",up (powerful figure),Elon Musk; Donald Trump,overlay,1100000,7478160140277976366
democrats,20250311,Ugly ass truck,up (powerful figure),Tesla Cybertruck,overlay,2200000,7480658365589343534
democrats,20250311,priorities 😀,up (powerful figure),Donald Trump,caption,2000000,7480673223613533486
democrats,20250311,crashes the economy but has time to throw a car show for a billionaire 😭,up (powerful figure),Donald Trump,overlay,2000000,7480673223613533486
democrats,20250311,“tesler”,up (powerful figure),Donald Trump,caption,4000000,7480692090125503787
democrats,20250311,WHAT THE FUCK IS A TESLER,up (powerful figure),Donald Trump,overlay,4000000,7480692090125503787
democrats,20250315,erm…?,up (powerful figure),JD Vance,caption,694500,7481820115604884779
democrats,20250315,bro just said the most insane thing about his wife 😭,up (powerful figure),JD Vance,overlay,694500,7481820115604884779
democrats,20250315,"anything that I say, no matter how crazy, Usha has to smile and laugh and celebrate it.",up (powerful figure),JD Vance,speech,694500,7481820115604884779
democrats,20250318,Trump didn't know it yet but he was actually going to be Elon's vice president,up (powerful figure),Donald Trump,overlay,933800,7483198602043526442
democrats,20250321,Republicans are scared of their constituents,lateral (institution),Republicans,caption,432400,7484308070659624235
democrats,20250321,their GOP reps no-showed,lateral (institution),GOP reps,overlay,432400,7484308070659624235
democrats,20250324,what happened to lowering prices on day one ☠️,up (powerful figure),Donald Trump,caption,5000000,7485415720357186862
democrats,20250324,convinced gng I'd lower prices on day one but crashed the economy instead,up (powerful figure),Donald Trump,overlay,5000000,7485415720357186862
democrats,20250324,Secretary of Defense Pete Hegseth accidentally added a reporter into a group chat where Trump officials were discussing top secret military war plans.,up (powerful figure),Pete Hegseth,overlay,1700000,7485446148845554987
democrats,20250324,Even JD Vance was caught ripping Trump in the groupchat😥,up (powerful figure),JD Vance,overlay,1700000,7485446148845554987
democrats,20250324,We are currently clean on OPSEC.,up (powerful figure),Pete Hegseth,overlay,1700000,7485446148845554987
democrats,20250325,20 seconds of rambling,up (powerful figure),Donald Trump,caption,268800,7485530735089077550
democrats,20250325,Trump calling Usha anything but her name 😂👍,up (powerful figure),Donald Trump,overlay,268800,7485530735089077550
democrats,20250325,“Pete… there’s a reporter in our war gc”,lateral (institution),Trump administration,overlay,3100000,7485556928656231726
democrats,20250325,THE TRUMP ADMINISTRATION ACCIDENTALLY TEXTED ME ITS WAR PLANS,lateral (institution),Trump administration,overlay,3100000,7485556928656231726
democrats,20250326,THE TRUMP ADMINISTRATION ACCIDENTALLY TEXTED ME ITS WAR PLANS,lateral (institution),Trump administration,overlay,1300000,7486225914964053291
democrats,20250326,texting a journalist in my war gc,up (powerful figure),Pete Hegseth,overlay,1300000,7486225914964053291
democrats,20250331,"Elon, I'll make you a deal. I'll stop making fun of your stock when you take your hands off social security.",up (powerful figure),Elon Musk,overlay,1300000,7488081482188066090
democrats,20250401,yeah sure Elon,up (powerful figure),Elon Musk,caption,254100,7488133847683534122
democrats,20250401,"""Legalize comedy"" 🤔🤔🤔",up (powerful figure),Elon Musk,overlay,254100,7488133847683534122
democrats,20250401,"And while Trump and Elon don't rest, neither do the Democrats.",up (powerful figure),Donald Trump and Elon Musk,speech,92500,7488436077645090094
democrats,20250401,"which, I mean, to each their own, I guess. That's a choice",lateral (institution),people who went on to serve in the Trump administration,speech,92500,7488436077645090094
democrats,20250401,"how Elon is trying to buy this election, essentially.",up (powerful figure),Elon Musk,speech,92500,7488436077645090094
democrats,20250401,"to me, that sounds a little illegal, but...",up (powerful figure),Elon Musk,speech,92500,7488436077645090094
democrats,20250402,loser,up (powerful figure),Elon Musk,overlay,352200,7488544412524416298
democrats,20250402,Wisconsin beat the billionaire.,up (powerful figure),Elon Musk,overlay,1700000,7488791101889842478
democrats,20250402,.@elonmusk continues to show us that money can't buy you happiness or the 2025 Wisconsin Supreme Court Race 👍🏾,up (powerful figure),Elon Musk,overlay,1700000,7488791101889842478
democrats,20250403,BOO HOO,up (powerful figure),Donald Trump; Elon Musk,caption,129800,7489085399550151978
democrats,20250403,"Oh, boo-hoo! Let me play a sad song for you on the world's smallest violin.",up (powerful figure),Donald Trump; Elon Musk,sound,129800,7489085399550151978
democrats,20250406,Hands Off,lateral (institution),Republican Party,caption,550500,7490038838870527274
democrats,20250407,THE ART OF tanking the economy,up (powerful figure),Donald Trump,overlay,281400,7490653386224815402
democrats,20250414,"Donald Trump just hit a new low, which for him is saying a lot.",up (powerful figure),Donald Trump,speech,79000,7493290561395543342
democrats,20250414,"NEW LOW,",up (powerful figure),Donald Trump,overlay,79000,7493290561395543342
democrats,20250414,IS SAYING A LOT.,up (powerful figure),Donald Trump,overlay,79000,7493290561395543342
democrats,20250414,I don't think a 34-count convicted felon like Donald Trump has the best understanding of the law.,up (powerful figure),Donald Trump,speech,79000,7493290561395543342
democrats,20250414,A 34-COUNT CONVICTED FELON LIKE HAS THE BEST UNDERSTANDING OF THE LAW.,up (powerful figure),Donald Trump,overlay,79000,7493290561395543342
democrats,20250415,"""Home-grown criminals"" 🤔",up (powerful figure),Donald Trump,overlay,866800,7493579131737722158
democrats,20250415,GUILTY 34 NOT GUILTY 0 NO VERDICT 0,up (powerful figure),Donald Trump,overlay,866800,7493579131737722158
democrats,20250422,.@PeteHegseth needs to go.,up (powerful figure),Pete Hegseth,overlay,1900000,7496141252472229163
democrats,20250422,Pete really thought he ate...,up (powerful figure),Pete Hegseth,overlay,1900000,7496141252472229163
democrats,20250422,Pete's POV:,up (powerful figure),Pete Hegseth,overlay,1900000,7496141252472229163
democrats,20250422,"Uh-oh, uh-oh, uh-oh, uh-oh, uh-oh",up (powerful figure),Pete Hegseth,sound,1900000,7496141252472229163
democrats,20250428,These approval ratings... 🙈,up (powerful figure),Donald Trump,overlay,193300,7498379367567854890
democrats,20250428,Trump's approval at 100 days lower than any president in at least seven decades,up (powerful figure),Donald Trump,overlay,193300,7498379367567854890
democrats,20250428,Trump's approval rating down from February,up (powerful figure),Donald Trump,overlay,193300,7498379367567854890
democrats,20250428,Even Fox News 😂😂😂,up (powerful figure),Donald Trump,overlay,193300,7498379367567854890
democrats,20250428,bro is CRASHING OUT,up (powerful figure),Donald Trump,overlay,193300,7498379367567854890
democrats,20250428,Trump logging in to this bad Fox News poll:,up (powerful figure),Donald Trump,overlay,84000,7498423928474324267
democrats,20250428,How could you do this to me? Question mark.,up (powerful figure),Donald Trump,sound,84000,7498423928474324267
democrats,20250429,Winning 👍,up (powerful figure),Donald Trump,caption,115800,7498768204513168683
democrats,20250429,"We're going to win so much you may even get tired of winning and you'll say please, please, it's too much winning. We can't take it anymore.",up (powerful figure),Donald Trump,sound,115800,7498768204513168683
democrats,20250429,Trump's first 100 days are the worst for the stock market since Nixon,up (powerful figure),Donald Trump,overlay,115800,7498768204513168683
democrats,20250429,"More give Trump an F than any other grade for first 100 days, poll finds",up (powerful figure),Donald Trump,overlay,115800,7498768204513168683
democrats,20250429,CNN Poll: Trump's approval at 100 days lower than any president in at least seven decades,up (powerful figure),Donald Trump,overlay,115800,7498768204513168683
democrats,20250430,"This is Biden's Stock Market, not Trump's.",up (powerful figure),Donald Trump,overlay,2100000,7499109879735520558
democrats,20250430,THIS IS THE TRUMP STOCK MARKET BECAUSE MY POLLS AGAINST BIDEN ARE SO GOOD THAT INVESTORS ARE PROJECTING THAT I WILL WIN,up (powerful figure),Donald Trump,overlay,2100000,7499109879735520558
democrats,20250430,What was that?,up (powerful figure),Donald Trump,sound,2100000,7499109879735520558
democrats,20250501,elon cringe core,up (powerful figure),Elon Musk,overlay,158400,7499479717444193582
democrats,20250501,🥴🥀,up (powerful figure),Elon Musk,caption,158400,7499479717444193582
democrats,20250501,GULF OF AMERICA,up (powerful figure),Elon Musk,overlay,158400,7499479717444193582
democrats,20250501,What do you think of my hat? Even my hat has a hat.,up (powerful figure),Elon Musk,sound,158400,7499479717444193582
democrats,20250501,"Like, legalized comedy!",up (powerful figure),Elon Musk,sound,158400,7499479717444193582
democrats,20250501,Trump's National Security Advisor has been fired after he added a journalist into a highly confidential group chat.,up (powerful figure),Michael Waltz,overlay,252600,7499507508503907626
democrats,20250501,Donald J. Trump removed Michael Waltz.,up (powerful figure),Michael Waltz,overlay,252600,7499507508503907626
democrats,20250501,damn lol 😭,up (powerful figure),Michael Waltz,overlay,252600,7499507508503907626
democrats,20250507,jd-chan?,up (powerful figure),JD Vance,overlay,632100,7501803079667404074
democrats,20250507,"sold out to trump, became completely irrelevant in a disastrous administration",up (powerful figure),JD Vance,overlay,632100,7501803079667404074
democrats,20250508,He can’t help himself,up (powerful figure),Donald Trump,caption,1200000,7502101967536246062
democrats,20250508,Stop abusing the presidency to enrich yourself while the economy tanks,up (powerful figure),Donald Trump,overlay,1200000,7502101967536246062
democrats,20250508,I mean I could but why would I want to,up (powerful figure),Donald Trump,overlay,1200000,7502101967536246062
democrats,20250508,Can't keep my hands to my soul,up (powerful figure),Donald Trump,sound,1200000,7502101967536246062
democrats,20250508,Priorities 😀👍,lateral (institution),Republican Party,caption,234500,7502109403156385066
democrats,20250508,Republicans just renamed the Gulf of Mexico while ppl can't afford rent or groceries,lateral (institution),Republican Party,overlay,234500,7502109403156385066
democrats,20250513,😴,up (powerful figure),Donald Trump,caption,490000,7503992442119556398
democrats,20250513,Trump falling asleep during his Saudi Arabia meeting lol,up (powerful figure),Donald Trump,overlay,490000,7503992442119556398
democrats,20250513,They drained me.,up (powerful figure),Donald Trump,sound,490000,7503992442119556398
democrats,20250514,I don't think people should be taking medical advice from me.,up (powerful figure),Robert F. Kennedy Jr.,overlay,307000,7504385618344955182
democrats,20250514,🤭,up (powerful figure),Robert F. Kennedy Jr.,overlay,307000,7504385618344955182
democrats,20250514,"Robert F. Kennedy Jr. submerges in creek with high bacteria levels, including E. coli",up (powerful figure),Robert F. Kennedy Jr.,overlay,307000,7504385618344955182
democrats,20250514,You smell that shit?,up (powerful figure),Robert F. Kennedy Jr.,sound,307000,7504385618344955182
democrats,20250514,Her breath smelled like straight up shit.,up (powerful figure),Robert F. Kennedy Jr.,sound,307000,7504385618344955182
democrats,20250514,It smelled like a toilet full of,up (powerful figure),Robert F. Kennedy Jr.,sound,307000,7504385618344955182
democrats,20250522,they're always doing the same thing 😂,lateral (institution),Republican Party,overlay,191300,7507396024143482158
democrats,20250522,"run, he's got a gun.",lateral (institution),Republican Party,sound,191300,7507396024143482158
democrats,20250528,Elon rips into Trump's bill: 'I'm disappointed' 😳,up (powerful figure),Trump's bill,overlay,171200,7509500179490278702
democrats,20250528,"I was, like, disappointed to see the massive spending bill, frankly, which increases the budget deficit, not just decrease it",up (powerful figure),Trump's bill,speech,171200,7509500179490278702
democrats,20250528,"this big, beautiful bill",up (powerful figure),Trump's bill,speech,171200,7509500179490278702
democrats,20250528,I think a bill can be big or it can be beautiful. But I don't know if it could be both.,up (powerful figure),Trump's bill,speech,171200,7509500179490278702
democrats,20250528,He’s so mad lol 🐔,up (powerful figure),Donald Trump,caption,1500000,7509574990010928427
democrats,20250528,Trump MELTS DOWN after finding out Wall Street calls him a chicken behind his back 😭,up (powerful figure),Donald Trump,overlay,1500000,7509574990010928427
democrats,20250528,THEY'RE SAYING TRUMP ALWAYS CHICKENS OUT,up (powerful figure),Donald Trump,overlay,1500000,7509574990010928427
democrats,20250528,They're saying Trump always chickens out on your tariff threats,up (powerful figure),Donald Trump,speech,1500000,7509574990010928427
democrats,20250529,"Elon Musk has left the Donald Trump administration, @AP reports.",up (powerful figure),Elon Musk and Donald Trump,overlay,2000000,7509695696447016238
democrats,20250529,Department of Government Efficiency (DOGE),up (powerful figure),Elon Musk,overlay,2000000,7509695696447016238
democrats,20250529,And it's so hard to say goodbye,up (powerful figure),Elon Musk and Donald Trump,sound,2000000,7509695696447016238
democrats,20250529,"divorce babe, divorce",up (powerful figure),Donald Trump and Elon Musk,overlay,265600,7509894614946663726
democrats,20250529,💔💔💔,up (powerful figure),Donald Trump and Elon Musk,overlay,265600,7509894614946663726
democrats,20250602,“Sounds like a fourth grader came up with it”,up (powerful figure),Donald Trump's budget,caption,151900,7511388736970755374
democrats,20250602,"the big, beautiful bill.",up (powerful figure),Donald Trump,speech,151900,7511388736970755374
democrats,20250602,"I was going to say it sounds like a fourth grader came up with it, but that would be insulting to my fourth graders.",up (powerful figure),Donald Trump's budget,speech,151900,7511388736970755374
democrats,20250602,Trump and Republicans are trying to ram this monstrosity through Congress,up (powerful figure),Donald Trump's budget,speech,151900,7511388736970755374
democrats,20250602,A record-setting shift of wealth to the rich from all the rest of us.,up (powerful figure),Donald Trump's budget,speech,151900,7511388736970755374
democrats,20250604,she voted yes and didn’t read it 😀,up (powerful figure),Marjorie Taylor Greene,caption,257000,7512137225631583531
democrats,20250604,MTG just admitted she didn't bother reading all of Trump's bill 😒,up (powerful figure),Marjorie Taylor Greene,overlay,257000,7512137225631583531
democrats,20250605,Checking in from the Trump/Elon breakup 🤫,up (powerful figure),Donald Trump and Elon Musk,overlay,7300000,7512583982710590766
democrats,20250605,The Trump tariffs will cause a recession in the second half of this year,up (powerful figure),Donald Trump,overlay,7300000,7512583982710590766
democrats,20250605,can i finally say that trump's tariffs are super stupid,up (powerful figure),Donald Trump,overlay,7300000,7512583982710590766
democrats,20250605,@realDonaldTrump is in the Epstein files. That is the real reason they have not been made public.,up (powerful figure),Donald Trump,overlay,7300000,7512583982710590766
democrats,20250605,"Have a nice day, DJT!",up (powerful figure),Donald Trump,overlay,7300000,7512583982710590766
democrats,20250605,"Without me, Trump would have lost the election, Dems would control the House and the Republicans would be 51-49 in the Senate.",up (powerful figure),Donald Trump,overlay,7300000,7512583982710590766
democrats,20250606,"the girls are fighting, aren’t they?",up (powerful figure),Donald Trump and Elon Musk,caption,9800000,7512637809090628910
democrats,20250609,"Arrest me. Let's just get it over with, tough guy.",lateral (institution),Trump administration,overlay,3700000,7513973098182495530
democrats,20250609,The hell are they doing?,lateral (institution),Trump administration,overlay,3700000,7513973098182495530
democrats,20250609,"Come and get me, tough guy.",up (powerful figure),Trump's border czar,overlay,3700000,7513973098182495530
democrats,20250609,I don't give a damn.,up (powerful figure),Trump's border czar,overlay,3700000,7513973098182495530
democrats,20250609,is he good,up (powerful figure),Donald Trump,caption,554800,7514032259675131182
democrats,20250609,Trump tripped on the AF1 stairs lol,up (powerful figure),Donald Trump,overlay,554800,7514032259675131182
democrats,20250609,"This is you, this is so good",up (powerful figure),Donald Trump,sound,554800,7514032259675131182
democrats,20250610,"Newsom ought to be tarred and feathered, I'll say that.",up (powerful figure),Mike Johnson,overlay,267500,7514432808048381230
democrats,20250610,"Girl, what the fuck is you talking about?",up (powerful figure),Mike Johnson,sound,267500,7514432808048381230
democrats,20250611,his posture 😭,up (powerful figure),Donald Trump,caption,11500000,7514728203789929774
democrats,20250613,the hell is this guy,up (powerful figure),Political opponents,speech,218000,7515519975906381102
democrats,20250613,come after me arrest me let's just get it over with,up (powerful figure),Political opponents,speech,218000,7515519975906381102
democrats,20250613,tough guy,up (powerful figure),Political opponents,speech,218000,7515519975906381102
democrats,20250613,i don't give a damn,up (powerful figure),Political opponents,speech,218000,7515519975906381102
democrats,20250613,the hell are they doing,up (powerful figure),Political opponents,speech,218000,7515519975906381102
democrats,20250618,he wants melania’s job so bad 😭,up (powerful figure),Donald Trump,caption,1100000,7517308194176158990
democrats,20250618,Trump's UNHINGED flagpole rant 😭😭,up (powerful figure),Donald Trump,overlay,1100000,7517308194176158990
democrats,20250618,they're the fake news.,up (powerful figure),the fake news,speech,1100000,7517308194176158990
democrats,20250618,Priorities 😀👍,up (powerful figure),Donald Trump,caption,538900,7517312499587370295
democrats,20250618,Trump as news swirls about possible war with Iran:,up (powerful figure),Donald Trump,overlay,538900,7517312499587370295
democrats,20250620,Go Blue.,up (powerful figure),ICE,overlay,677700,7518038017651526926
democrats,20250620,oh that’s not—,up (powerful figure),JD Vance,caption,1000000,7518172540766850318
democrats,20250620,WTF‼️ JD Vance just referred to Sen. Alex Padilla as “Jose Padilla”,up (powerful figure),JD Vance,overlay,1000000,7518172540766850318
democrats,20250620,"I WAS HOPING JOSE PADILLA WOULD BE HERE TO ASK A QUESTION, BUT UNFORTUNATELY, I GUESS HE DECIDED NOT TO SHOW UP BECAUSE THERE WASN'T THE THEATER. AND THAT'S ALL IT IS. I THINK EVERYBODY REALIZES THAT'S WHAT THIS IS. IT'S PURE POLITICAL THEATER.",up (powerful figure),JD Vance,overlay,1000000,7518172540766850318
democrats,20250624,So then why the fuck did you get us involved?,up (powerful figure),Donald Trump,overlay,1000000,7519541956272196878
democrats,20250624,Bro is always confused about something 😭,up (powerful figure),Robert F. Kennedy Jr.,caption,815800,7519623949236456717
democrats,20250624,You fired the committee!,up (powerful figure),Robert F. Kennedy Jr.,overlay,815800,7519623949236456717
democrats,20250624,The budget you proposed will cut $1.7 billion in Alzheimer's research.,up (powerful figure),Robert F. Kennedy Jr.,overlay,815800,7519623949236456717
democrats,20250624,"There were 35, and you've already cut 13 of them.",up (powerful figure),Robert F. Kennedy Jr.,overlay,815800,7519623949236456717
democrats,20250624,Does cutting off treatment from people still suffering align with step 12?,up (powerful figure),Robert F. Kennedy Jr.,overlay,815800,7519623949236456717
democrats,20250624,Bozo bitch are you dum,up (powerful figure),Robert F. Kennedy Jr.,sound,815800,7519623949236456717
democrats,20250625,Trump's update on ending the war in Ukraine in “one day”,up (powerful figure),Donald Trump,overlay,240200,7519961732333276429
democrats,20250625,One day? 🤨,up (powerful figure),Donald Trump,caption,240200,7519961732333276429
democrats,20250701,The breakup continues,up (powerful figure),Donald Trump and Elon Musk,caption,844200,7522122537661123854
democrats,20250701,Trump says he might deport Elon 😭,up (powerful figure),Donald Trump,overlay,844200,7522122537661123854
democrats,20250701,WE MIGHT HAVE TO PUT DOGE ON ELON.,up (powerful figure),Donald Trump,overlay,844200,7522122537661123854
democrats,20250702,Shameful.,lateral (institution),Republican Party,caption,2600000,7522529786233736461
democrats,20250702,Trump's “No tax on tips” scam,up (powerful figure),Donald Trump,overlay,2600000,7522529786233736461
democrats,20250702,the scam of that tax,up (powerful figure),"The Republican ""no tax on tips"" plan",speech,2600000,7522529786233736461
democrats,20250702,"jacking up taxes on people who make less than $50,000 across the United States while taking away their SNAP, while taking away their Medicaid, while kicking them off of the ACA and their healthcare extensions.",lateral (institution),Republican Party,speech,2600000,7522529786233736461
democrats,20250702,This bill is a deal with the devil.,up (powerful figure),The Republican tax bill,speech,2600000,7522529786233736461
democrats,20250702,it strips away healthcare and basic dignity of the American people for what? To give Elon Musk a tax break and billionaires the greedy taking of our nation.,up (powerful figure),"The Republican tax bill, Elon Musk, and billionaires",speech,2600000,7522529786233736461
democrats,20250703,Trump doesn’t care about Americans.,up (powerful figure),Donald Trump,caption,96200,7522874405802855693
democrats,20250703,"This is the day that Donald Trump and the Republican Party are telling the American people, especially in rural America, that they don't care about us.",lateral (institution),Donald Trump and the Republican Party,speech,96200,7522874405802855693
democrats,20250703,This is the Republican majority firing Americans that right now have a good job.,up (powerful figure),The Republican majority,speech,96200,7522874405802855693
democrats,20250703,This is just crazy.,up (powerful figure),The Republican budget bill,speech,96200,7522874405802855693
democrats,20250703,This is the worst bill I've seen in my lifetime.,up (powerful figure),The Republican budget bill,speech,96200,7522874405802855693
democrats,20250703,are we great yet?,lateral (institution),Republican Party,caption,20100000,7522976168543358221
democrats,20250703,Republicans after passing the “we fucking hate poor people” bill,lateral (institution),Republican Party,overlay,20100000,7522976168543358221
democrats,20250704,same energy,up (powerful figure),Republican politicians,caption,1500000,7523335854237043982
democrats,20250704,ts so ahh 🥀,up (powerful figure),Republican politicians,overlay,1500000,7523335854237043982
democrats,20250704,"Damn, I'm on my Britney s***. Oops, I hit again.",up (powerful figure),Republican politicians,sound,1500000,7523335854237043982
democrats,20250704,"Damn, I'm on my DJ Khaled s***. We the best.",up (powerful figure),Republican politicians,sound,1500000,7523335854237043982
democrats,20250704,"Damn, we rolling hella deep. I feel like Adele.",up (powerful figure),Republican politicians,sound,1500000,7523335854237043982
democrats,20250704,Trump after signing the “poor people don’t deserve to live” bill,up (powerful figure),Donald Trump,overlay,867200,7523353375405100302
democrats,20250708,What changed?,up (powerful figure),JD Vance,caption,514700,7524798617081761038
democrats,20250708,DOJ says no evidence Jeffrey Epstein had a 'client list' or blackmailed associates,up (powerful figure),The Trump-Vance admin,overlay,514700,7524798617081761038
democrats,20250709,Are you still talking about Jeffrey Epstein?,up (powerful figure),Donald Trump,overlay,112400,7525080836702506253
democrats,20250709,People still talking about this guy? Do you want to waste the time?,up (powerful figure),Donald Trump,overlay,112400,7525080836702506253
democrats,20250709,that's suspicious that's weird,up (powerful figure),Donald Trump,sound,112400,7525080836702506253
democrats,20250709,the official language of Liberia is English btw,up (powerful figure),Donald Trump,caption,346000,7525161875911281933
democrats,20250709,such good english,up (powerful figure),Donald Trump,speech,346000,7525161875911281933
democrats,20250709,Were you educated?,up (powerful figure),Donald Trump,speech,346000,7525161875911281933
democrats,20250709,i have people at this table can't speak nearly as well,up (powerful figure),Donald Trump,speech,346000,7525161875911281933
democrats,20250711,I can't give you a yes or no to that.,up (powerful figure),Robert F. Kennedy Jr.,overlay,1100000,7525847595214720311
democrats,20250711,RFK Jr. posts photos swimming with his family in DC's Rock Creek despite warnings of high bacteria,up (powerful figure),Robert F. Kennedy Jr.,overlay,1100000,7525847595214720311
democrats,20250711,PHOTO EMERGES OF RFK JR. POSING WITH DEAD BEAR CUB,up (powerful figure),Robert F. Kennedy Jr.,overlay,1100000,7525847595214720311
democrats,20250711,he's got a dead worm in his brain 🥰,up (powerful figure),Robert F. Kennedy Jr.,overlay,1100000,7525847595214720311
democrats,20250711,doing everything but her job,up (powerful figure),Kristi Noem,caption,1000000,7525877462522187021
democrats,20250711,"Oh my God, my fit is fantastic.",up (powerful figure),Kristi Noem,sound,1000000,7525877462522187021
democrats,20250711,Wow who would have thought that electing a rapist would have complicated the release of the Epstein Files?,up (powerful figure),Donald Trump,overlay,3100000,7525958143038344503
democrats,20250712,Senator Ossoff just cooked Trump on the Epstein files 😭,up (powerful figure),Donald Trump,overlay,2800000,7526316811508403469
democrats,20250712,Did anyone really think the sexual predator president who used to party with Jeffrey Epstein was going to release the Epstein files?,up (powerful figure),Donald Trump,speech,2800000,7526316811508403469
democrats,20250712,SEXUAL PREDATOR PRESIDENT,up (powerful figure),Donald Trump,overlay,2800000,7526316811508403469
democrats,20250712,if you’re in the files just say that😭,up (powerful figure),Donald Trump,caption,69300,7526319334944197902
democrats,20250712,Oh he's maddddd😭,up (powerful figure),Donald Trump,overlay,69300,7526319334944197902
democrats,20250713,🤏🤏🤏,up (powerful figure),Donald Trump,caption,308200,7526390989922061582
democrats,20250713,why does Trump look so tiny 😂,up (powerful figure),Donald Trump,overlay,308200,7526390989922061582
democrats,20250714,why does JD run like this 😭,up (powerful figure),JD Vance,overlay,2300000,7526995956257099021
democrats,20250714,"Wobbly wiggly, wobbly wiggly, wobbly wiggly, ooh. Ooh, ooh.",up (powerful figure),JD Vance,sound,2300000,7526995956257099021
democrats,20250715,What changed?,lateral (institution),Donald Trump; House Republicans,caption,636400,7527342299689274637
democrats,20250715,Almost every House Republican just voted to BLOCK the release of the Epstein files !!,up (powerful figure),House Republican,overlay,435600,7527396657617521975
democrats,20250715,quiet part out loud,up (powerful figure),Donald Trump,caption,596300,7527421842320149815
democrats,20250715,Trump admits to gerrymandering: “We’ll pick up 5 seats” 😳,up (powerful figure),Donald Trump,overlay,596300,7527421842320149815
democrats,20250716,He knows.,up (powerful figure),Donald Trump,caption,386500,7527697484030709006
democrats,20250716,"He calls his own concerned voters ""weaklings""",up (powerful figure),Donald Trump,overlay,386500,7527697484030709006
democrats,20250716,I don't want their support anymore.,up (powerful figure),Donald Trump,overlay,386500,7527697484030709006
democrats,20250717,"I’ve known Jeff for fifteen years. Terrific guy. He’s a lot of fun to be with. It is even said that he likes beautiful women as much as I do, and many of them are on the younger side. No doubt about it — Jeffrey enjoys his social life.",up (powerful figure),Donald Trump,overlay,1700000,7528090788350168334
democrats,20250717,they not like us,up (powerful figure),Donald Trump,sound,1700000,7528090788350168334
democrats,20250718,You sure about that?,up (powerful figure),Donald Trump,caption,521200,7528520464495365390
democrats,20250718,A THOUSAND WORDS,up (powerful figure),Donald Trump,overlay,521200,7528520464495365390
democrats,20250718,TRUMP CLAIMS HE ‘NEVER WROTE A PICTURE IN MY LIFE.’ HE ACTUALLY DREW PLENTY OF THEM,up (powerful figure),Donald Trump,overlay,521200,7528520464495365390
democrats,20250721,Trump getting cooked for his friendship with Epstein,up (powerful figure),Donald Trump,overlay,262600,7529601301185891639
democrats,20250721,lol,up (powerful figure),Donald Trump,caption,262600,7529601301185891639
democrats,20250721,"Guys, I can't do this! Hey, bear. Fuck off my head! I can't reach him now! Get the fuck off!",up (powerful figure),Donald Trump,sound,262600,7529601301185891639
democrats,20250721,Trump releasing the MLK files and renaming football teams to stop people from talking about the Epstein files:,up (powerful figure),Donald Trump,overlay,293500,7529657802223062285
democrats,20250721,That was last week. Let's move on. Chapter 2. Can we please do that? Some of y'all need to be stuck in Chapter 1. I'm ready for Chapter 2.,up (powerful figure),Donald Trump,sound,293500,7529657802223062285
democrats,20250722,"Now, do the Epstein files.",up (powerful figure),Donald Trump,overlay,1900000,7529715475987713294
democrats,20250723,are they fr 🥀🥀,lateral (institution),Mike Johnson and Republicans,caption,299100,7530275997367733518
democrats,20250723,Mike Johnson and Republicans shutting the House down and leaving for vacation early to avoid releasing the Epstein files,lateral (institution),Mike Johnson and Republicans,overlay,299100,7530275997367733518
democrats,20250723,"No, no, we don't want to do that. We don't want to do that.",lateral (institution),Mike Johnson and Republicans,sound,299100,7530275997367733518
democrats,20250723,he’s crashing out 😭,up (powerful figure),Donald Trump,caption,186300,7530299885552176439
democrats,20250723,Trump is now admitting his Epstein deflection tactics 😅,up (powerful figure),Donald Trump,overlay,186300,7530299885552176439
democrats,20250723,"Every time they give you a question that is not appropriate, just say, 'Obama cheated on the election.'",up (powerful figure),Donald Trump,overlay,186300,7530299885552176439
democrats,20250723,"Yeah, he's lost man.",up (powerful figure),Donald Trump,sound,186300,7530299885552176439
democrats,20250723,He don't know what the fuck to do.,up (powerful figure),Donald Trump,sound,186300,7530299885552176439
democrats,20250725,be so fr 🥀,up (powerful figure),Donald Trump,caption,212100,7531029425148661006
democrats,20250725,Trump gets instantly fact checked by the Fed Chair 😂,up (powerful figure),Donald Trump,overlay,212100,7531029425148661006
democrats,20250725,Trump opens the door for a Ghislaine Maxwell pardon: “I’m allowed to do it” 😬,up (powerful figure),Donald Trump,overlay,169600,7531083096008051981
democrats,20250725,What??,up (powerful figure),Donald Trump,caption,169600,7531083096008051981
democrats,20250725,Trump kicks 17 million Americans off their healthcare,up (powerful figure),Donald Trump,overlay,624800,7531154995870289165
democrats,20250726,"Just found out I'm chopped, and also unk.",up (powerful figure),Donald Trump,sound,11900000,7531412132483681550
democrats,20250727,what happens in DC doesn't affect me,up (powerful figure),People who believe politics in Washington D.C. don't impact them,overlay,256600,7531780421906976055
democrats,20250728,The way Trump talks about Ghislaine Maxwell tells you everything you need to know,up (powerful figure),Donald Trump,overlay,141900,7532165396925795639
democrats,20250728,you sure about that??,up (powerful figure),Donald Trump,caption,314900,7532177901131746574
democrats,20250728,UNDERWATER ON ALL MAJOR ISSUES,up (powerful figure),Donald Trump,overlay,314900,7532177901131746574
democrats,20250728,EPSTEIN CASE: -37 PTS,up (powerful figure),Donald Trump,overlay,314900,7532177901131746574
democrats,20250728,what,up (powerful figure),Donald Trump,caption,575900,7532223485993618701
democrats,20250728,Trump rambling about windmills 😅,up (powerful figure),Donald Trump,overlay,575900,7532223485993618701
democrats,20250728,We just want the files released,up (powerful figure),Donald Trump,overlay,831500,7532233079407054135
democrats,20250729,Um,up (powerful figure),Donald Trump,caption,241000,7532583186543414583
democrats,20250729,And they say the noise causes cancer.,up (powerful figure),Donald Trump,speech,241000,7532583186543414583
democrats,20250729,"Darling, I'd like to watch the president on television tonight. Honey, I don't think we'll be able to. The wind is not blowing.",up (powerful figure),Donald Trump,speech,241000,7532583186543414583
democrats,20250729,I want to be a whale psychiatrist. It drives the whales frickin' crazy.,up (powerful figure),Donald Trump,speech,241000,7532583186543414583
democrats,20250729,Because it's driving them loco. It's driving them crazy.,up (powerful figure),Donald Trump,speech,241000,7532583186543414583
democrats,20250730,"Every night, at dinner, I'll be there. Every birthday party, I'll be there. I'll be there. Every Christmas, I'll be there.",up (powerful figure),Donald Trump,sound,16100000,7532661837989547277
democrats,20250730,in 4k 📸,up (powerful figure),Donald Trump,caption,16100000,7532661837989547277
democrats,20250730,fuck it trump golf lowlights,up (powerful figure),Donald Trump,overlay,696400,7532962453466926391
democrats,20250730,They’re literally saying the quiet part out loud,lateral (institution),Republican Party,caption,101700,7532985149651291406
democrats,20250730,it's all a part of the Republicans' plan to take money away from hardworking Americans and give it to billionaires as a tax cut.,lateral (institution),Republican Party,speech,101700,7532985149651291406
democrats,20250730,🍊 🍬,up (powerful figure),Donald Trump,caption,801000,7533000508789804302
democrats,20250730,got bored and turned myself into a mar-a-lago 🍊,up (powerful figure),Donald Trump,overlay,801000,7533000508789804302
democrats,20250730,I taste just like candy,up (powerful figure),Donald Trump,sound,801000,7533000508789804302
democrats,20250801,This makes May and June of 2025 the worst months of jobs growth since mass layoffs in 2020.,up (powerful figure),Donald Trump,overlay,185000,7533626185054424375
democrats,20250801,Jobs market stalls,up (powerful figure),Donald Trump,overlay,185000,7533626185054424375
democrats,20250801,"It's going down, I'm yelling timber",up (powerful figure),Donald Trump,sound,185000,7533626185054424375
democrats,20250804,"No, just a simple redrawing so we pick up five seats.",up (powerful figure),Donald Trump,overlay,283600,7534738978637909262
democrats,20250804,paved paradise,up (powerful figure),Melania Trump; Donald Trump,overlay,679300,7534745473685523725
democrats,20250804,put up a parking lot,up (powerful figure),Melania Trump; Donald Trump,overlay,679300,7534745473685523725
democrats,20250804,"They paved paradise, put up a parking lot",up (powerful figure),Melania Trump; Donald Trump,sound,679300,7534745473685523725
democrats,20250804,his racist mid-decade redistricting scheme,up (powerful figure),Greg Abbott,overlay,375200,7534763488082808077
democrats,20250804,Come and take it.,up (powerful figure),Greg Abbott,overlay,375200,7534763488082808077
democrats,20250804,I got these bitches mad again,up (powerful figure),Greg Abbott,sound,375200,7534763488082808077
democrats,20250804,bringing the country backward 🤠,up (powerful figure),Donald Trump,caption,567000,7534813508777676045
democrats,20250804,I'm bringing country back.,up (powerful figure),Donald Trump,sound,567000,7534813508777676045
democrats,20250804,"Respectfully, he’s making up some shit.",up (powerful figure),Greg Abbott,caption,1100000,7534853586958765367
democrats,20250804,calls Gov. Greg Abbott's bluff:,up (powerful figure),Greg Abbott,overlay,1100000,7534853586958765367
democrats,20250804,HE'S MAKING UP SOME SHIT.,up (powerful figure),Greg Abbott,overlay,1100000,7534853586958765367
democrats,20250804,HE'S TRYING TO GET SOUND BITES,up (powerful figure),Greg Abbott,overlay,1100000,7534853586958765367
democrats,20250804,GET US HOW?,up (powerful figure),Greg Abbott,overlay,1100000,7534853586958765367
democrats,20250804,"SMOKE AND MIRRORS,",up (powerful figure),Greg Abbott,overlay,1100000,7534853586958765367
democrats,20250804,he's going to come get us how?,up (powerful figure),Greg Abbott,speech,1100000,7534853586958765367
democrats,20250804,he's putting up smoke and mirrors,up (powerful figure),Greg Abbott,speech,1100000,7534853586958765367
democrats,20250805,now why tf was Trump wandering around on the White House roof 💀,up (powerful figure),Donald Trump,overlay,459900,7535135312503147789
democrats,20250805,I am joking crazy But I am free,up (powerful figure),Donald Trump,sound,459900,7535135312503147789
democrats,20250805,"Respectfully, he's making up some shit.",up (powerful figure),Greg Abbott,overlay,152300,7535169518734265614
democrats,20250805,Republicans have decided that the only way to save themselves is to cheat.,lateral (institution),Republican Party,overlay,152300,7535169518734265614
democrats,20250805,"When Donald Trump calls, they say, 'Yes sir, right away, sir. Happy to lick your boot, sir.'",lateral (institution),Republican Party,overlay,152300,7535169518734265614
democrats,20250805,"It's not clocking to you that I'm standing on business, is it?",lateral (institution),Republican Party,sound,152300,7535169518734265614
democrats,20250805,Thinking back to when we had a president whose main priority wasn't creating distractions from his name being in the Epstein files,up (powerful figure),The current U.S. President,overlay,227800,7535200707062795534
democrats,20250806,the horse of suspicion and distrust,up (powerful figure),Donald Trump and JD Vance,overlay,37100,7535511445140704525
democrats,20250806,"""strategy session""",up (powerful figure),The meeting between Trump officials and JD Vance about the Trump-Epstein scandal,overlay,37100,7535511445140704525
democrats,20250807,All I want is just one day a year where I'm not visually assaulted by uglies and fatties.,up (powerful figure),Donald Trump,sound,4300000,7535855355247545655
democrats,20250807,"so Trump's former personal lawyer met with Ghislaine Maxwell, and then she was moved to a lower security prison days later... ok",up (powerful figure),Donald Trump,overlay,95900,7535945622591982861
democrats,20250807,pls trump's oval office is so tacky 😭☝️,up (powerful figure),Donald Trump,overlay,776200,7535993102323043597
democrats,20250807,I am the owner of the one and only 24 karat gold labubu in the world,up (powerful figure),Donald Trump,sound,776200,7535993102323043597
democrats,20250808,a vacation per month is crazy work,up (powerful figure),JD Vance,caption,145700,7536297116709244174
democrats,20250808,"JD Vance after a day of hosting secret meetings, lying for Trump, and planning his next trip",up (powerful figure),JD Vance,overlay,145700,7536297116709244174
democrats,20250808,"Oh, Lord, have mercy. Mm-mm-mm. They drained me.",up (powerful figure),JD Vance,sound,145700,7536297116709244174
democrats,20250808,she’s got a wig ✨,up (powerful figure),Donald Trump,caption,590000,7536317247804034317
democrats,20250809,convinced gng to make me VP just so taxpayers could bankroll my vacations,up (powerful figure),JD Vance,overlay,718800,7536628857726668087
democrats,20250809,have you ever said thank you once?,up (powerful figure),JD Vance,caption,718800,7536628857726668087
democrats,20250809,I done did a lot of shit just to live this here lifestyle,up (powerful figure),JD Vance,sound,718800,7536628857726668087
democrats,20250811,get the hell out of DC 🙂‍↕️,up (powerful figure),Donald Trump,caption,300800,7537338803665571086
democrats,20250811,YOU DON'T STAND A CHANCE.,up (powerful figure),Donald Trump,overlay,300800,7537338803665571086
democrats,20250811,YOU DO NOT UNDERSTAND THE ASSIGNMENT,up (powerful figure),Donald Trump,overlay,300800,7537338803665571086
democrats,20250811,GO BACK TO FLORIDA.,up (powerful figure),Donald Trump,overlay,300800,7537338803665571086
democrats,20250811,"LEAVE THE PEOPLE OF DC ALONE,",up (powerful figure),Donald Trump,overlay,300800,7537338803665571086
democrats,20250811,HANDS OFF DC,up (powerful figure),Donald Trump,overlay,300800,7537338803665571086
democrats,20250811,Sit your little ass down and get the hell out of D.C.,up (powerful figure),Donald Trump,speech,300800,7537338803665571086
democrats,20250811,Back off.,up (powerful figure),Donald Trump,speech,300800,7537338803665571086
democrats,20250811,"Why don't you just go ahead and take your ass, go back to Florida.",up (powerful figure),Donald Trump,speech,300800,7537338803665571086
democrats,20250811,"You're not going to intimidate me, you're not going to intimidate the people of D.C.",up (powerful figure),Donald Trump,speech,300800,7537338803665571086
democrats,20250811,"You're doing a bad enough job running the country, we don't need you screwing up our city.",up (powerful figure),Donald Trump,speech,300800,7537338803665571086
democrats,20250811,Found the home base of criminals in D.C.,up (powerful figure),Donald Trump,overlay,165000,7537400329546108215
democrats,20250811,"Count one, guilty. Count two, guilty. Count three, guilty. Count four, guilty. Count five.",up (powerful figure),Donald Trump,sound,165000,7537400329546108215
democrats,20250812,doing anything but his job,up (powerful figure),JD Vance,caption,259600,7537703605533510926
democrats,20250812,JD wants to “find some excuse” to go on another taxpayer funded vacation 😩!?,up (powerful figure),JD Vance,overlay,259600,7537703605533510926
democrats,20250812,have you said thank you once?,up (powerful figure),JD Vance,caption,135400,7537819061887962423
democrats,20250812,"SECRET EPSTEIN COVER UP MEETINGS,",up (powerful figure),JD Vance,overlay,135400,7537819061887962423
democrats,20250812,THE SUSPICIOUS AMOUNT OF TIME HE'S SPENT ON VACATION AS VICE PRESIDENT.,up (powerful figure),JD Vance,overlay,135400,7537819061887962423
democrats,20250812,"The sprawling £8,000-a-week Cotswolds manor house where JD Vance will enjoy his 'British MAGA summer'...",up (powerful figure),JD Vance,overlay,135400,7537819061887962423
democrats,20250812,VERY POSH.,up (powerful figure),JD Vance,overlay,135400,7537819061887962423
democrats,20250812,"Michelin-starred sushi, $2,500-a-seat dinners: Vice President Vance wraps up San Diego visit",up (powerful figure),JD Vance,overlay,135400,7537819061887962423
democrats,20250812,THIS IS NOT NORMAL FOR VICE PRESIDENTS.,up (powerful figure),JD Vance,overlay,135400,7537819061887962423
democrats,20250812,"I'm not talking about him hosting secret Epstein cover-up meetings, although that definitely happened.",up (powerful figure),JD Vance,speech,135400,7537819061887962423
democrats,20250812,there's a good chance that JD Vance might be lying on a couch somewhere vacationing away his worries.,up (powerful figure),JD Vance,speech,135400,7537819061887962423
democrats,20250812,as an American taxpayer bankrolling his luxury vacations,up (powerful figure),JD Vance,speech,135400,7537819061887962423
democrats,20250812,"Oh brother, this guy stinks!",up (powerful figure),JD Vance,speech,135400,7537819061887962423
democrats,20250812,Why are you running? Why are you running?,up (powerful figure),JD Vance,sound,135400,7537819061887962423
democrats,20250813,YOU JUST GOT KRISSED BITCH!!!,up (powerful figure),Donald Trump,overlay,112600,7538122373833215246
democrats,20250814,nothing beats a JD holiday,up (powerful figure),JD Vance,caption,373400,7538525601615990029
democrats,20250814,JD's been vacationing nonstop since February,up (powerful figure),JD Vance,overlay,373400,7538525601615990029
democrats,20250814,"JD Vance is now vacationing in a $28,000 per week luxury Scottish estate.",up (powerful figure),JD Vance,overlay,373400,7538525601615990029
democrats,20250814,Nothing beats a Jet 2 holiday,up (powerful figure),JD Vance,sound,373400,7538525601615990029
democrats,20250815,what is bro talking about 😂,up (powerful figure),Donald Trump,overlay,2000000,7538835504146500878
democrats,20250815,anywhere but at his desk,up (powerful figure),JD Vance,caption,273800,7538850722780073230
democrats,20250815,the summer taxpayers bankrolled JD's vacations,up (powerful figure),JD Vance,overlay,273800,7538850722780073230
democrats,20250815,He will lose the midterms.,up (powerful figure),Donald Trump,overlay,1400000,7538934733309267214
democrats,20250815,Why else would you try to rig the system?,lateral (institution),Republican Party,overlay,1400000,7538934733309267214
democrats,20250816,go clock in,up (powerful figure),JD Vance,caption,881700,7539237286832131383
democrats,20250816,JD stays on vacation,up (powerful figure),JD Vance,overlay,881700,7539237286832131383
democrats,20250816,go clock in bitch,up (powerful figure),JD Vance,sound,881700,7539237286832131383
democrats,20250818,"Vladimir Putin, smart guy, said you can't have an honest election with mail-in voting.",up (powerful figure),Donald Trump,overlay,169700,7539921711026769207
democrats,20250818,This is your man.,up (powerful figure),Donald Trump,speech,169700,7539921711026769207
democrats,20250818,That's mine.,up (powerful figure),Donald Trump,speech,169700,7539921711026769207
democrats,20250818,Bro can't even walk in a straight line 😂,up (powerful figure),Donald Trump,overlay,12300000,7539928659558255885
democrats,20250818,Trump changed his mind on a ceasefire after Putin meeting 😳,up (powerful figure),Donald Trump,overlay,112600,7540039925761199374
democrats,20250818,what changed?,up (powerful figure),Donald Trump,caption,112600,7540039925761199374
democrats,20250819,he's in charge of the whole military btw,up (powerful figure),Donald Trump,overlay,9800000,7540367843435515191
democrats,20250819,bruh,up (powerful figure),Donald Trump,caption,9800000,7540367843435515191
democrats,20250820,Representative Collier in the bathroom has more dignity than Donald Trump in the Oval Office.,up (powerful figure),Donald Trump,speech,524500,7540789540848471351
democrats,20250821,Texas House Republicans have voted to pass their gerrymandered congressional maps.,lateral (institution),Texas House Republicans,overlay,540400,7541042581271055630
democrats,20250821,The redrawn maps were requested by Trump amid fears about losing the House majority.,up (powerful figure),Donald Trump,overlay,540400,7541042581271055630
democrats,20250821,"No, a simple redrawing so we pick up five seats.",up (powerful figure),Donald Trump,overlay,540400,7541042581271055630
democrats,20250821,We got the Trump gamer tax before GTA 6,up (powerful figure),Donald Trump,overlay,277000,7541052430037863694
democrats,20250821,focus on fixing the planes buddy,up (powerful figure),Trump's transportation guy,caption,385300,7541094349770165559
democrats,20250821,trump's transportation guy needs help with 3 pull ups 😭,up (powerful figure),Trump's transportation guy,overlay,385300,7541094349770165559
democrats,20250821,"THIS IS RADICAL RIGGING OF A MID-TERM ELECTION. RADICAL RIGGING OF AN ELECTION, DESTROYING, VANDALIZING THIS DEMOCRACY, THE RULE OF LAW.",up (powerful figure),Donald Trump,overlay,123500,7541156891913620750
democrats,20250821,WE'RE GONNA PUNCH THESE SONS OF BITCHES IN THE MOUTH.,up (powerful figure),Donald Trump,overlay,123500,7541156891913620750
democrats,20250821,I'm going to punch these sons of bitches in the mouth.,up (powerful figure),Donald Trump,speech,123500,7541156891913620750
democrats,20250822,besties ✨,up (powerful figure),Donald Trump,caption,231300,7541410366098574647
democrats,20250822,I want to. Okay. I need to.,up (powerful figure),Donald Trump,sound,231300,7541410366098574647
democrats,20250822,PURSUING PEACE,other,Vladimir Putin,overlay,231300,7541410366098574647
democrats,20250822,What is he talking about ?? 😅,up (powerful figure),Donald Trump,overlay,554500,7541488949525548301
democrats,20250822,"I KNOW MORE ABOUT GRASS THAN ANY HUMAN BEING, I THINK, ANYWHERE IN THE WORLD.",up (powerful figure),Donald Trump,speech,554500,7541488949525548301
democrats,20250822,GRASS HAS A LIFE. DO YOU KNOW THAT? GRASS HAS A LIFE.,up (powerful figure),Donald Trump,speech,554500,7541488949525548301
democrats,20250822,commander in chopped,up (powerful figure),Donald Trump,caption,9100000,7541515468461329677
democrats,20250822,TRUMP WAS RIGHT ABOUT EVERYTHING!,up (powerful figure),Donald Trump,overlay,9100000,7541515468461329677
democrats,20250822,I look extremely good in shorts.,up (powerful figure),Donald Trump,speech,9100000,7541515468461329677
democrats,20250826,this is not normal,up (powerful figure),Donald Trump,caption,341100,7542892574575480119
democrats,20250826,"Trump: “A lot of people are saying, maybe we like a dictator” 🤷🏼‍♀️",up (powerful figure),Donald Trump,overlay,341100,7542892574575480119
democrats,20250826,What is bro going on about? 🤣,up (powerful figure),Donald Trump,overlay,243200,7542962003749457166
democrats,20250828,that’s embarrassing,up (powerful figure),Mark Alford,caption,380700,7543726203446856973
democrats,20250828,GOP Congressman booed by his own constituents 🙀,up (powerful figure),Mark Alford,overlay,380700,7543726203446856973
democrats,20250828,HE'S GOT THE BEST INTERESTS OF HIS RICH FRIENDS.,up (powerful figure),Donald Trump,overlay,380700,7543726203446856973
democrats,20250828,He's got the best interests of his rich family.,up (powerful figure),Donald Trump,speech,380700,7543726203446856973
democrats,20250828,He's got the best interests of Putin. Putin and all the other dictators.,up (powerful figure),Donald Trump,speech,380700,7543726203446856973
democrats,20250828,He doesn't care about us.,up (powerful figure),Donald Trump,speech,380700,7543726203446856973
democrats,20250828,He cares about his dictator friends.,up (powerful figure),Donald Trump,speech,380700,7543726203446856973
democrats,20250829,he should be ashamed,lateral (institution),unnamed GOP congressman,caption,172300,7544087044365077773
democrats,20250829,This GOP congressman just ran out the back door to avoid his constituents 🤔,lateral (institution),unnamed GOP congressman,overlay,172300,7544087044365077773
democrats,20250829,TRUMP'S AGENDA,up (powerful figure),Donald Trump's agenda,overlay,172300,7544087044365077773
democrats,20250829,SHAME! SHAME!,lateral (institution),unnamed GOP congressman,overlay,172300,7544087044365077773
democrats,20250829,"Bye, Felicia!",lateral (institution),unnamed GOP congressman,speech,172300,7544087044365077773
democrats,20250829,dropping $1M a day to have soldiers pick up trash,up (powerful figure),Donald Trump,overlay,489500,7544107996620623159
democrats,20250904,the math isn’t mathing,up (powerful figure),Robert F. Kennedy Jr.,caption,789000,7546254451267374350
democrats,20250904,Huh?? 😳,up (powerful figure),Robert F. Kennedy Jr.,overlay,789000,7546254451267374350
democrats,20250904,HHS SECRETARY ROBERT F. KENNEDY JR. TESTIFIES ON CAPITOL HILL,up (powerful figure),Robert F. Kennedy Jr.,overlay,789000,7546254451267374350
democrats,20250904,🪱,up (powerful figure),Robert F. Kennedy Jr.,caption,1100000,7546288446529097015
democrats,20250904,The worm in RFK Jr's brain commanding him to fire all the scientists at the CDC,up (powerful figure),Robert F. Kennedy Jr.,overlay,1100000,7546288446529097015
democrats,20250905,that boy is corrupt 🙂‍↕️,up (powerful figure),Donald Trump,caption,6300000,7546651083611835662
democrats,20250905,Inflation remains elevated as Trump's tariffs take hold,up (powerful figure),Donald Trump,overlay,6300000,7546651083611835662
democrats,20250905,America's job market flashes yet another warning sign about the economy,up (powerful figure),Donald Trump,overlay,6300000,7546651083611835662
democrats,20250905,Trump family's net worth has increased by $2.9 billion thanks to crypto investments,up (powerful figure),Donald Trump,overlay,6300000,7546651083611835662
democrats,20250905,he sure f*cked me up,up (powerful figure),Donald Trump,overlay,6300000,7546651083611835662
democrats,20250905,and yes i'm talking about your baby,up (powerful figure),Donald Trump,overlay,6300000,7546651083611835662
democrats,20250905,here we go again,up (powerful figure),Donald Trump,overlay,6300000,7546651083611835662
democrats,20250905,"Yeah, boy, it's corrupt.",up (powerful figure),Donald Trump,sound,6300000,7546651083611835662
democrats,20250905,Get PTSD on it daily.,up (powerful figure),Donald Trump,sound,6300000,7546651083611835662
democrats,20250905,You sure fucked me up.,up (powerful figure),Donald Trump,sound,6300000,7546651083611835662
democrats,20250905,"And yes, I'm talking about your face.",up (powerful figure),Donald Trump,sound,6300000,7546651083611835662
democrats,20250905,job creation where,up (powerful figure),Donald Trump,caption,185900,7546666353596321037
democrats,20250905,"US jobs growth worse than expected in first report since Trump fired agency head, for bad jobs report",up (powerful figure),Donald Trump,overlay,185900,7546666353596321037
democrats,20250905,Just one negative number. All of the numbers seem to be great.,up (powerful figure),Donald Trump,speech,185900,7546666353596321037
democrats,20250908,“I never wrote a picture in my life” 🆗,up (powerful figure),Donald Trump,caption,453800,7547817051763641613
democrats,20250908,Trump lying about writing Epstein a bday card only for Dems to pull the receipts,up (powerful figure),Donald Trump,overlay,453800,7547817051763641613
democrats,20250908,may every day be another wonderful secret.,up (powerful figure),Donald Trump,overlay,453800,7547817051763641613
democrats,20250909,at what point did Republicans decide hiding Trump's Epstein ties is more important than the dignity of the country?,lateral (institution),Republican Party,overlay,786300,7548208272247917837
democrats,20250909,may every day be another wonderful a--hole.,up (powerful figure),Donald Trump,overlay,786300,7548208272247917837
democrats,20250909,he wrote that card.,up (powerful figure),Donald Trump,overlay,786300,7548208272247917837
democrats,20250909,just saying,up (powerful figure),Donald Trump,caption,786300,7548208272247917837
democrats,20250915,Billionaires want to be kings,up (powerful figure),billionaires,overlay,109800,7550463001766137101
democrats,20250915,these like billionaire rich people want to be king. They don't want to be accountable.,up (powerful figure),billionaires,speech,109800,7550463001766137101
democrats,20250915,This rotten bill that the Republicans just passed,lateral (institution),Republican Party,speech,109800,7550463001766137101
democrats,20250915,"From the party of fiscal responsibility, right? From the party, allegedly.",lateral (institution),Republican Party,speech,109800,7550463001766137101
democrats,20250916,you have a dead worm in your brain,up (powerful figure),Robert F. Kennedy Jr.,overlay,1700000,7550708171958914317
democrats,20250916,you peddle anti-science conspiracies,up (powerful figure),Robert F. Kennedy Jr.,overlay,1700000,7550708171958914317
democrats,20250917,Princess Diaries but if Mia was chopped and unc,up (powerful figure),Donald Trump,overlay,1900000,7551136660608617742
democrats,20250917,"Princess, look out the window, and welcome to Genovia.",up (powerful figure),Donald Trump,sound,1900000,7551136660608617742
democrats,20250918,bro's just saying anything atp 😂😂,up (powerful figure),Donald Trump,overlay,233000,7551417073939795214
democrats,20250918,“free speech”,up (powerful figure),Donald Trump,caption,4000000,7551480954825526542
democrats,20250918,ABC Pulls Jimmy Kimmel Off Air for Charlie Kirk Comments After F.C.C. Pressure,up (powerful figure),Donald Trump,overlay,4000000,7551480954825526542
democrats,20250918,Stephen Colbert's 'Late Show' is canceled by CBS and will end in May 2026,up (powerful figure),Donald Trump,overlay,4000000,7551480954825526542
democrats,20250922,🪱,up (powerful figure),Robert F. Kennedy Jr.,caption,142500,7553009998851296526
democrats,20250922,Brainworm linked up with RFK Jr to implement the most cursed anti-science health policy in history,up (powerful figure),Robert F. Kennedy Jr.,overlay,142500,7553009998851296526
democrats,20250922,bro can't pronounce acetaminophen 😩,up (powerful figure),Donald Trump,overlay,14000000,7553028664066198797
democrats,20250922,sound it out 😭,up (powerful figure),Donald Trump,caption,14000000,7553028664066198797
democrats,20250922,What??,up (powerful figure),Donald Trump,caption,1100000,7553033005137202445
democrats,20250922,Trump: Pregnant women should only take Tylenol “if they can’t tough it out”,up (powerful figure),Donald Trump,overlay,1100000,7553033005137202445
democrats,20250923,low energy. sad!,up (powerful figure),Donald Trump,caption,426600,7553362907283639607
democrats,20250923,Trump rambling to the UN 😂,up (powerful figure),Donald Trump,overlay,426600,7553362907283639607
democrats,20250923,"Those big windmills are so pathetic and so bad, so expensive to operate.",up (powerful figure),Donald Trump,speech,426600,7553362907283639607
democrats,20250923,how trump sounded talking about acetaminophen:,up (powerful figure),Donald Trump,overlay,517800,7553385796934405390
democrats,20250923,"Asedo... Well, let's see how we say that. Acid em... menophin.",up (powerful figure),Donald Trump,overlay,517800,7553385796934405390
democrats,20250923,I saw alien spaceships above my house.,up (powerful figure),Donald Trump,sound,517800,7553385796934405390
democrats,20250924,did he stutter,other,,caption,321100,7553712620939824439
democrats,20250924,he's weak in every category.,up (powerful figure),Donald Trump,speech,321100,7553712620939824439
democrats,20250924,Donald Trump is weakness masquerading as strength.,up (powerful figure),Donald Trump,speech,321100,7553712620939824439
democrats,20250924,who was totally supine,up (powerful figure),Greg Abbott,speech,321100,7553712620939824439
democrats,20250924,"we're going to hold hands, talk about the way the world should be, say it's just so unfair, maybe write an op-ed.",lateral (institution),Democrats,speech,321100,7553712620939824439
democrats,20250924,"Instead, he forced millions of people to watch the show.",up (powerful figure),Donald Trump,overlay,1800000,7553767478841642254
democrats,20250924,He might have to release the Epstein files to distract from this now.,up (powerful figure),Donald Trump,overlay,1800000,7553767478841642254
democrats,20250925,argentina first?,up (powerful figure),Donald Trump,caption,779900,7554104182035205390
democrats,20250925,me giving my boy $20 billion to unfuck his economy,up (powerful figure),Donald Trump,overlay,779900,7554104182035205390
democrats,20250925,(Trump cooked the US economy on purpose btw),up (powerful figure),Donald Trump,overlay,779900,7554104182035205390
democrats,20250926,Trump is rigging things for himself,up (powerful figure),Donald Trump,caption,58500,7554488843735452941
democrats,20250926,engaged in some of the most brazen and overt corruption,lateral (institution),"Donald Trump, his administration",speech,58500,7554488843735452941
democrats,20250926,they're operating like some of the most shameless foreign leaders who mix state business with family wealth and personal business.,lateral (institution),"Donald Trump, his administration",speech,58500,7554488843735452941
democrats,20250926,"Trump is not unrigging it, he's re-rigging it for himself.",up (powerful figure),Donald Trump,speech,58500,7554488843735452941
democrats,20250926,hegseth just summoned a mystery meeting w all the generals... guys what's going on 😳,up (powerful figure),Pete Hegseth,overlay,226000,7554515882060418359
democrats,20250926,Ain't nobody safe when I'm a little bit drunk,up (powerful figure),Pete Hegseth,sound,226000,7554515882060418359
democrats,20250929,the lion does not concern himself with trump bootlickers rigging their elections for republicans,lateral (institution),Donald Trump's supporters and the Republican Party,overlay,781100,7555516615169674509
democrats,20250929,bro’s still at it,up (powerful figure),Donald Trump,caption,93100,7555591889697770765
democrats,20250929,it's been days and Trump's still ranting about the UN teleprompter,up (powerful figure),Donald Trump,overlay,93100,7555591889697770765
democrats,20250929,TRUMP ON PLAN TO END CONFLICT IN GAZA,up (powerful figure),Donald Trump,overlay,93100,7555591889697770765
democrats,20250930,"we want war because we want to have no wars, but you have to be there, and, you know, sometimes you have to do it.",up (powerful figure),Donald Trump,speech,2800000,7555879332363652366
democrats,20250930,What did he say??,up (powerful figure),Donald Trump,caption,1500000,7555888817337568526
democrats,20250930,"There are two N-words, and you can't use either of them.",up (powerful figure),Donald Trump,speech,1500000,7555888817337568526
democrats,20250930,🏃💨,lateral (institution),Republican Party,caption,1300000,7555966585475763470
democrats,20250930,Republicans ditching DC after shutting down the government to steal your health care,lateral (institution),Republican Party,overlay,1300000,7555966585475763470
democrats,20250930,like hello?,lateral (institution),Republican Party,overlay,1300000,7555966585475763470
democrats,20250930,where are they?,lateral (institution),Republican Party,overlay,1300000,7555966585475763470
democrats,20250930,"forgive my French, but fuck you",lateral (institution),Republican Party,sound,1300000,7555966585475763470
democrats,20250930,Goodbye,lateral (institution),Republican Party,sound,1300000,7555966585475763470
democrats,20250930,SO THEY'RE USING THAT TO CUT YOUR HEALTH CARE AND GIVE MONEY TO BILLIONAIRES HA,lateral (institution),Republican Party,overlay,4500000,7556001449826716941
democrats,20250930,REPUBLICAN KITTY KEEPS RUNNING AWAY,lateral (institution),Republican Party,overlay,4500000,7556001449826716941
democrats,20250930,HE HAS A VACATION TO GET TO,lateral (institution),Republican Party,overlay,4500000,7556001449826716941
democrats,20250930,THANKS REPUBLICANS,lateral (institution),Republican Party,overlay,4500000,7556001449826716941
democrats,20251001,she’d be the final vote to release the Epstein files btw,lateral (institution),Republicans,caption,357900,7556252822661123342
democrats,20251001,AM I SWORN IN YET? NO.,lateral (institution),Republicans,overlay,357900,7556252822661123342
democrats,20251001,SPEAKER JOHNSON HAS LEFT THE BUILDING,up (powerful figure),Speaker Johnson,overlay,357900,7556252822661123342
democrats,20251001,And am I sworn in yet? No.,lateral (institution),Republicans,speech,357900,7556252822661123342
democrats,20251001,Do I know when I'm going to get sworn in? No.,lateral (institution),Republicans,speech,357900,7556252822661123342
democrats,20251003,"When Trump said he loves farmers, he lied.",up (powerful figure),Donald Trump,speech,1300000,7557061635324513549
democrats,20251003,Soybeans is not accepted here!,up (powerful figure),Donald Trump,overlay,1300000,7557061635324513549
democrats,20251003,What are those two best friends doing?,up (powerful figure),Donald Trump and Jeffrey Epstein,sound,180400,7557089201351658807
democrats,20251006,does he even know what year it is??,up (powerful figure),Donald Trump,caption,1300000,7558102763545185591
democrats,20251006,"I wrote about Osama bin Laden exactly one year ago, one year before he blew up the World Trade Center",up (powerful figure),Donald Trump,overlay,1300000,7558102763545185591
democrats,20251006,busy day of hurting Americans!,up (powerful figure),Mike Johnson,caption,142000,7558195997466250551
democrats,20251006,avoid swearing in a newly elected democrat (Adelita Grijalva),up (powerful figure),Mike Johnson,overlay,142000,7558195997466250551
democrats,20251006,kick more people off their health care,up (powerful figure),Mike Johnson,overlay,142000,7558195997466250551
democrats,20251006,wine and dine billionaire donors while federal workers go without pay,up (powerful figure),Mike Johnson,overlay,142000,7558195997466250551
democrats,20251006,make sure republicans don't show up for work,lateral (institution),Mike Johnson and republicans,overlay,142000,7558195997466250551
democrats,20251006,the ped0 protectors,lateral (institution),Republican Party,overlay,706100,7558220925758491918
democrats,20251006,REPUBLICANS AGAINST DEMOCRACY,lateral (institution),Republican Party,overlay,706100,7558220925758491918
democrats,20251007,This is a cover-up,up (powerful figure),Mike Johnson,caption,518800,7558524681318452535
democrats,20251007,"Mike Johnson just WALKED AWAY after getting asked about swearing in Adelita Grijalva, the last vote needed to release the Epstein files",up (powerful figure),Mike Johnson,overlay,518800,7558524681318452535
democrats,20251008,Trump gave Argentina a $20B bailout only for their president to do whatever tf this is,up (powerful figure),Donald Trump and Javier Milei,overlay,1000000,7558874437722901773
democrats,20251008,Speaker Johnson continues to make excuses,up (powerful figure),Mike Johnson,speech,275700,7558895194901531917
democrats,20251008,"Hell, they won't even end their vacations to come to work.",lateral (institution),Republicans,speech,275700,7558895194901531917
democrats,20251008,THEY WON'T EVEN END THEIR VACATIONS TO COME TO WORK,lateral (institution),Republicans,overlay,275700,7558895194901531917
democrats,20251008,"walked that back and said, Just kidding.",up (powerful figure),Mike Johnson,speech,275700,7558895194901531917
democrats,20251008,It's just more excuses.,up (powerful figure),Mike Johnson,speech,275700,7558895194901531917
democrats,20251008,Come and get me 🔥,up (powerful figure),Donald Trump,overlay,304000,7558949684631457079
democrats,20251008,THIS IS A CONVICTED FELON,up (powerful figure),Donald Trump,overlay,304000,7558949684631457079
democrats,20251008,THIS GUY'S UNHINGED,up (powerful figure),Donald Trump,overlay,304000,7558949684631457079
democrats,20251008,HE'S INSECURE,up (powerful figure),Donald Trump,overlay,304000,7558949684631457079
democrats,20251008,DICTATOR,up (powerful figure),Donald Trump,overlay,304000,7558949684631457079
democrats,20251008,he's a wannabe dictator,up (powerful figure),Donald Trump,speech,304000,7558949684631457079
democrats,20251008,so come and get me,up (powerful figure),Donald Trump,speech,304000,7558949684631457079
democrats,20251008,let’s get you to bed grandpa 😴,up (powerful figure),Donald Trump,caption,775300,7558979033355144461
democrats,20251008,lmao trump could hardly keep his eyes open today,up (powerful figure),Donald Trump,overlay,775300,7558979033355144461
democrats,20251009,you know what they say about broken clocks,up (powerful figure),Marjorie Taylor Greene,caption,1000000,7559247829504412983
democrats,20251009,!! WOW !! Marjorie Taylor Greene just admitted that Republicans are to blame for the government shutdown,up (powerful figure),Marjorie Taylor Greene,overlay,1000000,7559247829504412983
democrats,20251009,I'm actually putting the blame on the speaker and leader Thune in the Senate.,lateral (institution),Republican Party leadership,speech,1000000,7559247829504412983
democrats,20251009,Absolutely. We control the House. We control the Senate. We have the White House.,lateral (institution),Republican Party,speech,1000000,7559247829504412983
democrats,20251009,this trend but wtf is he doing,up (powerful figure),Donald Trump,overlay,23800000,7559275384433331469
democrats,20251009,“routine yearly checkup”,up (powerful figure),Donald Trump,overlay,1600000,7559298663713983799
democrats,20251009,but he already had his annual checkup 6 months ago 🤔,up (powerful figure),Donald Trump,overlay,1600000,7559298663713983799
democrats,20251009,"Wabbly-wiggly, wobbly-wiggly, wobbly-wiggly.",up (powerful figure),Donald Trump,sound,1600000,7559298663713983799
democrats,20251009,okay girlboss!!,up (powerful figure),Karoline Leavitt,caption,1300000,7559359511379692855
democrats,20251009,Karoline Leavitt gearing up to lie to reporters and glaze Trump for an hour,up (powerful figure),Karoline Leavitt,overlay,1300000,7559359511379692855
democrats,20251009,Did your girl boss too close to the sun?,up (powerful figure),Karoline Leavitt,sound,1300000,7559359511379692855
democrats,20251010,it actually is discrimination,lateral (institution),The GOP candidate for VA governor,caption,200300,7559570704144895246
democrats,20251010,The GOP candidate for VA governor just insisted that opposing marriage equality is “not discrimination” 🤨,lateral (institution),The GOP candidate for VA governor,overlay,200300,7559570704144895246
democrats,20251010,Trump on his way to his second 'routine annual physical' of 2025:,up (powerful figure),Donald Trump,overlay,270300,7559627115923115278
democrats,20251010,pig snorting sounds,up (powerful figure),Donald Trump,sound,270300,7559627115923115278
democrats,20251010,'NARCISSISM',up (powerful figure),Donald Trump,overlay,270300,7559627115923115278
democrats,20251014,not Trump crashing out abt Time using this chopped pic of him 😭,up (powerful figure),Donald Trump,overlay,6000000,7561124598314487054
democrats,20251014,why is there a picture of me on Instagram? I didn't tell y'all to put that out.,up (powerful figure),Donald Trump,sound,6000000,7561124598314487054
democrats,20251014,"So if the government shuts down, it's on y'all.",lateral (institution),Republicans,speech,758500,7561213961908014349
democrats,20251014,the longest that we've ever had in the history of this country came at the feet of this president.,up (powerful figure),Donald Trump,speech,758500,7561213961908014349
democrats,20251014,I don't know why so many people had amnesia when they decided to go out and vote for this again.,up (powerful figure),Voters for Donald Trump,speech,758500,7561213961908014349
democrats,20251014,we were going to get more chaos and dysfunction.,up (powerful figure),Republican leadership,speech,758500,7561213961908014349
democrats,20251014,"Do what you do, big boy.",up (powerful figure),The Republican leader,speech,758500,7561213961908014349
democrats,20251014,I don't work for him. He can't hire me. He can't fire me.,up (powerful figure),The Republican leader,speech,758500,7561213961908014349
democrats,20251014,"baby, you're not getting this vote.",up (powerful figure),The Republican leader,speech,758500,7561213961908014349
democrats,20251014,this will be on the Republicans.,lateral (institution),Republicans,speech,758500,7561213961908014349
democrats,20251015,what ripping away ppl's health care to give billionaires tax cuts does to a mf 🤔,up (powerful figure),Donald Trump,overlay,196100,7561501082384370958
democrats,20251016,very awesome 👍,up (powerful figure),Donald Trump,caption,124600,7561616114208345399
democrats,20251016,Trump's showing off his toy models to an audience of billionaire donors,up (powerful figure),Donald Trump,overlay,124600,7561616114208345399
democrats,20251016,"LADY, LADY LIBERTY?",up (powerful figure),Donald Trump,overlay,124600,7561616114208345399
democrats,20251016,"I DON'T KNOW, SMALL, MEDIUM AND LARGE.",up (powerful figure),Donald Trump,overlay,124600,7561616114208345399
democrats,20251016,the GOP doesn’t get the basics,lateral (institution),the GOP,caption,132300,7561626793275346231
democrats,20251016,They refuse to even pick up the phone and talk about this.,lateral (institution),the Speaker of the House and the Trump administration,speech,132300,7561626793275346231
democrats,20251016,That is Schoolhouse Rock,lateral (institution),Republican Party,speech,132300,7561626793275346231
democrats,20251016,Rivers in rural areas were on fire because of corporations poisoning the people who lived in those areas.,other,corporations,speech,146300,7561635382698282295
democrats,20251016,"Poor, middle-class communities getting poisoned and dumped on by corporations like Deloitte and 3M",other,corporations like Deloitte and 3M,speech,146300,7561635382698282295
democrats,20251016,"You're damn well right that it's a Democratic priority to keep people from getting poisoned, from identifying dangerous chemicals that are being dumped and causing cancer in people without their knowledge.",up (powerful figure),political opponents who criticize Democratic priorities,speech,146300,7561635382698282295
democrats,20251016,AOC: You're damn right it's a Democratic priority to keep people healthy and bring down the cost of housing,up (powerful figure),political opponents who criticize Democratic priorities,overlay,146300,7561635382698282295
democrats,20251016,sound it out,up (powerful figure),Donald Trump,caption,249400,7561933378644135182
democrats,20251016,when he can't read 😩,up (powerful figure),Donald Trump,overlay,249400,7561933378644135182
democrats,20251016,It's pergo-virus. Pergo-virus.,up (powerful figure),Donald Trump,speech,249400,7561933378644135182
democrats,20251016,"IVF drug, go-null-f. So it's go-null-f.",up (powerful figure),Donald Trump,speech,249400,7561933378644135182
democrats,20251017,Even Fox News is covering skyrocketing grocery costs under the Trump admin 😳,lateral (institution),Trump administration,overlay,124200,7562211287761964343
democrats,20251017,Wow,lateral (institution),Trump administration,caption,124200,7562211287761964343
democrats,20251017,republicans would rather protect ped0s and stay on vacation than do ...,lateral (institution),republicans,caption,416800,7562254953893383437
democrats,20251017,REPUBLICANS WOULD RATHER PROTECT PEDOPHILES AND STAY ON VACATION THAN DO THEIR JOBS.,lateral (institution),REPUBLICANS,overlay,416800,7562254953893383437
democrats,20251017,BUT REPUBLICANS ARE STILL M.I.A.,lateral (institution),REPUBLICANS,overlay,416800,7562254953893383437
democrats,20251017,WHAT ARE YOU HIDING?,up (powerful figure),Speaker Johnson,overlay,416800,7562254953893383437
democrats,20251017,WHAT ARE YOU SCARED OF?,up (powerful figure),Speaker Johnson,overlay,416800,7562254953893383437
democrats,20251017,spending all our money on… argentina,up (powerful figure),Donald Trump,caption,1700000,7562270439926418701
democrats,20251017,she's got me spending,up (powerful figure),Donald Trump,overlay,1700000,7562270439926418701
democrats,20251017,american taxpayer dollars on a $40B argentina bailout 😥,up (powerful figure),Donald Trump,overlay,1700000,7562270439926418701
democrats,20251017,the type of glaze trump gets from other republicans,lateral (institution),Donald Trump; Republican Party,overlay,2700000,7562292543812111630
democrats,20251017,for tanking our economy,up (powerful figure),Donald Trump,overlay,2700000,7562292543812111630
democrats,20251017,shutting down our government,up (powerful figure),Donald Trump,overlay,2700000,7562292543812111630
democrats,20251018,there are no kings in America.,up (powerful figure),Donald Trump,overlay,2100000,7562681890201701645
democrats,20251018,NO KINGS,up (powerful figure),Donald Trump,overlay,2100000,7562681890201701645
democrats,20251018,NO KINGS DICTATORS NOT DEMOCRACY,up (powerful figure),Donald Trump,overlay,2100000,7562681890201701645
democrats,20251018,RED HENS AGAINST TIRED MA'S,up (powerful figure),Trump supporters,overlay,2100000,7562681890201701645
democrats,20251018,WE THE PEOPLE FORGET THE CONGRESS WHO KEPT QUIET,lateral (institution),Members of Congress,overlay,2100000,7562681890201701645
democrats,20251018,FACES OF FASCISM,lateral (institution),Donald Trump / his administration,overlay,2100000,7562681890201701645
democrats,20251018,TRUMP MUST GO NOW,up (powerful figure),Donald Trump,overlay,2100000,7562681890201701645
democrats,20251018,HUMPTY TRUMPTY YOU'RE DESTINED TO HAVE A GREAT FALL!,up (powerful figure),Donald Trump,overlay,2100000,7562681890201701645
democrats,20251018,"REIGN, REIGN, GO AWAY",up (powerful figure),Donald Trump,overlay,2100000,7562681890201701645
democrats,20251018,FIGHT TRUTH DECAY,lateral (institution),Donald Trump / his administration,overlay,2100000,7562681890201701645
democrats,20251018,NO ONE IS ABOVE THE LAW,up (powerful figure),Donald Trump,overlay,2100000,7562681890201701645
democrats,20251018,DETOX FROM FOX,up (powerful figure),Fox News,overlay,2100000,7562681890201701645
democrats,20251018,REMOVE THE REGIME,lateral (institution),Donald Trump / his administration,overlay,2100000,7562681890201701645
democrats,20251018,IMPEACH TRUMP AGAIN,up (powerful figure),Donald Trump,overlay,2100000,7562681890201701645
democrats,20251018,FAUX-KING 47,up (powerful figure),Donald Trump,overlay,2100000,7562681890201701645
democrats,20251018,"One, one, one by one, you hang them high",up (powerful figure),Donald Trump,sound,2100000,7562681890201701645
democrats,20251018,How did you turn your heart to stone?,up (powerful figure),Donald Trump,sound,2100000,7562681890201701645
democrats,20251018,you stole from me,up (powerful figure),Donald Trump,sound,2100000,7562681890201701645
democrats,20251020,are you sure about that?,up (powerful figure),Donald Trump,overlay,188600,7563324027691879693
democrats,20251020,NO KINGS,up (powerful figure),Donald Trump,overlay,188600,7563324027691879693
democrats,20251020,FIGHT TRUTH DECAY,up (powerful figure),Donald Trump,overlay,188600,7563324027691879693
democrats,20251020,HUMPTY TRUMPTY YOU'RE DESTINED TO HAVE A GREAT FALL!,up (powerful figure),Donald Trump,overlay,188600,7563324027691879693
democrats,20251020,NO ONE IS ABOVE THE LAW,up (powerful figure),Donald Trump,overlay,188600,7563324027691879693
democrats,20251020,FACES OF FASCISM,up (powerful figure),Donald Trump,overlay,188600,7563324027691879693
democrats,20251020,WE THE PEOPLE WILL NOT FORGET THE TRAITORS IN CONGRESS WHO KEPT QUIET,lateral (institution),Members of Congress,overlay,188600,7563324027691879693
democrats,20251020,F*CK TRUMP,up (powerful figure),Donald Trump,overlay,188600,7563324027691879693
democrats,20251020,REFUSEFASCISM.ORG,up (powerful figure),Donald Trump,overlay,188600,7563324027691879693
democrats,20251020,kristi noem just got the trump admin to drop $200M on her private jets (the government's still shut down and people can't afford groceries btw),lateral (institution),Kristi Noem; the Trump administration,overlay,806800,7563385657024974093
democrats,20251020,bro needs a privacy screen,lateral (institution),Trump administration officials,caption,382500,7563405024911559991
democrats,20251020,but this is highly unfortunate.,lateral (institution),Trump administration,overlay,382500,7563405024911559991
democrats,20251020,This gives China further leverage on us.,lateral (institution),Trump administration,overlay,382500,7563405024911559991
democrats,20251020,"Alan, we are so fucked.",lateral (institution),Trump administration,sound,382500,7563405024911559991
democrats,20251021,why say many word when few word do trick?,up (powerful figure),Donald Trump,caption,118200,7563750299702234381
democrats,20251021,Trump finds out someone criticized him: “You said bad?”,up (powerful figure),Donald Trump,overlay,118200,7563750299702234381
democrats,20251021,I don't like you either.,up (powerful figure),Donald Trump,speech,118200,7563750299702234381
democrats,20251021,I don't. And I probably never will.,up (powerful figure),Donald Trump,speech,118200,7563750299702234381
democrats,20251021,ped0 protectors,lateral (institution),Republican Party,caption,174400,7563773654035746062
democrats,20251021,“Stop attacking Pedophiles” - Ted Cruz,up (powerful figure),Ted Cruz,overlay,174400,7563773654035746062
democrats,20251021,ARE REPUBLICANS ACTIVELY WORKING TO PROTECT PEDOPHILES?,lateral (institution),Republican Party,overlay,174400,7563773654035746062
democrats,20251021,"Time to drop the really big bomb: @realDonaldTrump is in the Epstein files. That is the real reason they have not been made public. Have a nice day, DJT!",up (powerful figure),Donald Trump,overlay,174400,7563773654035746062
democrats,20251021,Desperate Republicans Launch Secret Plot to Stop Epstein Files Vote,lateral (institution),Republican Party,overlay,174400,7563773654035746062
democrats,20251021,"How about we all come together and say, let's stop attacking pedophiles.",up (powerful figure),Ted Cruz,speech,174400,7563773654035746062
democrats,20251021,"Whatever they found in those files must be very, very bad for Trump and his friends.",up (powerful figure),Donald Trump,speech,174400,7563773654035746062
democrats,20251021,the Republican Party immediately changed their tune on the issue.,lateral (institution),Republican Party,speech,174400,7563773654035746062
democrats,20251021,"for some reason, he decided to never release the full conversation to the public.",up (powerful figure),Steve Bannon,speech,174400,7563773654035746062
democrats,20251021,"Epstein was, quote, the only person he was afraid of that could actually hurt Trump's chances of winning the election.",up (powerful figure),Donald Trump,speech,174400,7563773654035746062
democrats,20251021,I do know that Jeffrey told me he had dirt on Trump.,up (powerful figure),Donald Trump,speech,174400,7563773654035746062
democrats,20251021,"if he said what he knew, they'd have to cancel the election.",up (powerful figure),Donald Trump,speech,174400,7563773654035746062
democrats,20251021,"He puts Spongino and Cash in there, which might be the stupidest thing in the history of the world.",up (powerful figure),Donald Trump,speech,174400,7563773654035746062
democrats,20251021,you better shut the fuck up.,up (powerful figure),Donald Trump's appointees,speech,174400,7563773654035746062
democrats,20251022,paved paradise and put up a $300m ballroom,up (powerful figure),Donald Trump,caption,278400,7564167336240909623
democrats,20251022,Trump literally destroying the People's House for his fancy ballroom,up (powerful figure),Donald Trump,overlay,278400,7564167336240909623
democrats,20251023,who gives a about christmas stuff and decoration,up (powerful figure),Melania Trump,sound,1100000,7564465150581919031
democrats,20251023,oh what about the children that they were separated give me a break,up (powerful figure),Melania Trump,sound,1100000,7564465150581919031
democrats,20251023,Melania Trump has declined to comment on Trump's East Wing demolition.,up (powerful figure),Melania Trump; Donald Trump,overlay,1100000,7564465150581919031
democrats,20251023,east wing after trump,up (powerful figure),Donald Trump,overlay,1100000,7564465150581919031
democrats,20251023,Leavitt: Trump's main priority is his ballroom,up (powerful figure),Donald Trump,overlay,918900,7564509432521018679
democrats,20251023,AT THIS MOMENT IN TIME OF COURSE THE BALLROOM IS REALLY THE PRESIDENT'S MAIN PRIORITY,up (powerful figure),Donald Trump,overlay,918900,7564509432521018679
democrats,20251023,"But at this moment in time, of course, the ballroom is really the president's main priority.",up (powerful figure),Donald Trump,speech,918900,7564509432521018679
democrats,20251024,how things are ❤️,up (powerful figure),Republican leadership,overlay,942300,7564818817931660557
democrats,20251027,be so fr lol,up (powerful figure),Mike Johnson,overlay,5200000,7565986318220528951
democrats,20251027,Over 40 million Americans will lose food assistance in the coming days due to Republicans' government shutdown.,lateral (institution),Republicans,overlay,1100000,7565999101611887885
democrats,20251027,The Trump administration has refused to release funding set aside to keep food assistance programs running during emergencies.,up (powerful figure),Donald Trump,overlay,1100000,7565999101611887885
democrats,20251027,The ballroom is the president's main priority.,up (powerful figure),Donald Trump,overlay,1100000,7565999101611887885
democrats,20251028,OVERTIME?!,up (powerful figure),Mike Johnson,caption,432600,7566404979070602551
democrats,20251028,DOING WHATEVER TRUMP SAYS,up (powerful figure),Mike Johnson,overlay,432600,7566404979070602551
democrats,20251028,TRUMP'S BILLIONAIRE FIRST AGENDA,up (powerful figure),Donald Trump,overlay,432600,7566404979070602551
democrats,20251028,"So, this is work? You know, it's not as easy as it looks. Sometimes I gotta move the antenna, sometimes I lose the remote, and sometimes my butt itches real bad.",up (powerful figure),Mike Johnson,sound,432600,7566404979070602551
democrats,20251028,"Oh, you poor, poor thing.",up (powerful figure),Mike Johnson,sound,432600,7566404979070602551
democrats,20251028,"Oh, so this is the thanks I get for working overtime. OVERTIME!",up (powerful figure),Mike Johnson,sound,432600,7566404979070602551
democrats,20251029,he could if he wanted to btw,up (powerful figure),Mike Johnson,caption,147300,7566693922769079607
democrats,20251029,mike johnson not doing his job,up (powerful figure),Mike Johnson,overlay,147300,7566693922769079607
democrats,20251030,I don't want to serve the American people i want to play golf and make deals with Saudi oil barons😏,up (powerful figure),Donald Trump,overlay,261500,7567047332919856397
democrats,20251031,BOO😃,up (powerful figure),Mike Johnson,caption,266600,7567378434876394766
democrats,20251031,just playing in those kids faces,up (powerful figure),Donald Trump,caption,782100,7567398707272977719
democrats,20251031,a different girl now,up (powerful figure),Donald Trump,overlay,782100,7567398707272977719
democrats,20251031,but there's nothing new,up (powerful figure),Donald Trump,overlay,782100,7567398707272977719
democrats,20251031,I KNOW YOU GET DÉJÀ VU,up (powerful figure),Donald Trump,overlay,782100,7567398707272977719
democrats,20251031,sometimes you just gotta read what trump is posting and move on with your day,up (powerful figure),Donald Trump,overlay,299700,7567435830004813070
democrats,20251031,South Carerdddd,up (powerful figure),Donald Trump,overlay,299700,7567435830004813070
democrats,20251101,while trump is renovating the bathroom...,up (powerful figure),Donald Trump,overlay,86900,7567771236512681229
democrats,20251101,"you hang them high, your hands are steady and you sleep at night",up (powerful figure),Donald Trump,sound,86900,7567771236512681229
democrats,20251101,"how did you turn, your heart to stone",up (powerful figure),Donald Trump,sound,86900,7567771236512681229
democrats,20251102,"THEY POKED THE BEAR, AND WE HAVE WOKEN UP.",up (powerful figure),They (political opponents),overlay,85500,7567919982181502221
democrats,20251102,"NO CROWNS, NO THRONES, NO KINGS.",up (powerful figure),Political opponents,overlay,85500,7567919982181502221
democrats,20251102,"sometimes you gotta read a text you get on january 6, 2021 and move on with your day",up (powerful figure),Melania Trump,overlay,1100000,7568200683065756942
democrats,20251102,No,up (powerful figure),Melania Trump,overlay,1100000,7568200683065756942
democrats,20251104,who is this diva?? 😭,up (powerful figure),The young woman in the video (representing a stereotyped voter),overlay,1800000,7569007531427630350
democrats,20251104,it’s giving yes on prop 50 🙂‍↕️,up (powerful figure),"A stereotyped young, trendy voter",caption,1800000,7569007531427630350
democrats,20251104,It's giving election day.,up (powerful figure),"A stereotyped young, trendy voter",speech,1800000,7569007531427630350
democrats,20251104,It's giving hot people vote yes on Prop 50.,up (powerful figure),"A stereotyped young, trendy voter",speech,1800000,7569007531427630350
democrats,20251105,kinda busy… as the next mayor of new york city,up (powerful figure),other mayoral candidates,caption,1700000,7569073355542760717
democrats,20251105,I'm kinda busy,up (powerful figure),other mayoral candidates,sound,1700000,7569073355542760717
democrats,20251105,new mayor just dropped,up (powerful figure),political opponents,caption,2000000,7569092838449827086
democrats,20251105,Logging you out like a lullaby,up (powerful figure),Donald Trump,sound,4100000,7569103501347802382
democrats,20251105,HOW IT’S DONE,up (powerful figure),Political opponents,caption,4100000,7569103501347802382
democrats,20251105,Mayor-elect Mamdani to Trump: “Turn the volume up”,up (powerful figure),Donald Trump,overlay,8700000,7569109639170657550
democrats,20251105,"So Donald Trump, since I know you're watching, I have four words for you. Turn the volume up.",up (powerful figure),Donald Trump,speech,8700000,7569109639170657550
democrats,20251105,the Donald Trumps of our city have grown far too comfortable taking advantage of their tenants.,up (powerful figure),Donald Trump and bad landlords,speech,8700000,7569109639170657550
democrats,20251105,We will put an end to the culture of corruption that has allowed billionaires like Trump to evade taxation and exploit tax breaks.,up (powerful figure),Donald Trump,speech,8700000,7569109639170657550
democrats,20251105,"when working people have ironclad rights, the bosses who seek to extort them become very small indeed.",up (powerful figure),Donald Trump,speech,8700000,7569109639170657550
democrats,20251105,"IN BETWEEN PARDONING CRYPTO BILLIONAIRES AND TEARING DOWN THE EAST WING,",up (powerful figure),Donald Trump,overlay,230100,7569279956153306381
democrats,20251105,WE'LL SHOW YOU WHAT IT LOOKS LIKE WHEN GOVERNMENT ACTUALLY FUNCTIONS.,up (powerful figure),Donald Trump,overlay,230100,7569279956153306381
democrats,20251105,And we will remind you how a group of immigrant merchants and farmers beat back the most powerful empire on earth.,up (powerful figure),Donald Trump,speech,230100,7569279956153306381
democrats,20251105,trump and mike johnson on their way to take zero responsibility for the longest govt shutdown in history,up (powerful figure),Donald Trump; Mike Johnson,overlay,383600,7569322611562401038
democrats,20251105,2nd longest shutdown was in trump’s first term btw,up (powerful figure),Donald Trump,caption,383600,7569322611562401038
democrats,20251105,EXIT,up (powerful figure),Mike Johnson,overlay,383600,7569322611562401038
democrats,20251105,the concept of caring what greg abbott thinks,up (powerful figure),Greg Abbott,caption,886600,7569349867089251597
democrats,20251105,Oh-oh-oh-oh-oh-oh!,up (powerful figure),Greg Abbott,speech,886600,7569349867089251597
democrats,20251106,Grand Theft Auto VI has been further delayed as Trump's economy continues to crater.,up (powerful figure),Donald Trump,overlay,374900,7569738639484210445
democrats,20251106,"Donald Trump, since I know you're watching, turn the volume up",up (powerful figure),Donald Trump,speech,9100000,7569747964743224590
democrats,20251106,Trump since I know you're watching the volume up.,up (powerful figure),Trump,overlay,9100000,7569747964743224590
democrats,20251107,republicans fumbled,lateral (institution),Republican Party,overlay,554400,7570021816115268919
democrats,20251107,wtf is this new mob,up (powerful figure),Donald Trump,overlay,1100000,7570068955327368462
democrats,20251107,Oh Not good,up (powerful figure),Donald Trump,speech,1100000,7570068955327368462
democrats,20251107,bruh,up (powerful figure),Donald Trump,caption,316400,7570097231005568269
democrats,20251107,as Trump insists there is 'no inflation',up (powerful figure),Donald Trump,overlay,316400,7570097231005568269
democrats,20251107,I don't want to hear about the affordability.,up (powerful figure),Donald Trump,speech,316400,7570097231005568269
democrats,20251110,betrayal of the American people,lateral (institution),Donald Trump and the Republican Party,overlay,195400,7571117638768692535
democrats,20251110,These are the same people who rushed to vote for tax breaks for billionaires.,lateral (institution),Donald Trump and the Republican Party,overlay,195400,7571117638768692535
democrats,20251110,It is clear whose side they are on.,lateral (institution),Donald Trump and the Republican Party,overlay,195400,7571117638768692535
democrats,20251110,the full-scale Republican assault on Americans' health care,lateral (institution),Republican Party,overlay,195400,7571117638768692535
democrats,20251110,The voters will never forget the day Trump turned his back,up (powerful figure),Donald Trump,overlay,195400,7571117638768692535
democrats,20251110,we don’t tread on freedom here,up (powerful figure),opponents of same-sex marriage,caption,1600000,7571192730014043447
democrats,20251110,Fuck off,up (powerful figure),Kim Davis,sound,1600000,7571192730014043447
democrats,20251113,i know how dirty donald is.,up (powerful figure),Donald Trump,overlay,8700000,7572254557544271159
democrats,20251113,have met some very bad people. none as bad as trump,up (powerful figure),Donald Trump,overlay,8700000,7572254557544271159
democrats,20251113,he has lied his ass off about it,up (powerful figure),Donald Trump,overlay,8700000,7572254557544271159
democrats,20251113,not one decent cell in his body- so yes- dangerous,up (powerful figure),Donald Trump,overlay,8700000,7572254557544271159
democrats,20251113,your man of the people,up (powerful figure),Donald Trump,overlay,8700000,7572254557544271159
democrats,20251113,i dont want to come early to find trump in your house(LOL),up (powerful figure),Donald Trump,overlay,8700000,7572254557544271159
democrats,20251113,Message: prince andrew and trump today. tooo funny.,up (powerful figure),Donald Trump,overlay,8700000,7572254557544271159
democrats,20251113,Message: recall prince andrews accuser came out of mara lago,up (powerful figure),Donald Trump,overlay,8700000,7572254557544271159
democrats,20251113,WOULD YOU TRUST THIS MAN WITH YOUR DAUGHTER?,up (powerful figure),Donald Trump,overlay,8700000,7572254557544271159
democrats,20251113,when i'm stealing money from the poor while also covering up the Epstein files and i genuinely reach flow state,up (powerful figure),Donald Trump,overlay,15400000,7572312059363200270
democrats,20251113,disgusting,up (powerful figure),Donald Trump,caption,1900000,7572319079852182798
democrats,20251113,"you see, i know how dirty donald is.",up (powerful figure),Donald Trump,overlay,1900000,7572319079852182798
democrats,20251113,A girl is a wonderful thing.,up (powerful figure),Donald Trump,overlay,1900000,7572319079852182798
democrats,20251113,none as bad as trump.,up (powerful figure),Donald Trump,overlay,1900000,7572319079852182798
democrats,20251114,hope there were no dogs on set,up (powerful figure),Kristi Noem,caption,1600000,7572659339165502733
democrats,20251114,she spent taxpayer money on ts😭,up (powerful figure),Kristi Noem,overlay,1600000,7572659339165502733
democrats,20251117,he could’ve released the files already btw,up (powerful figure),Donald Trump,caption,18100000,7573706516432178446
democrats,20251117,Are you still talking about Jeffrey Epstein?,up (powerful figure),Donald Trump,speech,18100000,7573706516432178446
democrats,20251117,This guy's been talked about for years.,up (powerful figure),Donald Trump,speech,18100000,7573706516432178446
democrats,20251117,ONE WAY OR ANOTHER,up (powerful figure),Donald Trump,overlay,18100000,7573706516432178446
democrats,20251117,how to make your photo look straight out of the upside down,up (powerful figure),Donald Trump,overlay,1300000,7573733825805602061
democrats,20251117,this trend but wtf is he doing,up (powerful figure),Donald Trump,overlay,4400000,7573770479178108215
democrats,20251117,"Like sugar on my tongue, tongue, tongue, your body so sweet, sweet, sweet, invite me if you come, come, come.",up (powerful figure),Donald Trump,sound,4400000,7573770479178108215
democrats,20251117,I BLEW MY STACK.,up (powerful figure),Donald Trump,overlay,566400,7573830342520425783
democrats,20251117,I thought you said there was a polyp.,up (powerful figure),Donald Trump,overlay,566400,7573830342520425783
democrats,20251118,what is bro talking about 😭😭,up (powerful figure),Donald Trump,caption,473700,7573874145050791223
democrats,20251118,"The very, very heavy bombs. And they go boom.",up (powerful figure),Donald Trump,overlay,473700,7573874145050791223
democrats,20251118,"the one pilot, the first one said skedaddle.",up (powerful figure),Donald Trump,overlay,473700,7573874145050791223
democrats,20251118,KRISTI NOEM K-9 RELIEF ACT OF 2025.,up (powerful figure),Kristi Noem,overlay,480900,7574116950251425037
democrats,20251118,the Kristi Noem K-9 Relief Act of 2025,up (powerful figure),Kristi Noem,speech,480900,7574116950251425037
democrats,20251118,oof,up (powerful figure),Donald Trump,caption,251100,7574140777429781815
democrats,20251118,"usually Donald Trump has his pulse on the Republican base, but he did not on this issue.",up (powerful figure),Donald Trump,speech,251100,7574140777429781815
democrats,20251118,"just 44 percent, south of 50 percent",up (powerful figure),Donald Trump,speech,251100,7574140777429781815
democrats,20251118,The Republican base was against Donald Trump on the Epstein files.,up (powerful figure),Donald Trump,speech,251100,7574140777429781815
democrats,20251118,this was the rare instance in which the Republican base was not with Donald Trump.,up (powerful figure),Donald Trump,speech,251100,7574140777429781815
democrats,20251118,"Adios, amigos. Goodbye.",up (powerful figure),Mike Johnson,speech,251100,7574140777429781815
democrats,20251118,time and place!!!,up (powerful figure),Donald Trump,overlay,637500,7574150225896475918
democrats,20251118,I BLOW EVERYONE AWAY.,up (powerful figure),Donald Trump,overlay,637500,7574150225896475918
democrats,20251118,Because I blow everyone away,up (powerful figure),Donald Trump,speech,637500,7574150225896475918
democrats,20251118,"oh my god, time and place",up (powerful figure),Donald Trump,sound,637500,7574150225896475918
democrats,20251118,Spongebob big guy pants ok,up (powerful figure),unnamed man,overlay,5700000,7574154390001519886
democrats,20251118,You're unsuitable for the rage of war,up (powerful figure),Donald Trump,sound,3400000,7574190813320613175
democrats,20251118,"So pack up, go home, you're through",up (powerful figure),Donald Trump,sound,3400000,7574190813320613175
democrats,20251118,How could I make a man out of you?,up (powerful figure),Donald Trump,sound,3400000,7574190813320613175
democrats,20251119,mogged,up (powerful figure),Donald Trump,caption,16700000,7574485216027364621
democrats,20251119,DON'T,up (powerful figure),Donald Trump,overlay,16700000,7574485216027364621
democrats,20251119,I don't like,up (powerful figure),Donald Trump,sound,16700000,7574485216027364621
democrats,20251119,It's the guy in the White House.,up (powerful figure),Donald Trump,speech,439500,7574501832731413815
democrats,20251119,America First has been replaced by Argentina First.,up (powerful figure),Donald Trump,speech,439500,7574501832731413815
democrats,20251119,spending upwards of $23 to $30 billion as basically a political bribe.,up (powerful figure),Donald Trump,speech,439500,7574501832731413815
democrats,20251119,we have a dictator in making Trump,up (powerful figure),Donald Trump,speech,439500,7574501832731413815
democrats,20251119,it's all about cronyism and protecting billionaire deep pockets.,up (powerful figure),Donald Trump,speech,439500,7574501832731413815
democrats,20251119,trump: i would never meow for anyone!!!,up (powerful figure),Donald Trump,overlay,19100000,7574510689079889207
democrats,20251119,xi: not for me???,up (powerful figure),Donald Trump,overlay,19100000,7574510689079889207
democrats,20251119,MBS: what about me donald??,up (powerful figure),Donald Trump,overlay,19100000,7574510689079889207
democrats,20251119,milei: how about me 🥺😥,up (powerful figure),Donald Trump,overlay,19100000,7574510689079889207
democrats,20251119,putin: you better meow for me 😈,up (powerful figure),Donald Trump,overlay,19100000,7574510689079889207
democrats,20251119,this is the guy in charge of our military btw,up (powerful figure),Pete Hegseth,overlay,977600,7574577323677093175
democrats,20251120,the cruelty is the point.,lateral (institution),Republican Party,caption,2100000,7574865362496343310
democrats,20251120,A SAD SACK,lateral (institution),Republican Party,overlay,2100000,7574865362496343310
democrats,20251120,Millions Would Lose Their Obamacare Coverage Under Trump's Bill,up (powerful figure),Donald Trump,overlay,2100000,7574865362496343310
democrats,20251120,"Medicaid cuts in Trump's 'big beautiful bill' will leave millions uninsured, threaten rural hospitals",up (powerful figure),Donald Trump,overlay,2100000,7574865362496343310
democrats,20251121,are we great yet?,up (powerful figure),Donald Trump,caption,206100,7575251050966388023
democrats,20251121,People are feeling the effects of Trump's economy on Thanksgiving,up (powerful figure),Donald Trump,overlay,206100,7575251050966388023
democrats,20251121,He doesn't even know what he's looking at. He has no idea what's going on.,up (powerful figure),Donald Trump,overlay,224200,7575281669054221581
democrats,20251121,Take that for what it's worth. And I hope he hears it.,up (powerful figure),Donald Trump,overlay,224200,7575281669054221581
democrats,20251121,"Yeah, he's lost man. He don't know what the fuck to do.",up (powerful figure),Donald Trump,sound,224200,7575281669054221581
democrats,20251121,We approve this message.,up (powerful figure),Donald Trump,caption,3600000,7575292672047385870
democrats,20251121,"YEAH, I WOULD. I REALLY WOULD.",up (powerful figure),Donald Trump,speech,3600000,7575292672047385870
democrats,20251121,mogged,up (powerful figure),Donald Trump,caption,2500000,7575304136485342478
democrats,20251121,I feel very confident that he can do a very good job. He is going to surprise some conservative people.,up (powerful figure),Donald Trump,speech,617300,7575309456595012919
democrats,20251121,lol,up (powerful figure),Donald Trump,caption,617300,7575309456595012919
democrats,20251122,on today's episode of fat and jobless,up (powerful figure),Donald Trump,overlay,4700000,7575618564195912973
democrats,20251124,"prada and gucci, it don't go together",up (powerful figure),Donald Trump,overlay,2100000,7576345548114971917
democrats,20251124,"louis and dior, i swear it go better",up (powerful figure),Donald Trump,overlay,2100000,7576345548114971917
democrats,20251124,he wear my drip but i wear it better,up (powerful figure),Donald Trump,overlay,2100000,7576345548114971917
democrats,20251125,I gotta figure out how to make money on this thing. It's simply too good. I gotta figure out how to make money on this! I really want to!,up (powerful figure),Donald Trump,sound,797800,7576696978810162487
democrats,20251125,and then he did,up (powerful figure),Donald Trump,caption,797800,7576696978810162487
democrats,20251126,It's been like a full week and he still hasn't released the files lol,up (powerful figure),Donald Trump,overlay,1500000,7577053447401311501
democrats,20251201,clearly touched a nerve,up (powerful figure),Donald Trump,caption,277700,7578905276179434766
democrats,20251201,I have no idea. It wasn't the brain because I took a cognitive test 🤯,up (powerful figure),Donald Trump,overlay,277700,7578905276179434766
democrats,20251201,was the east wing not enough??,up (powerful figure),Donald Trump,caption,4800000,7578931260404403469
democrats,20251201,holy f trump took out the battle bus,up (powerful figure),Donald Trump,overlay,4800000,7578931260404403469
democrats,20251201,It has a lot of big words he doesn't understand,up (powerful figure),Donald Trump,overlay,2800000,7578940789405863223
democrats,20251201,Prefers buying from Argentina.,up (powerful figure),Donald Trump,overlay,2800000,7578940789405863223
democrats,20251201,He has one!,up (powerful figure),Donald Trump,overlay,2800000,7578940789405863223
democrats,20251201,Don't want people to think all this health care is affordable!,up (powerful figure),Donald Trump,overlay,2800000,7578940789405863223
democrats,20251201,More of a tacky gold guy!,up (powerful figure),Donald Trump,overlay,2800000,7578940789405863223
democrats,20251201,He's planning on drilling it for oil and doesn't care about the natural wildlife anyway!,up (powerful figure),Donald Trump,overlay,2800000,7578940789405863223
democrats,20251202,this video is evil and disgusting. Do not ever involve me or my music to benefit your inhumane agenda.,up (powerful figure),Donald Trump,overlay,1500000,7579307432036355383
democrats,20251202,have you ever tried this one? 🖕,lateral (institution),The White House/Donald Trump,caption,1500000,7579307432036355383
democrats,20251202,Bye bye 👋,lateral (institution),The White House/Donald Trump,overlay,1500000,7579307432036355383
democrats,20251202,trying to get Trump to fix the economy but he's just posting instead,up (powerful figure),Donald Trump,overlay,214000,7579318474288188685
democrats,20251202,158 posts in one night btw,up (powerful figure),Donald Trump,caption,214000,7579318474288188685
democrats,20251202,it's like there's nothing behind her eyes it's like she's not even here,up (powerful figure),Donald Trump,sound,214000,7579318474288188685
democrats,20251202,Donald Trump says he has got no idea.,up (powerful figure),Donald Trump,speech,810500,7579327885698206990
democrats,20251202,why are you getting an annual checkup for the second time this year?,up (powerful figure),Donald Trump,speech,810500,7579327885698206990
democrats,20251202,all of this is a little weird and slightly suspicious.,up (powerful figure),Donald Trump,speech,810500,7579327885698206990
democrats,20251202,Are we sure he's not too old for this job?,up (powerful figure),Donald Trump,speech,810500,7579327885698206990
democrats,20251202,everything is literally fine,up (powerful figure),Donald Trump,overlay,810500,7579327885698206990
democrats,20251202,There is no war in Ba Sing Se.,up (powerful figure),Karoline Leavitt,overlay,810500,7579327885698206990
democrats,20251204,I think affordability is the greatest con job,up (powerful figure),Donald Trump,overlay,267100,7580044057712299278
democrats,20251204,IT'S A CON JOB.,up (powerful figure),Donald Trump,overlay,267100,7580044057712299278
democrats,20251204,LISTEN UP LIBERAL,up (powerful figure),Robert F. Kennedy Jr.,overlay,363600,7580128082661575991
democrats,20251204,CHEESE METAL,up (powerful figure),Robert F. Kennedy Jr.,overlay,363600,7580128082661575991
democrats,20251205,melania trump realizing it's time to decorate for Christmas,up (powerful figure),Melania Trump,overlay,3300000,7580418247015615757
democrats,20251205,"“but I have to do it, right?”",up (powerful figure),Melania Trump,caption,3300000,7580418247015615757
democrats,20251205,What doesn't kill you makes you stronger,up (powerful figure),Melania Trump,sound,3300000,7580418247015615757
democrats,20251205,not round here partner 🦅,up (powerful figure),Donald Trump,caption,1400000,7580486685742337335
democrats,20251205,Trump says soccer should be called football in America 😳,up (powerful figure),Donald Trump,overlay,1400000,7580486685742337335
democrats,20251208,Are you still talking about Jeffrey Epstein?,up (powerful figure),Donald Trump,overlay,3300000,7581543060719389965
democrats,20251208,Are people still talking about this guy?,up (powerful figure),Donald Trump,overlay,3300000,7581543060719389965
democrats,20251208,I can't believe you're asking a question on Epstein.,up (powerful figure),Donald Trump,overlay,3300000,7581543060719389965
democrats,20251208,baby that's my brother like i know dada and he would never do something like that,up (powerful figure),Donald Trump,sound,3300000,7581543060719389965
democrats,20251209,THIS IS 🇺🇸🇺🇸 BITCH!!!,up (powerful figure),Donald Trump,overlay,314800,7581651346214931725
democrats,20251209,we clown in this muthafucka betta take yo sensitive ass back to europe,up (powerful figure),Donald Trump,overlay,314800,7581651346214931725
democrats,20251209,WHAT THE FUCK IS A KAWAMETA?!,up (powerful figure),Donald Trump,sound,314800,7581651346214931725
democrats,20251210,Christmas getting nerfed by trump's tariffs,up (powerful figure),Donald Trump,overlay,341900,7582346255616052493
democrats,20251211,nobody can afford Christmas this year because trump tanked the economy 🥰,up (powerful figure),Donald Trump,overlay,1500000,7582618893110316343
democrats,20251215,the war on Christmas is finally over 😍,lateral (institution),Conservatives / Republicans,caption,179200,7584137903568178446
democrats,20251215,You don't need $37 for your daughter. Two or three is nice.,up (powerful figure),Fox News commentators,speech,179200,7584137903568178446
democrats,20251215,"Adults don't need gifts, okay?",up (powerful figure),Fox News commentators,speech,179200,7584137903568178446
democrats,20251215,Grandma doesn't need slippers.,up (powerful figure),Fox News commentators,speech,179200,7584137903568178446
democrats,20251215,"Look, don't be dramatic.",up (powerful figure),Fox News commentators,speech,179200,7584137903568178446
democrats,20251215,Buy a fake tree.,up (powerful figure),Fox News commentators,speech,179200,7584137903568178446
democrats,20251215,"A plus. A plus. A plus, plus, plus, plus, plus.",up (powerful figure),Donald Trump,speech,179200,7584137903568178446
democrats,20251215,sad 😢,up (powerful figure),Donald Trump,caption,8300000,7584165059618819383
democrats,20251215,man i used to be one hell of an athlete,up (powerful figure),Donald Trump,overlay,8300000,7584165059618819383
democrats,20251215,Warning!! What you are about to witness will disturb you. Even shock you. There is a dark side of humanity the censors won't let you see... but we will. View at your own risk.,up (powerful figure),Donald Trump,overlay,223700,7584183445933362446
democrats,20251215,This is a controversial look. I still see memes about this particular look with my hat.,up (powerful figure),Donald Trump,speech,223700,7584183445933362446
democrats,20251215,𝓽𝓱𝓮𝔂'𝓻𝓮 𝓶𝓾𝓵𝓽𝓲𝓹𝓵𝔂𝓲𝓷𝓰 🎩,up (powerful figure),Donald Trump,caption,223700,7584183445933362446
democrats,20251216,Trump's cabinet just did a new photoshoot...😳,up (powerful figure),Donald Trump's potential cabinet,overlay,5300000,7584475172132949303
democrats,20251216,I think I'm gonna die in this house,lateral (institution),Trump administration,sound,5300000,7584475172132949303
democrats,20251216,there's absolutely nothing fun about this man,up (powerful figure),Donald Trump,speech,417200,7584554273279659277
democrats,20251218,trump interrupting the survivor finale 💀,up (powerful figure),Donald Trump,overlay,1400000,7585206330248449293
democrats,20251218,"this agitating, grating voice.",up (powerful figure),Donald Trump,sound,1400000,7585206330248449293
democrats,20251218,can’t have shit anymore 😭,up (powerful figure),Donald Trump,caption,1400000,7585206330248449293
democrats,20251218,trump's assistant trying to aura farm off the vanity fair article 😂,up (powerful figure),Dan Scavino Jr.,overlay,657000,7585254340558966030
democrats,20251218,"You wanna make me the villain? Fine, I'll be the villain in your story, just don't forget the fucking chapter where you created me.",up (powerful figure),Dan Scavino Jr.,sound,657000,7585254340558966030
democrats,20251218,Trump 🤝 Snow,up (powerful figure),Donald Trump,caption,5100000,7585318114066287886
democrats,20251218,"In the fall, we will host the first ever Patriot Games.",up (powerful figure),Donald Trump,speech,5100000,7585318114066287886
democrats,20251218,EVERYBODY WANTS TO RULE THE WORLD.,up (powerful figure),Donald Trump,overlay,5100000,7585318114066287886
democrats,20251219,a message brought to you all the way from the capitol!,up (powerful figure),Donald Trump,caption,3800000,7585594631757253901
democrats,20251219,CAPITOL TV,up (powerful figure),Donald Trump,overlay,3800000,7585594631757253901
democrats,20251219,This is Capitol TV.,up (powerful figure),Donald Trump,speech,3800000,7585594631757253901
democrats,20251219,the first ever Patriot Games,up (powerful figure),Donald Trump,speech,3800000,7585594631757253901
democrats,20251219,trump renaming everything after himself instead of helping Americans,up (powerful figure),Donald Trump,overlay,7000000,7585620159532993806
democrats,20251219,New photo reveals Trump's name being added to the Kennedy Center facade.,up (powerful figure),Donald Trump,overlay,7000000,7585620159532993806
democrats,20251219,THE DONALD J. TRUMP MEMORIAL CEN...,up (powerful figure),Donald Trump,overlay,7000000,7585620159532993806
democrats,20251219,since we’re doing the hunger games,up (powerful figure),Donald Trump,caption,3900000,7585649245294726455
democrats,20251219,"I'm in the trees, I'm in the breeze, my footsteps on the ground You'll see my face in every place, but you can't catch me now",up (powerful figure),Donald Trump,sound,3900000,7585649245294726455
democrats,20251219,DONALD TRUMP IS CORIOLANUS SNOW,up (powerful figure),Donald Trump,overlay,4000000,7585679845342940471
democrats,20251219,this casting is crazy 😭,up (powerful figure),Donald Trump,caption,4000000,7585679845342940471
democrats,20251220,live reaction to getting reaped for the patriot games,up (powerful figure),Patriot movement,overlay,6900000,7585994944293244215
democrats,20251220,We are going to die tomorrow!,up (powerful figure),Patriot movement,sound,6900000,7585994944293244215
democrats,20251220,"The games, the Hunger Games!",up (powerful figure),Patriot movement,sound,6900000,7585994944293244215
democrats,20260101,I RUN THIS SH*T,up (powerful figure),Political establishment/opponents,overlay,8400000,7590454513903881486
democrats,20260101,I SAID I LIKE IT LIKE THAT,up (powerful figure),Political establishment/opponents,overlay,8400000,7590454513903881486
democrats,20260101,I run this shit like Cardi,up (powerful figure),Political establishment/opponents,sound,8400000,7590454513903881486
democrats,20260101,"Oh, he's so handsome, what's his name?",up (powerful figure),Political establishment/opponents,sound,8400000,7590454513903881486
democrats,20260105,bullshit repeats itself,up (powerful figure),The foreign policy of George W. Bush and Donald Trump,overlay,1400000,7591922013875326221
democrats,20260106,DROPPED TWO MIXTAPES IN SIX MONTHS,up (powerful figure),Critics/Opponents,overlay,3200000,7592298862635650359
democrats,20260106,I DON'T BOTHER WITH THESE H**S,up (powerful figure),Critics/Opponents,overlay,3200000,7592298862635650359
democrats,20260106,DON'T LET THESE H**S BOTHER ME,up (powerful figure),Critics/Opponents,overlay,3200000,7592298862635650359
democrats,20260106,"THEY SEE PICTURES THEY SAY ""GOALS""",up (powerful figure),Critics/Opponents,overlay,3200000,7592298862635650359
democrats,20260106,"B***H, I'M WHO THEY TRYNA BE",up (powerful figure),Critics/Opponents,overlay,3200000,7592298862635650359
democrats,20260106,it’s about the oil,up (powerful figure),Donald Trump,caption,952900,7592376231518096695
democrats,20260106,the real reason he wants to run Venezuela,up (powerful figure),Donald Trump,overlay,952900,7592376231518096695
democrats,20260106,We’re going to keep the oil,up (powerful figure),Donald Trump,overlay,952900,7592376231518096695
democrats,20260106,elections in Venezuela would be ‘premature at this point’,up (powerful figure),Marco Rubio,overlay,952900,7592376231518096695
democrats,20260106,listen here dingbat,up (powerful figure),Donald Trump,caption,4200000,7592390946931756302
democrats,20260106,"Don't tell me to shut my mouth, paint by numbers hair!",up (powerful figure),Donald Trump,sound,4200000,7592390946931756302
democrats,20260106,Save your tears for the pillow.,up (powerful figure),Donald Trump,sound,4200000,7592390946931756302
democrats,20260106,"They go bing, bing, bing, bing.",up (powerful figure),Donald Trump,sound,4200000,7592390946931756302
democrats,20260106,It's like a bad movie.,up (powerful figure),Donald Trump,sound,4200000,7592390946931756302
democrats,20260109,Vice President Vance believes that shooting a young mother of three in the face three times is an acceptable America that he wants to live in,up (powerful figure),JD Vance,speech,488800,7593456105020312887
democrats,20260109,I do not believe that the American people should be assassinated in the street.,up (powerful figure),JD Vance,speech,488800,7593456105020312887
democrats,20260110,back when Trump used to hang out with a predator because they were good pals,up (powerful figure),Donald Trump,overlay,577400,7593844541233417485
democrats,20260112,DON'T FIRE JEROME POWELL SCHOOL WALKOUT,up (powerful figure),Donald Trump,overlay,475200,7594519212467522871
democrats,20260112,fuck the big one,up (powerful figure),Donald Trump,sound,475200,7594519212467522871
democrats,20260112,THINK I WON'T,up (powerful figure),"Donald Trump, JD Vance, and Scott Bessent",overlay,5200000,7594569527816391950
democrats,20260112,LOCATION?,up (powerful figure),"Donald Trump, JD Vance, and Scott Bessent",overlay,5200000,7594569527816391950
democrats,20260112,PTSD.,up (powerful figure),"Donald Trump, JD Vance, and Scott Bessent",overlay,5200000,7594569527816391950
democrats,20260112,"Motherfuck the big three, nigga it's just big me",up (powerful figure),"Donald Trump, JD Vance, and Scott Bessent",sound,5200000,7594569527816391950
democrats,20260112,your best work is a light pack,up (powerful figure),"Donald Trump, JD Vance, and Scott Bessent",sound,5200000,7594569527816391950
democrats,20260113,lol,up (powerful figure),unnamed person in uniform,caption,13600000,7594874303984717070
democrats,20260113,Strike,up (powerful figure),unnamed person in uniform,overlay,13600000,7594874303984717070
democrats,20260113,subtle foreshadowing,up (powerful figure),unnamed law enforcement officer,overlay,3200000,7594914316281842958
democrats,20260114,All the things she said,up (powerful figure),Donald Trump,sound,4700000,7595245643094822199
democrats,20260114,TRUMP WILL FIX IT,up (powerful figure),Donald Trump,overlay,4700000,7595245643094822199
democrats,20260115,and I saw our reflection,up (powerful figure),Donald Trump,overlay,2400000,7595664972865096974
democrats,20260115,"I got a pizza delivery for a Tonka Johari. I'm Tonka Johari, but I would never order a whole pizza for myself. I mean, I'll take it, but.",up (powerful figure),Donald Trump,sound,761400,7595685046456012087
democrats,20260115,why is the gallon of milk left open…,up (powerful figure),Donald Trump,caption,761400,7595685046456012087
democrats,20260115,hole milk??,up (powerful figure),Donald Trump,caption,512600,7595703959684189495
democrats,20260115,Trump said WHAT????,up (powerful figure),Donald Trump,overlay,512600,7595703959684189495
democrats,20260115,"ACTUALLY A LEGAL DEFINITION, WHOLE MILK. AND IT'S WHOLE WITH A W FOR THOSE OF YOU THAT HAVE A PROBLEM. MOST OF THE MEDIA WILL PICK UP THAT.",up (powerful figure),Donald Trump,overlay,512600,7595703959684189495
democrats,20260116,wtf is going on at mar-a-lago...,up (powerful figure),Mar-a-Lago,overlay,2600000,7595984095822351671
democrats,20260120,a year of chaos,up (powerful figure),Donald Trump,caption,637500,7597525859309849869
democrats,20260120,THE COUP,up (powerful figure),Donald Trump,overlay,637500,7597525859309849869
democrats,20260121,WHERE IS MY BFF?,up (powerful figure),Donald Trump,overlay,14800000,7597872229052845326
democrats,20260121,WHERE ARE THE FILES?,up (powerful figure),Donald Trump,overlay,14800000,7597872229052845326
democrats,20260121,WHAT IS THAT CREATURE?,up (powerful figure),Donald Trump,overlay,14800000,7597872229052845326
democrats,20260121,SCIENTIFIC NAME DONALD JOHN TRUMP,up (powerful figure),Donald Trump,overlay,14800000,7597872229052845326
democrats,20260121,COMMONLY REFERRED AS UGLY :(,up (powerful figure),Donald Trump,overlay,14800000,7597872229052845326
democrats,20260121,mogged,up (powerful figure),Donald Trump,caption,6800000,7597912272689728781
democrats,20260121,sub 5 president trying to govern,up (powerful figure),Donald Trump,overlay,6800000,7597912272689728781
democrats,20260122,wtf is wrong with him,up (powerful figure),Donald Trump,overlay,9500000,7598228132469984525
democrats,20260122,You don't turn the Titanic around overnight.,up (powerful figure),JD Vance,speech,360800,7598296637143846157
democrats,20260122,does he know the titantic sank,up (powerful figure),JD Vance,overlay,360800,7598296637143846157
democrats,20260122,"Chat, are we cooked?",up (powerful figure),The economic situation under a hypothetical JD Vance presidency,overlay,360800,7598296637143846157
democrats,20260122,stonks,up (powerful figure),The economic situation under a hypothetical JD Vance presidency,caption,360800,7598296637143846157
democrats,20260123,Ted Cruz stays in TX during a storm: mission impossible,up (powerful figure),Ted Cruz,caption,566100,7598625689708875022
democrats,20260123,a different girl now,up (powerful figure),Ted Cruz,sound,566100,7598625689708875022
democrats,20260123,but there's nothing new,up (powerful figure),Ted Cruz,sound,566100,7598625689708875022
democrats,20260123,I KNOW YOU GET DÉJÀ VU,up (powerful figure),Ted Cruz,sound,566100,7598625689708875022
democrats,20260123,when im not feeling the push downs so i hit the donald trump cognitive decline lean,up (powerful figure),Donald Trump,overlay,3100000,7598644108080581943
democrats,20260123,lean with it,up (powerful figure),Donald Trump,caption,3100000,7598644108080581943
democrats,20260123,imagine leaving your house looking like that,up (powerful figure),Donald Trump,caption,1000000,7598689439535107341
democrats,20260123,american horror story,lateral (institution),Trump administration,caption,9600000,7598697901384043789
democrats,20260123,editing the trump admin like a reality show,lateral (institution),Trump administration,overlay,9600000,7598697901384043789
democrats,20260123,"For minors, do we love minors? I love minors.",up (powerful figure),Donald Trump,speech,9600000,7598697901384043789
democrats,20260123,"Look, Marco is actually probably my best friend.",up (powerful figure),Donald Trump,speech,9600000,7598697901384043789
democrats,20260123,Someone might want to come through and do a couple pull-ups.,up (powerful figure),Mike Johnson,speech,9600000,7598697901384043789
democrats,20260123,"As the saying goes, I love minors.",up (powerful figure),Donald Trump,speech,9600000,7598697901384043789
democrats,20260127,Crawlin' back to you,up (powerful figure),Donald Trump,sound,22700000,7600082781711895838
democrats,20260127,BULLYING,up (powerful figure),Donald Trump,overlay,22700000,7600082781711895838
democrats,20260128,Her husband is a registered sex offender btw,up (powerful figure),Nicki Minaj,overlay,18700000,7600495209897659679
democrats,20260128,"These hoes don't be mad at Megan, these hoes mad at Megan's law",up (powerful figure),Nicki Minaj,sound,18700000,7600495209897659679
democrats,20260128,"Bitch, you a pussy, never finna check me",up (powerful figure),Nicki Minaj,sound,18700000,7600495209897659679
democrats,20260129,Warren RIPS into Republicans for staying silent on ICE,lateral (institution),Republican Party,overlay,331700,7600798193747545358
democrats,20260129,Silence is complicity.,lateral (institution),Republican Party,speech,331700,7600798193747545358
democrats,20260129,Grow a spine,lateral (institution),Republican Party,speech,331700,7600798193747545358
democrats,20260129,show some backbone.,lateral (institution),Republican Party,speech,331700,7600798193747545358
democrats,20260129,Being disturbed doesn't change anything.,lateral (institution),Republican Party,speech,331700,7600798193747545358
democrats,20260129,America has spoken 🗣️,up (powerful figure),Melania Trump,caption,3800000,7600819978756984077
democrats,20260129,not melania getting last place in the first lady rankings 💀,up (powerful figure),Melania Trump,overlay,3800000,7600819978756984077
democrats,20260129,LAST,up (powerful figure),Melania Trump,overlay,3800000,7600819978756984077
democrats,20260129,MY LIFE IS A... party!!,up (powerful figure),Donald Trump,overlay,4500000,7600840793766546743
democrats,20260129,ma home is th club,up (powerful figure),Donald Trump,overlay,4500000,7600840793766546743
democrats,20260129,i party liek a rockstar,up (powerful figure),Donald Trump,overlay,4500000,7600840793766546743
democrats,20260129,hands until i drop,up (powerful figure),Donald Trump,overlay,4500000,7600840793766546743
democrats,20260129,my stage is the dance floor,up (powerful figure),Donald Trump,overlay,4500000,7600840793766546743
democrats,20260129,party never stops,up (powerful figure),Donald Trump,overlay,4500000,7600840793766546743
democrats,20260129,I am here to address the rumors of my cognitive decline...,up (powerful figure),Donald Trump,overlay,2400000,7600884362032221453
democrats,20260129,"Let's be honest, I have the best memory of anyone I have ever known.",up (powerful figure),Donald Trump,overlay,2400000,7600884362032221453
democrats,20260129,Anyway... has anyone seen my friend Jeffrey?,up (powerful figure),Donald Trump,overlay,2400000,7600884362032221453
democrats,20260130,wtf???,up (powerful figure),Donald Trump,caption,850800,7601169342121774350
democrats,20260130,Trump: I don't want to drive housing prices down. I want to drive housing prices up.,up (powerful figure),Donald Trump,overlay,850800,7601169342121774350
democrats,20260130,WE'RE GONNA KEEP THEM WEALTHY,up (powerful figure),Donald Trump,overlay,850800,7601169342121774350
democrats,20260130,WE'RE NOT GONNA DESTROY THE VALUE OF THEIR HOMES... SO THAT SOMEBODY THAT DIDN'T WORK VERY HARD CAN BUY A HOME,up (powerful figure),Donald Trump,overlay,850800,7601169342121774350
democrats,20260130,my storage is full lemme delete some pics,up (powerful figure),Donald Trump,overlay,1500000,7601258003228101902
democrats,20260202,competing for # 1 bootlicker,up (powerful figure),Marco Rubio and JD Vance,caption,674900,7602332185965645070
democrats,20260202,CANADA'S SHANE HOLLANDER | AND RUSSIA'S ILYA ROZANOV,up (powerful figure),Marco Rubio and JD Vance,overlay,674900,7602332185965645070
democrats,20260202,ICE OUT.,up (powerful figure),ICE,overlay,2200000,7602416668383530254
democrats,20260202,I'm gonna say Ice Out,up (powerful figure),ICE,sound,2200000,7602416668383530254
democrats,20260203,Whatever tf this is,up (powerful figure),MAGA,overlay,4000000,7602748936880786701
democrats,20260204,trump and epstein having so much evidence of them together 🤨,up (powerful figure),Donald Trump,overlay,2700000,7603134429913009422
democrats,20260204,"If we go down, then we go down together",up (powerful figure),Donald Trump,sound,2700000,7603134429913009422
democrats,20260204,We'll get away with everything,up (powerful figure),Donald Trump,sound,2700000,7603134429913009422
democrats,20260205,mogged,up (powerful figure),Kid Rock,caption,2200000,7603452730941656334
democrats,20260205,"Young ladies, young ladies, I like 'em underage, see",up (powerful figure),Kid Rock,overlay,2200000,7603452730941656334
democrats,20260205,Some say that's statutory (But I say it's mandatory),up (powerful figure),Kid Rock,overlay,2200000,7603452730941656334
democrats,20260205,call it the trump effect,up (powerful figure),Donald Trump,caption,802000,7603517356060511502
democrats,20260205,everyone say thank you President Donald Trump!,up (powerful figure),Donald Trump,overlay,802000,7603517356060511502
democrats,20260205,Nothing says America First like a failing job market,up (powerful figure),Donald Trump,overlay,802000,7603517356060511502
democrats,20260206,trump admin trying to distract from the epstein files by uplifting a different ped0,lateral (institution),the Trump administration; Kid Rock,overlay,7200000,7603778617570594062
democrats,20260206,interesting tactic,lateral (institution),Trump administration,caption,7200000,7603778617570594062
democrats,20260206,a creature feature,up (powerful figure),JD Vance and Marco Rubio,sound,628100,7603795690744974605
democrats,20260206,two trump bootlickers 🤢,up (powerful figure),JD Vance and Marco Rubio,overlay,628100,7603795690744974605
democrats,20260206,PLEASE DON'T CALL ME,lateral (institution),Republican Party,overlay,7600000,7603825519104150798
democrats,20260206,"Please don't call me twin, I don't look like you",lateral (institution),Republican Party,sound,7600000,7603825519104150798
democrats,20260206,and the crowd went mild,lateral (institution),Republican Party,caption,5300000,7603835999562501390
democrats,20260206,🤨🤔,lateral (institution),Republican Party,overlay,5300000,7603835999562501390
democrats,20260206,GOP tiktok?!?,lateral (institution),Republican Party,overlay,5300000,7603835999562501390
democrats,20260206,'powerful',lateral (institution),Republican National Committee's TikTok strategy,overlay,5300000,7603835999562501390
democrats,20260206,"wow, they even re-branded their twitter",lateral (institution),Republican Party,overlay,5300000,7603835999562501390
democrats,20260209,a bunch of adults throwing temper tantrums and their own halftime show is embarrassing as hell and the most cringe shit on the planet,up (powerful figure),Turning Point USA,overlay,1500000,7605003418888867085
democrats,20260210,Donald Trump is a con artist — and he cannot be our nominee.,up (powerful figure),Marco Rubio,overlay,1700000,7605329185778797838
democrats,20260210,#NeverTrump,up (powerful figure),Marco Rubio,overlay,1700000,7605329185778797838
democrats,20260210,He's an opportunist.,up (powerful figure),Lindsey Graham,overlay,1700000,7605329185778797838
democrats,20260210,He's not fit to be President of the United States.,up (powerful figure),Lindsey Graham,overlay,1700000,7605329185778797838
democrats,20260210,Donald Trump should withdraw and Mike Pence should be our nominee effective immediately.,up (powerful figure),John Thune,overlay,1700000,7605329185778797838
democrats,20260210,"In 4 years, I hope people remember that it was those of us who empathized with Trump's voters who fought him most aggressively",up (powerful figure),JD Vance,overlay,1700000,7605329185778797838
democrats,20260210,a real Loser,up (powerful figure),Donald Trump,overlay,1300000,7605349229556550925
democrats,20260210,america’s greatest,up (powerful figure),Donald Trump,caption,1300000,7605349229556550925
democrats,20260211,Pam Bondi crashes out during House hearing on the Epstein files 😬,up (powerful figure),Pam Bondi,overlay,2900000,7605657279567908110
democrats,20260211,"You can let her filibuster all day long, but not on our watch.",up (powerful figure),Pam Bondi,speech,2900000,7605657279567908110
democrats,20260211,we saw what you did in the Senate.,up (powerful figure),Pam Bondi,speech,2900000,7605657279567908110
democrats,20260211,LOSER LAWYER.,up (powerful figure),Pam Bondi,overlay,2900000,7605657279567908110
democrats,20260211,NOT EVEN A LAWYER.,up (powerful figure),Pam Bondi,overlay,2900000,7605657279567908110
democrats,20260211,lmao,up (powerful figure),Kristi Noem,caption,603600,7605709243043351822
democrats,20260211,this is my favorite glass room because it has beautiful transparent glass,up (powerful figure),Kristi Noem,overlay,603600,7605709243043351822
democrats,20260211,pam bondi suffers visible cortisol spikes after being brutally truthpilled and factmogged by house democrats,up (powerful figure),Pam Bondi,overlay,1900000,7605727313413541134
democrats,20260212,how pam bondi felt lying to the house judiciary committee,up (powerful figure),Pam Bondi,overlay,551100,7606004147694931213
democrats,20260212,Did your girl boss too close to the sun?,up (powerful figure),Pam Bondi,sound,551100,7606004147694931213
democrats,20260212,Did they catch you having far too much fun?,up (powerful figure),Pam Bondi,sound,551100,7606004147694931213
democrats,20260212,But you're playing on your phone.,up (powerful figure),JD Vance,sound,612500,7606038660236053774
democrats,20260212,"No, I'm not playing on my phone. I'm taking care of business.",up (powerful figure),JD Vance,sound,612500,7606038660236053774
democrats,20260212,couples therapy dc,up (powerful figure),JD Vance,overlay,612500,7606038660236053774
democrats,20260212,peter thiel workout,up (powerful figure),JD Vance,overlay,612500,7606038660236053774
democrats,20260212,Where would you go for a Gavin Newsom-style haircut?,up (powerful figure),JD Vance,overlay,612500,7606038660236053774
democrats,20260212,22 signs your coworkers secretly hate you,up (powerful figure),JD Vance,overlay,612500,7606038660236053774
democrats,20260212,Maybelline eyeliner pencils,up (powerful figure),JD Vance,overlay,612500,7606038660236053774
democrats,20260212,whatever you say man,up (powerful figure),Robert F. Kennedy Jr.,caption,934500,7606108941348588814
democrats,20260212,I used to snort cocaine off the toilet seats.,up (powerful figure),Robert F. Kennedy Jr.,speech,934500,7606108941348588814
democrats,20260213,New reporting reveals Corey Lewandowski fired a Coast Guard pilot after Kristi Noem's blanket was left behind on a plane.,up (powerful figure),Corey Lewandowski; Kristi Noem,overlay,851900,7606389839285603597
democrats,20260213,how kristi noem is moving with her blankie 🥺,up (powerful figure),Kristi Noem,overlay,791800,7606465080334585102
democrats,20260213,secretary of homeland security throwing a fit over her blanket btw,up (powerful figure),Kristi Noem,caption,791800,7606465080334585102
democrats,20260213,the face of MAHA ???,up (powerful figure),Donald Trump,caption,1200000,7606480427557211405
democrats,20260213,I was so fat and nasty.,up (powerful figure),Donald Trump,sound,1200000,7606480427557211405
democrats,20260213,I would eat anything.,up (powerful figure),Donald Trump,sound,1200000,7606480427557211405
democrats,20260213,"I was like 345 pounds, a quart of ice cream every hour.",up (powerful figure),Donald Trump,sound,1200000,7606480427557211405
democrats,20260217,you can tell who i am from the back cuz it's heavy,up (powerful figure),Donald Trump,sound,12700000,7607935660825005325
democrats,20260217,limitless if it was evil,up (powerful figure),Donald Trump,caption,9500000,7607942236361280782
democrats,20260217,Take the Amplified and the Reversal And smash together those two different infinities to create imaginary mass Imaginary Technique Hollow Purple,up (powerful figure),Donald Trump,sound,9500000,7607942236361280782
democrats,20260217,the real mvp of the all-star game,up (powerful figure),the actual MVP of the all-star game,caption,807300,7607955507684429069
democrats,20260217,That's what I do!,up (powerful figure),opponents/doubters,speech,807300,7607955507684429069
democrats,20260218,haunted.,up (powerful figure),Donald Trump,overlay,2300000,7608269973282098445
democrats,20260218,the scariest ghost yet,up (powerful figure),Donald Trump,caption,2300000,7608269973282098445
democrats,20260218,don’t poke the bear,own-side (gloat),Gavin Newsom's political opponents,caption,231200,7608293284552772878
democrats,20260218,Far-right pastor Doug Wilson: “I’m a friend to pedophiles”,up (powerful figure),Doug Wilson,overlay,455400,7608312716545051917
democrats,20260218,pete hegseth’s featured prayer service speaker btw,up (powerful figure),Pete Hegseth,caption,455400,7608312716545051917
democrats,20260219,RELEASE THE FILES.,up (powerful figure),Donald Trump,overlay,986300,7608603519829970189
democrats,20260219,think he got the message?,up (powerful figure),Donald Trump,caption,986300,7608603519829970189
democrats,20260219,mike johnson seeing november 2026 coming,up (powerful figure),Mike Johnson,overlay,355100,7608611428081224973
democrats,20260219,A crippling state of mind,up (powerful figure),Mike Johnson,sound,355100,7608611428081224973
democrats,20260219,average trump cabinet member after seeing a dog,up (powerful figure),Donald Trump's cabinet members,overlay,346400,7608694930357112077
democrats,20260219,I bet I'm losing dogs,up (powerful figure),Donald Trump's cabinet members,sound,346400,7608694930357112077
democrats,20260219,he’s all over those files,up (powerful figure),Donald Trump,caption,319800,7608722734062800142
democrats,20260220,trump trying to distract from the epstein files by talking about aliens,up (powerful figure),Donald Trump,overlay,2600000,7608954841922161934
democrats,20260220,yikes!,up (powerful figure),JD Vance,caption,576900,7609062959163215117
democrats,20260220,do i creep you out?,up (powerful figure),JD Vance,overlay,576900,7609062959163215117
democrats,20260223,picked last for dodgeball vibes,up (powerful figure),Kash Patel,caption,494100,7610091893074038030
democrats,20260223,kash patel inviting himself into the team usa locker room to flail a beer around (taxpayers paid $100k for ts) 💀,up (powerful figure),Kash Patel,overlay,494100,7610091893074038030
democrats,20260223,BOOTLICKER,up (powerful figure),Donald Trump's supporters,overlay,307100,7610184974561512718
democrats,20260223,🫵🤣,up (powerful figure),Donald Trump's supporters,caption,307100,7610184974561512718
democrats,20260225,he lied.,up (powerful figure),Donald Trump,overlay,2100000,7610661963303095566
democrats,20260225,do you feel protected?,up (powerful figure),Donald Trump,caption,2100000,7610661963303095566
democrats,20260225,real medal holder 🥇,up (powerful figure),Donald Trump,caption,606000,7610895050834218254
democrats,20260225,MOGGED,up (powerful figure),Donald Trump,overlay,606000,7610895050834218254
democrats,20260225,I feel like my main goal for this competition was to mog.,up (powerful figure),Donald Trump,speech,606000,7610895050834218254
democrats,20260225,yikes!,up (powerful figure),Donald Trump,caption,387300,7610931734774942989
democrats,20260225,epstein files hidden,up (powerful figure),Donald Trump,overlay,387300,7610931734774942989
democrats,20260225,grocery prices are up,up (powerful figure),Donald Trump,overlay,387300,7610931734774942989
democrats,20260225,over a million jobs cut,up (powerful figure),Donald Trump,overlay,387300,7610931734774942989
democrats,20260225,gutting medicaid,up (powerful figure),Donald Trump,overlay,387300,7610931734774942989
democrats,20260225,ICE terrorizing americans,up (powerful figure),Donald Trump,overlay,387300,7610931734774942989
democrats,20260225,measles coming back,up (powerful figure),Donald Trump,overlay,387300,7610931734774942989
democrats,20260225,tax cuts for billionaires,up (powerful figure),Donald Trump,overlay,387300,7610931734774942989
democrats,20260225,red carpet for putin,up (powerful figure),Donald Trump,overlay,387300,7610931734774942989
democrats,20260225,cutting cancer research,up (powerful figure),Donald Trump,overlay,387300,7610931734774942989
democrats,20260225,kicked people off of food stamps,up (powerful figure),Donald Trump,overlay,387300,7610931734774942989
democrats,20260226,side quests trump admin officials go on while americans can't afford groceries and ICE is shooting people in the street,lateral (institution),Trump administration officials,overlay,373900,7611262690916322573
democrats,20260227,this trend but it's the commander in chopped,up (powerful figure),Donald Trump,overlay,475600,7611615973258349838
democrats,20260227,wtf is trump's energy secretary doing?,up (powerful figure),Chris Wright,overlay,883400,7611649197267356941
democrats,20260227,bro Trump's energy sec is on another planet 💀,up (powerful figure),Chris Wright,overlay,1400000,7611656972483529997
democrats,20260227,dawg 😳,up (powerful figure),Chris Wright,caption,1400000,7611656972483529997
democrats,20260228,so much for this,up (powerful figure),Donald Trump,overlay,500500,7611949691688733965
democrats,20260302,"Moisturize me, moisturize me.",up (powerful figure),Donald Trump,sound,1500000,7612729466237783309
democrats,20260302,liar.,up (powerful figure),Donald Trump,caption,9200000,7612737661467397389
democrats,20260302,all they do is lie.,up (powerful figure),J.D. Vance; Donald Trump,caption,409700,7612763400371850509
democrats,20260302,JD Vance calling Trump the President of Peace,up (powerful figure),J.D. Vance; Donald Trump,overlay,409700,7612763400371850509
democrats,20260302,(they just bombed Iran btw),up (powerful figure),Donald Trump; J.D. Vance,overlay,409700,7612763400371850509
democrats,20260302,👬,up (powerful figure),Donald Trump,caption,565700,7612777213506653453
democrats,20260302,best friends 🤢,up (powerful figure),Donald Trump,overlay,565700,7612777213506653453
democrats,20260303,do you guys see that??,up (powerful figure),Donald Trump,overlay,2000000,7613157791884184863
democrats,20260303,what is that??,up (powerful figure),Donald Trump,overlay,2000000,7613157791884184863
democrats,20260303,omg,up (powerful figure),Donald Trump,overlay,2000000,7613157791884184863
democrats,20260305,stop protecting pedophiles,up (powerful figure),Donald Trump and Joe Biden,overlay,1500000,7613835812546923790
democrats,20260305,is this winning???,up (powerful figure),Donald Trump,caption,2200000,7613843624777895182
democrats,20260305,gas prices under trump keep going up😩,up (powerful figure),Donald Trump,overlay,2200000,7613843624777895182
democrats,20260305,"Please, please, please, Mr. President, we're winning too much. We can't take it anymore. We're not used to winning in our country.",up (powerful figure),Donald Trump,sound,2200000,7613843624777895182
democrats,20260305,Trump has fired Kristi Noem as Secretary of Homeland Security. 🙌🙌,up (powerful figure),Kristi Noem,overlay,924200,7613880610238631182
democrats,20260305,#OPENTOWORK,up (powerful figure),Kristi Noem,overlay,924200,7613880610238631182
democrats,20260305,womp womp,up (powerful figure),Kristi Noem and Corey Lewandowski,caption,319900,7613889966241795341
democrats,20260305,tfw your affair isn't sanctioned by trump anymore 😥,up (powerful figure),Kristi Noem and Corey Lewandowski,overlay,319900,7613889966241795341
democrats,20260306,kristi noem’s replacement btw,up (powerful figure),Markwayne Mullin,caption,172400,7614190938604227854
democrats,20260306,GOP lawmaker accused of picking colleagues' noses on Israel trip,up (powerful figure),Markwayne Mullin,overlay,172400,7614190938604227854
democrats,20260306,nose picker markwayne mullin 🙏,up (powerful figure),Markwayne Mullin,overlay,172400,7614190938604227854
democrats,20260309,trump's granddaughter while people can't afford groceries,up (powerful figure),Kai Trump,overlay,8200000,7615311118193478925
democrats,20260309,spot the difference...,up (powerful figure),Donald Trump and Kai Trump,overlay,8200000,7615311118193478925
democrats,20260309,Everybody wants to rule the world,up (powerful figure),Donald Trump,sound,8200000,7615311118193478925
democrats,20260309,pov: you're a republican president golfing after starting a war and crashing the economy,up (powerful figure),Republican presidents,overlay,1300000,7615381904333769998
democrats,20260310,déjà vu.,up (powerful figure),Donald Trump,caption,358000,7615669662189128973
democrats,20260311,people are reportedly 'afraid not to wear them.',up (powerful figure),Donald Trump's allies,overlay,199800,7616062468099493134
democrats,20260311,Marco Rubio was photographed wearing a pair Trump ordered for him by just guessing his size.,up (powerful figure),Marco Rubio,overlay,199800,7616062468099493134
democrats,20260311,They looked noticeably too big.,up (powerful figure),Marco Rubio,overlay,199800,7616062468099493134
democrats,20260311,And why aren't you in uniform?,up (powerful figure),Marco Rubio,sound,199800,7616062468099493134
democrats,20260311,crazy pull for cpac 😭,up (powerful figure),CPAC,overlay,185400,7616079052666948877
democrats,20260311,THE DEVIL FROM THE BIBLE,up (powerful figure),CPAC,overlay,185400,7616079052666948877
democrats,20260312,gross,up (powerful figure),Donald Trump's rally,caption,424900,7616394922098265357
democrats,20260312,most normal trump rally,up (powerful figure),Donald Trump's rally,overlay,424900,7616394922098265357
democrats,20260312,must smell crazy in there,up (powerful figure),Jake Paul and Donald Trump,caption,8100000,7616471212125867277
democrats,20260312,why is he sweating so much??? 😰,up (powerful figure),Jake Paul,overlay,8100000,7616471212125867277
democrats,20260312,"It's everyday bro, with the Disney Channel flow",up (powerful figure),Jake Paul,speech,8100000,7616471212125867277
democrats,20260313,the math isn’t mathing,up (powerful figure),Donald Trump,caption,1200000,7616773987221196045
democrats,20260313,"trump on his way to say the war is over (just deployed 2,500 marines btw)",up (powerful figure),Donald Trump,overlay,1200000,7616773987221196045
democrats,20260316,Let's just leave it at North Korea and CBS.,other,CBS,speech,304400,7617662351759723789
democrats,20260316,trump singing in the discord call thinking he's muted 😥,up (powerful figure),Donald Trump,overlay,14100000,7617863458805009678
democrats,20260316,his best friend joining in ❤️,up (powerful figure),Donald Trump and Jeffrey Epstein,overlay,14100000,7617863458805009678
democrats,20260316,fucking up the economy,up (powerful figure),Donald Trump,overlay,31800000,7617911383870442765
democrats,20260316,"weird, scaly neck rash and rapidly decaying hand",up (powerful figure),Donald Trump,overlay,31800000,7617911383870442765
democrats,20260316,Presidents found in the Scroll of Epstein will often attack other countries to divert attention,up (powerful figure),Donald Trump,overlay,2200000,7617983005038103822
democrats,20260316,Accepting special milk from RFK Jr will cause stamina to recover 50% slower,up (powerful figure),Robert F. Kennedy Jr.,overlay,2200000,7617983005038103822
democrats,20260316,"Be careful, disrupting the drunkards at the tavern can induce 'Aspect of Terror'",up (powerful figure),Pete Hegseth,overlay,2200000,7617983005038103822
democrats,20260316,Activating 'Blame the Media' reduces criticism damage by 10%,up (powerful figure),Karoline Leavitt,overlay,2200000,7617983005038103822
democrats,20260317,trump realizing he can spike gas prices and start another forever war at the same time,up (powerful figure),Donald Trump,overlay,410200,7618337930691628301
democrats,20260317,I've got the magic in me,up (powerful figure),Donald Trump,sound,410200,7618337930691628301
democrats,20260318,this trump voter just called him a worthless pile of shit 💀,up (powerful figure),Donald Trump,overlay,401400,7618612905147141389
democrats,20260318,You're a worthless pile of s**t.,up (powerful figure),Donald Trump,speech,401400,7618612905147141389
democrats,20260318,what mfs sound like when they tell you trump is the peace president,up (powerful figure),"People who call Donald Trump the ""peace president""",overlay,207600,7618622848541789454
democrats,20260318,the “pro peace ticket”,up (powerful figure),Donald Trump's campaign,caption,207600,7618622848541789454
democrats,20260318,yikes!,up (powerful figure),Donald Trump,caption,351900,7618632122722422029
democrats,20260318,every time my staff comes to the White House I give them a pair of shoes that are at least 3 sizes too big for them,up (powerful figure),Donald Trump,overlay,351900,7618632122722422029
democrats,20260318,this guy is in charge of the FCC btw,up (powerful figure),Brendan Carr,caption,189100,7618644705584237838
democrats,20260318,average trump admin official glazing their boss,lateral (institution),Trump administration officials,overlay,189100,7618644705584237838
democrats,20260318,"He is, you know, the alpha in every single realm, in every single place all across the world.",up (powerful figure),Brendan Carr,speech,189100,7618644705584237838
democrats,20260318,look at this godforsaken mess that you made,up (powerful figure),the post-Obama political state,overlay,804800,7618672946566991118
democrats,20260318,Look at this god-versaking mess that you made me,up (powerful figure),the post-Obama political state,sound,804800,7618672946566991118
democrats,20260318,sure pal,up (powerful figure),JD Vance,caption,516800,7618713256340884750
democrats,20260318,BREAKING: Trump's net approval rating hits a historic low at -15.3%.,up (powerful figure),Donald Trump; Jd Vance,overlay,516800,7618713256340884750
democrats,20260319,"Trump was on Truth Social this morning bragging about $180,000 ""rare Trump sneakers"" on sale in Saudi Arabia",up (powerful figure),Donald Trump,overlay,163700,7619031736239934733
democrats,20260319,wtf...,up (powerful figure),Donald Trump,overlay,163700,7619031736239934733
democrats,20260319,"money, money, money, money, money!",up (powerful figure),Donald Trump,sound,163700,7619031736239934733
democrats,20260319,can 2016 trump convince 2026 trump not to start a war?,up (powerful figure),Donald Trump,overlay,266500,7619081010180918541
democrats,20260320,That was awful. Dystopian. The way that ICE is ripping apart communities and terrorising people is so disturbing.,up (powerful figure),U.S. government / ICE,overlay,178300,7619342107492371725
democrats,20260320,this video is evil and disgusting. Do not ever involve me or my music to benefit your inhumane agenda.,lateral (institution),The White House,overlay,178300,7619342107492371725
democrats,20260320,new decrepit hand pic dropped 😍,up (powerful figure),Donald Trump,caption,319600,7619354527233297677
democrats,20260323,"Sending ICE to airports was my idea. That was like the paper clip, you know the story?",up (powerful figure),Donald Trump,overlay,190800,7620480771899329805
democrats,20260323,"he’s talking about sending armed, untrained ICE agents to airports btw",up (powerful figure),Donald Trump,caption,190800,7620480771899329805
democrats,20260325,democrats just flipped trump's home district 😥,up (powerful figure),Donald Trump,overlay,328500,7620988685454019853
democrats,20260325,@Republicans 🫵🤣,lateral (institution),Republicans,caption,328500,7620988685454019853
democrats,20260325,I got these bitches mad again,up (powerful figure),Donald Trump,sound,328500,7620988685454019853
democrats,20260325,you’ll always find your way back home ✨,up (powerful figure),JD Vance,caption,558900,7621282572986813709
democrats,20260325,but you’ll always be an ugly bootlicker ✨,up (powerful figure),JD Vance,overlay,558900,7621282572986813709
democrats,20260325,wtf?,up (powerful figure),Pete Hegseth's pastor,caption,670100,7621303438902578445
democrats,20260325,I pray that God kills him.,up (powerful figure),Pete Hegseth's pastor,speech,670100,7621303438902578445
democrats,20260325,We want him crucified with Christ.,up (powerful figure),Pete Hegseth's pastor,speech,670100,7621303438902578445
democrats,20260325,Tallarico of Tarsus.,up (powerful figure),Pete Hegseth's pastor,speech,670100,7621303438902578445
democrats,20260326,lol,up (powerful figure),Donald Trump,caption,590700,7621597898156936462
democrats,20260326,"Hey, you. You're finally awake.",up (powerful figure),Donald Trump,sound,590700,7621597898156936462
democrats,20260326,WAKE YO AHH UP CUZ IT'S TIME TO GO BEAST MODE 😈🐺😡,up (powerful figure),Donald Trump,overlay,1400000,7621677416338967822
democrats,20260326,"Wake your ass up, because it's time to go beast mode",up (powerful figure),Donald Trump,sound,1400000,7621677416338967822
democrats,20260326,"Indoctrination, a cursed technique that involves manipulating information, presenting the fabricated or distorted reality as undeniable fact.",up (powerful figure),Karoline Leavitt,speech,11100000,7621694492504083725
democrats,20260326,"indoctrination works entirely with the mind, directly attacking the recipient's capacity for independent thought, leaving only compliance.",up (powerful figure),Karoline Leavitt,speech,11100000,7621694492504083725
democrats,20260326,"By releasing an overwhelming amount of cursed energy into the news cycle, the user is able to shape it into precise, targeted attacks.",up (powerful figure),Karoline Leavitt,speech,11100000,7621694492504083725
democrats,20260326,Karoline Leavitt's cursed energy output exceeded conventional limitations as this cursed technique's greatest user.,up (powerful figure),Karoline Leavitt,speech,11100000,7621694492504083725
democrats,20260327,this guy is so fucking horny,up (powerful figure),Donald Trump,caption,481900,7621951612210138382
democrats,20260327,Trump ignores question on the war in Iran to hit on a Fox News host,up (powerful figure),Donald Trump,overlay,481900,7621951612210138382
democrats,20260327,HEARTWARMING: Republicans cheer for a Trump impeachment,lateral (institution),Republican Party,overlay,1300000,7621988586321235214
democrats,20260327,"No, that was the wrong answer.",up (powerful figure),Matt Schlapp,speech,1300000,7621988586321235214
democrats,20260327,building an NFL roster with the money Trump has spent on the war in Iran,up (powerful figure),Donald Trump,overlay,387500,7622053260085431565
democrats,20260327,there’s still $24.2 billion left btw,up (powerful figure),Donald Trump,caption,387500,7622053260085431565
democrats,20260330,no kings in america.,up (powerful figure),Donald Trump,caption,1400000,7623057478145608974
democrats,20260330,you're a ghost,up (powerful figure),Donald Trump,overlay,1400000,7623057478145608974
democrats,20260330,and you're poison,up (powerful figure),Donald Trump,overlay,1400000,7623057478145608974
democrats,20260330,ain't holding any faith at all,up (powerful figure),Donald Trump,overlay,1400000,7623057478145608974
democrats,20260330,I pray for you,up (powerful figure),Donald Trump,overlay,1400000,7623057478145608974
democrats,20260330,HOW MANY MORE WILL I.C.E. MURDER,up (powerful figure),I.C.E.,overlay,1400000,7623057478145608974
democrats,20260330,NO WARS NO LIES,up (powerful figure),Donald Trump,overlay,1400000,7623057478145608974
democrats,20260330,NO KINGS,up (powerful figure),Donald Trump,overlay,1400000,7623057478145608974
democrats,20260330,lol,up (powerful figure),Donald Trump,caption,602900,7623087468312595725
democrats,20260330,posting trump's hand to this bc what's he going to do about it,up (powerful figure),Donald Trump,overlay,602900,7623087468312595725
democrats,20260330,BABY I'M PREYING ON YOU TONIGHT,up (powerful figure),Donald Trump,overlay,602900,7623087468312595725
democrats,20260330,HUNT YOU DOWN,up (powerful figure),Donald Trump,overlay,602900,7623087468312595725
democrats,20260330,EAT YOU ALIVE,up (powerful figure),Donald Trump,overlay,602900,7623087468312595725
democrats,20260330,JUST LIKE ANIMALS,up (powerful figure),Donald Trump,overlay,602900,7623087468312595725
democrats,20260330,ANIMALS,up (powerful figure),Donald Trump,overlay,602900,7623087468312595725
democrats,20260330,ANIMALS LIKE ANIMALS,up (powerful figure),Donald Trump,overlay,602900,7623087468312595725
democrats,20260330,BABY YOU THINK THAT YOU CAN HIDE,up (powerful figure),Donald Trump,overlay,602900,7623087468312595725
democrats,20260330,I CAN SMELL YOUR SCENT FOR MILES,up (powerful figure),Donald Trump,overlay,602900,7623087468312595725
democrats,20260330,BABY,up (powerful figure),Donald Trump,overlay,602900,7623087468312595725
democrats,20260330,priorities ig,up (powerful figure),Lindsey Graham,caption,328800,7623136713904377101
democrats,20260330,lindsey graham taking a break from defunding health care to hang out at disney world in the middle of a war,up (powerful figure),Lindsey Graham,overlay,328800,7623136713904377101
democrats,20260330,dawg why is the military spending money to show off for kid rock,up (powerful figure),The U.S. military and Kid Rock,overlay,984800,7623146874492570893
democrats,20260330,THE SOUTHERN WHITE HOUSE,up (powerful figure),Kid Rock and Donald Trump,overlay,984800,7623146874492570893
democrats,20260331,just letting everyone know karoline leavitt does NOT like this photo,up (powerful figure),Karoline Leavitt,overlay,695800,7623473495770434830
democrats,20260331,ms. rachel on 🔝,up (powerful figure),Usha Vance,caption,128200,7623510828318215438
democrats,20260331,"You can't outdo the doer, okay? You can't outshine the shiner, baby",up (powerful figure),Usha Vance,sound,128200,7623510828318215438
democrats,20260402,someone tell him to stfu,up (powerful figure),Donald Trump,caption,321500,7624161071196114189
democrats,20260402,this mfer interrupted survivor AGAIN 😭,up (powerful figure),Donald Trump,overlay,321500,7624161071196114189
democrats,20260402,LET'S SELL,up (powerful figure),Donald Trump,overlay,76000,7624175455733697805
democrats,20260402,What are we doing??,up (powerful figure),Donald Trump,overlay,76000,7624175455733697805
democrats,20260402,DUH-PRESSION,up (powerful figure),Donald Trump,overlay,76000,7624175455733697805
democrats,20260402,"Darling, let's sell the cart.",up (powerful figure),Donald Trump,sound,76000,7624175455733697805
democrats,20260402,Why don't we just take over the earth?,up (powerful figure),Donald Trump,speech,76000,7624175455733697805
democrats,20260402,sad!,up (powerful figure),Pam Bondi,caption,1100000,7624256298489531661
democrats,20260402,Months of bootlicking fail to save pam bondi 💔,up (powerful figure),Pam Bondi,overlay,1100000,7624256298489531661
democrats,20260403,now you're all out of choices,up (powerful figure),Political opponents,overlay,162600,7624522667827252494
democrats,20260403,oh can you hear the voice,up (powerful figure),Political opponents,overlay,162600,7624522667827252494
democrats,20260403,YET?,up (powerful figure),Political opponents,overlay,162600,7624522667827252494
democrats,20260403,KEEP YOUR LAWS OFF MY BODY,up (powerful figure),Anti-abortion lawmakers,overlay,162600,7624522667827252494
democrats,20260403,NO FASCIST DICTATORS,up (powerful figure),Donald Trump,overlay,162600,7624522667827252494
democrats,20260403,IT REALLY IS A HOT GIRL SUMMER 🥵,up (powerful figure),Climate change deniers,overlay,162600,7624522667827252494
democrats,20260403,MOST AMERICANS ARE IMMIGRANTS MOST IMMIGRANTS ARE NOT CRIMINALS,down (vulnerable),Anti-immigrant politicians/pundits,overlay,162600,7624522667827252494
democrats,20260403,BANS OFF OUR BODIES,up (powerful figure),Anti-abortion lawmakers,overlay,162600,7624522667827252494
democrats,20260403,NO KINGS,up (powerful figure),Donald Trump,overlay,162600,7624522667827252494
democrats,20260403,Can't spell HATRED without RED HAT,up (powerful figure),MAGA supporters,overlay,162600,7624522667827252494
democrats,20260403,"Oh, are you listening yet?",up (powerful figure),Political opponents,sound,162600,7624522667827252494
democrats,20260403,worst president oat,up (powerful figure),Donald Trump,caption,298500,7624586166704147725
democrats,20260403,"See this pen right here? This pen is an interesting example. It's the same thing. So this pen is very inexpensive, but it writes well. I like it. But I can't have the pen the way it was. You know what it is. I don't want to give too much publicity, but they do treat me well. Sharpie.",up (powerful figure),Donald Trump,speech,163300,7624629091114749198
democrats,20260403,inspiring a nation 🫩,up (powerful figure),Donald Trump,caption,163300,7624629091114749198
democrats,20260403,this show sucks,up (powerful figure),Donald Trump,caption,285700,7624638984311819533
democrats,20260403,STREAMING IN MAYBE 2 WEEKS,up (powerful figure),Donald Trump,overlay,285700,7624638984311819533
democrats,20260406,trump holds easter bunny hostage while rambling about planes 😭,up (powerful figure),Donald Trump,overlay,346700,7625680005233642765
democrats,20260406,this zombie mod fcking sucks,up (powerful figure),Donald Trump,overlay,1500000,7625701872204139790
democrats,20260406,it won’t despawn,up (powerful figure),Donald Trump,caption,1500000,7625701872204139790
democrats,20260408,outfit inspo,up (powerful figure),Donald Trump,overlay,1700000,7626432996895182093
democrats,20260409,"stop there, and let me correct it",lateral (institution),Republican Party,overlay,796800,7626773797567319310
democrats,20260409,i wanna live a life from a new perspective!,lateral (institution),Republican Party,overlay,796800,7626773797567319310
democrats,20260409,🤮,up (powerful figure),Donald Trump,caption,501600,7626801424776563982
democrats,20260409,how trump feels going outside with his nasty rash and hand bruise,up (powerful figure),Donald Trump,overlay,501600,7626801424776563982
democrats,20260409,Oh So cute,up (powerful figure),Donald Trump,sound,501600,7626801424776563982
democrats,20260410,Trump crashing out over the MAGA influencers who hate him now 😂,up (powerful figure),Donald Trump,overlay,623000,7627206740626525453
democrats,20260410,Who do you think you are? You’re tweeting out the F word on Easter morning.,up (powerful figure),Donald Trump,overlay,623000,7627206740626525453
democrats,20260410,I am sick of his shit. Can’t he just behave like a normal human?,up (powerful figure),Donald Trump,overlay,623000,7627206740626525453
democrats,20260410,This is a satanic administration,lateral (institution),Donald J. Trump's administration,overlay,623000,7627206740626525453
democrats,20260410,I just feel sorry for him and pray that God can touch his heart and free him from the demonic influences he's under,up (powerful figure),Donald Trump,overlay,623000,7627206740626525453
democrats,20260413,even the pope??,up (powerful figure),Donald Trump,caption,191200,7628265412429499661
democrats,20260413,Trump goes on unhinged rant attacking Pope Leo XIV,up (powerful figure),Donald Trump,overlay,191200,7628265412429499661
democrats,20260413,I DON'T WANT TO GET INTO A DEBATE WITH HIM.,up (powerful figure),Donald Trump,overlay,747200,7628270777112038669
democrats,20260413,I DON'T THINK THAT THE MESSAGE OF THE GOSPEL IS MEANT TO BE ABUSED IN THE WAY THAT SOME PEOPLE ARE DOING.,up (powerful figure),Donald Trump,overlay,747200,7628270777112038669
democrats,20260413,"Me, I— I did post it, and I *thought* it was me as a doctor...",up (powerful figure),Donald Trump,overlay,2300000,7628379832585293069
democrats,20260413,DOES THIS LOOK LIKE A DOCTOR TO YOU?,up (powerful figure),Donald Trump,overlay,2300000,7628379832585293069
democrats,20260413,Doctor,up (powerful figure),Donald Trump,overlay,2300000,7628379832585293069
democrats,20260414,looking ugly per usual,up (powerful figure),Donald Trump,caption,387700,7628666598760385806
democrats,20260414,a cool edit of trump,up (powerful figure),Donald Trump,overlay,387700,7628666598760385806
democrats,20260414,bff’s,up (powerful figure),Donald Trump and Jeffrey Epstein,caption,2400000,7628685675247734030
democrats,20260414,we taking pics like 📸,up (powerful figure),Donald Trump and Jeffrey Epstein,overlay,2400000,7628685675247734030
democrats,20260414,We taking pics like that,up (powerful figure),Donald Trump and Jeffrey Epstein,sound,2400000,7628685675247734030
democrats,20260415,and the crowd goes mild,up (powerful figure),JD Vance,caption,481500,7629001931800825101
democrats,20260415,no one showed up to see jd vance talk 😭😭😭,up (powerful figure),JD Vance,overlay,481500,7629001931800825101
democrats,20260415,<Crickets sound>,up (powerful figure),JD Vance,sound,481500,7629001931800825101
democrats,20260415,thanks trump 😀,up (powerful figure),Donald Trump,caption,3100000,7629011265993608462
democrats,20260416,our lord and savior Samuel L. Jackson,up (powerful figure),Pete Hegseth,caption,1700000,7629386565575249165
democrats,20260416,was anyone gonna tell pete this wasn't a real bible verse 💀,up (powerful figure),Pete Hegseth,overlay,1700000,7629386565575249165
democrats,20260416,peek-a-boo,up (powerful figure),Donald Trump,caption,12500000,7629416411542129933
democrats,20260416,I had the dates wrong...all this time.,up (powerful figure),Donald Trump,sound,12500000,7629416411542129933
democrats,20260416,Diddy come on out!,up (powerful figure),Donald Trump,sound,12500000,7629416411542129933
democrats,20260417,Why is this Trump cabinet member talking about sucking off 😬,up (powerful figure),Howard Lutnick,overlay,225300,7629750053208444174
democrats,20260417,hello???,up (powerful figure),Howard Lutnick,caption,225300,7629750053208444174
democrats,20260417,The worst thing I learned when I went into government is the sucking sound of how many people try to suck off of the U.S. government.,up (powerful figure),Howard Lutnick,speech,225300,7629750053208444174
democrats,20260417,he’s old as fart,up (powerful figure),Donald Trump,caption,475400,7629813150950493454
democrats,20260417,79 years,up (powerful figure),Donald Trump,overlay,475400,7629813150950493454
democrats,20260420,"That's a wide stance, my guy.",up (powerful figure),Donald Trump,sound,681800,7630846149515087117
democrats,20260421,trump trivia,up (powerful figure),Donald Trump,caption,45300000,7631300294206360845
democrats,20260421,i love women journalists,up (powerful figure),Donald Trump,overlay,45300000,7631300294206360845
democrats,20260421,i'll release all the epstein files,up (powerful figure),Donald Trump,overlay,45300000,7631300294206360845
democrats,20260421,"quiet, piggy",up (powerful figure),Donald Trump,overlay,45300000,7631300294206360845
democrats,20260421,powerful if you think about it,up (powerful figure),Donald Trump,caption,534300,7631329250418691341
democrats,20260421,"Sunshine, lollipops and rainbows, everything that's wonderful is what I feel when we're together",up (powerful figure),Donald Trump,sound,534300,7631329250418691341
democrats,20260422,breathing like a dog,up (powerful figure),Robert F. Kennedy Jr.,caption,1000000,7631627976345505038
democrats,20260422,nothing can prepare you for rfk jr's breathing in this clip 😭,up (powerful figure),Robert F. Kennedy Jr.,overlay,1000000,7631627976345505038
democrats,20260422,HOLD THIS L MAGA,up (powerful figure),MAGA,overlay,771800,7631678097808493838
democrats,20260423,drinking buddies!,up (powerful figure),Kash Patel and Pete Hegseth,caption,315200,7632030551234317581
democrats,20260423,kash patel and pete hegseth subplot,up (powerful figure),Kash Patel and Pete Hegseth,overlay,315200,7632030551234317581
democrats,20260423,"Here, two shots of vodka.",up (powerful figure),Kash Patel and Pete Hegseth,sound,315200,7632030551234317581
democrats,20260424,he was so happy to be a mess,up (powerful figure),Donald Trump,overlay,265200,7632428464586427661
democrats,20260424,IS SHE TALKING ABOUT ME?,up (powerful figure),Donald Trump,overlay,265200,7632428464586427661
democrats,20260424,"What's going on with my ""boys"" and, in some cases, ""gals?""",up (powerful figure),Donald Trump,overlay,265200,7632428464586427661
democrats,20260424,"Young Kin (now that's an interesting take. Sounds Chinese, doesn't it?)",up (powerful figure),Donald Trump,overlay,265200,7632428464586427661
democrats,20260424,"Open the Fuckin' Strait, you crazy bastards",up (powerful figure),Donald Trump,overlay,265200,7632428464586427661
democrats,20260424,"I HAD TO FLY TO A FILTHY, DIRTY, FALLING APART D.C., TODAY, & THAT I WAS THEN ARRESTED BY MY POLITICAL OPPONENT",up (powerful figure),Donald Trump,overlay,265200,7632428464586427661
democrats,20260424,YOU CAN'T COMPROMISE ON SANITY AND COMMON SENSE,up (powerful figure),Donald Trump,overlay,265200,7632428464586427661
democrats,20260424,quiet piggy,up (powerful figure),Donald Trump,overlay,265200,7632428464586427661
democrats,20260427,don’t sleep on her,up (powerful figure),Political opponents,caption,155700,7633494732756241677
democrats,20260427,because that's what legends do,up (powerful figure),Political opponents,overlay,155700,7633494732756241677
democrats,20260427,It may not mean nothing to y'all,up (powerful figure),Critics / opponents,sound,155700,7633494732756241677
democrats,20260427,"Trump's new immigration judge calls women a “warm, wet hole.”",up (powerful figure),Donald Trump; unnamed immigration judge,overlay,440100,7633537950147431693
democrats,20260427,"good, solid, valuable women who are major assets to men",up (powerful figure),unnamed immigration judge; unnamed female Trump supporter,speech,440100,7633537950147431693
democrats,20260427,"a warm, wet hole",up (powerful figure),unnamed immigration judge; unnamed female Trump supporter,speech,440100,7633537950147431693
democrats,20260428,senile,up (powerful figure),Donald Trump,caption,206100,7633899393447365902
democrats,20260429,always snoozing,up (powerful figure),Donald Trump,caption,646200,7634238648321363214
democrats,20260429,trump whenever the American people ask for help affording gas and groceries,up (powerful figure),Donald Trump,overlay,646200,7634238648321363214
democrats,20260501,what life will feel like once he's out of office,up (powerful figure),Donald Trump,overlay,1400000,7635007464324336910
democrats,20260501,someone turn off the mic 😭,up (powerful figure),Donald Trump,caption,357200,7635030706372037901
democrats,20260501,trump crashes tf out about his mic volume,up (powerful figure),Donald Trump,overlay,357200,7635030706372037901
democrats,20260501,SCREAMING MY ASS OFF BECAUSE THE F- MIC IS NO GOOD.,up (powerful figure),Donald Trump,overlay,357200,7635030706372037901
democrats,20260504,so cute ❤️,up (powerful figure),Donald Trump and Melania Trump's relationship,caption,3300000,7636051340166237453
democrats,20260504,"cause when i'm with him, i am thinking of you 🥰",up (powerful figure),Donald Trump and Melania Trump's relationship,overlay,3300000,7636051340166237453
democrats,20260504,spot the difference....,up (powerful figure),Donald Trump,overlay,985600,7636059685249993998
democrats,20260504,...you can't,up (powerful figure),Donald Trump,overlay,985600,7636059685249993998
democrats,20260504,his dan btw ❤️,up (powerful figure),Donald Trump,overlay,688400,7636139135991958798
democrats,20260504,I'm with my best friend Nan now,up (powerful figure),Donald Trump,sound,688400,7636139135991958798
democrats,20260504,trump when people ask for healthcare,up (powerful figure),Donald Trump,overlay,719200,7636151499847912717
democrats,20260504,trump when it's time to bomb a school,up (powerful figure),Donald Trump,overlay,719200,7636151499847912717
democrats,20260505,fits right in 😍,up (powerful figure),Donald Trump,overlay,655100,7636435703932505357
democrats,20260505,trumps fault btw,up (powerful figure),Donald Trump,caption,194300,7636446455665904910
democrats,20260505,baby there's no plane,up (powerful figure),Donald Trump,sound,194300,7636446455665904910
democrats,20260505,now trump wants to rid them from our grasslands.,up (powerful figure),Donald Trump,overlay,1100000,7636471251443125517
democrats,20260505,fatty alert,up (powerful figure),Donald Trump,caption,3700000,7636512852118916366
democrats,20260505,“I work out one minute a day max.”,up (powerful figure),Donald Trump,overlay,3700000,7636512852118916366
democrats,20260505,Yeah we can tell 💀,up (powerful figure),Donald Trump,overlay,3700000,7636512852118916366
democrats,20260505,"I work out so much, like about one minute a day max.",up (powerful figure),Donald Trump,speech,3700000,7636512852118916366
democrats,20260506,no one wants to see all that,up (powerful figure),Donald Trump,caption,212700,7636812489178598670
democrats,20260506,dawg what is he doing 😭,up (powerful figure),Donald Trump,overlay,212700,7636812489178598670
democrats,20260506,what is he taking about?,up (powerful figure),Pete Hegseth,caption,527000,7636865137181232397
democrats,20260506,What would you say you do here?,up (powerful figure),Pete Hegseth,sound,527000,7636865137181232397
democrats,20260506,"Ooh, yeah.",up (powerful figure),Pete Hegseth,sound,527000,7636865137181232397
democrats,20260506,so bad Americans believe in ghosts more than Trump 😂,up (powerful figure),Donald Trump,overlay,1000000,7636897782045035789
democrats,20260507,get him off the road,up (powerful figure),Donald Trump,caption,597200,7637190006167129358
democrats,20260507,what is he doing 😭😭,up (powerful figure),Donald Trump,overlay,597200,7637190006167129358
democrats,20260507,chat we’re cooked,up (powerful figure),Robert F. Kennedy Jr.,caption,389300,7637229400378952974
democrats,20260507,hantavirus spreading and we got HIM on the job?,up (powerful figure),Robert F. Kennedy Jr.,overlay,389300,7637229400378952974
democrats,20260507,Bye-bye.,up (powerful figure),Robert F. Kennedy Jr.,sound,389300,7637229400378952974
democrats,20260507,Trump gearing up to destroy the people's house for his $400M ballroom,up (powerful figure),Donald Trump,overlay,1400000,7637235280960818446
democrats,20260508,whatever you say man,up (powerful figure),Donald Trump,caption,449800,7637567975020563726
democrats,20260508,I HATE TAYLOR SWIFT!,up (powerful figure),Donald Trump,overlay,449800,7637567975020563726
democrats,20260508,The supreme court (will be using lower case letters for a while based on a complete lack of respect!),up (powerful figure),Donald Trump,overlay,449800,7637567975020563726
democrats,20260508,Crooked Hillary,up (powerful figure),Hillary Clinton,overlay,449800,7637567975020563726
democrats,20260508,the Losers and Criminals of the Biden Administration,lateral (institution),Biden administration,overlay,449800,7637567975020563726
democrats,20260508,"Sorry folks, I'm just not a fan of sharks - and don't worry, they will be around long after we are gone.",up (powerful figure),Donald Trump,overlay,449800,7637567975020563726
democrats,20260508,This Tweet violated the Twitter Rules about glorifying violence.,up (powerful figure),Donald Trump,overlay,449800,7637567975020563726
democrats,20260508,I'm irritated as fuck.,up (powerful figure),Donald Trump,sound,449800,7637567975020563726
democrats,20260508,"Bitch, stay out of my business.",up (powerful figure),Donald Trump,sound,449800,7637567975020563726
democrats,20260508,the winner takes it... all.,up (powerful figure),Donald Trump,overlay,7200000,7637585522679991565
democrats,20260508,@realDonaldTrump is in the Epstein files.,up (powerful figure),Donald Trump,overlay,7200000,7637585522679991565
democrats,20260508,"Have a nice day, DJT!",up (powerful figure),Donald Trump,overlay,7200000,7637585522679991565
democrats,20260511,ew,up (powerful figure),Robert F. Kennedy Jr.,caption,259900,7638703926480538894
democrats,20260511,why is rfk talking about teenagers' sperm count 😬,up (powerful figure),Robert F. Kennedy Jr.,overlay,259900,7638703926480538894
democrats,20260512,average day in the trump white house,up (powerful figure),Donald Trump,overlay,274200,7639028702294150413
democrats,20260512,Would you like to burn an Epstein file?,up (powerful figure),Donald Trump,overlay,274200,7639028702294150413
democrats,20260512,There are 31242309 Epstein files remaining.,up (powerful figure),Donald Trump,overlay,274200,7639028702294150413
democrats,20260512,i was your starry eyed lover,up (powerful figure),Donald Trump,overlay,320100,7639083596531174670
democrats,20260512,and the one that you saw.,up (powerful figure),Donald Trump,overlay,320100,7639083596531174670
democrats,20260513,no thanks ❤️,up (powerful figure),Donald Trump,overlay,511700,7639184313489247502
democrats,20260513,ew,up (powerful figure),Donald Trump,caption,511700,7639184313489247502
democrats,20260514,Who's that Pokemon?,up (powerful figure),Donald Trump,sound,422300,7639806789394926862
democrats,20260514,thought it was snorlax 😞,up (powerful figure),Donald Trump,caption,422300,7639806789394926862
democrats,20260515,KASH PATEL was SNORKELING at the PEARL HARBOR MEMORIAL,up (powerful figure),Kash Patel,overlay,246700,7640153969410575629
democrats,20260515,on an official fbi trip btw,up (powerful figure),Kash Patel,caption,246700,7640153969410575629
democrats,20260518,when the american people say wecantaffordgas but my name is trump so i just fund my ballroom,up (powerful figure),Donald Trump,overlay,10000000,7641259921287286029
democrats,20260518,36 Republicans voted against it.,lateral (institution),Republicans,overlay,182400,7641269804896226573
democrats,20260518,really makes you think 🤔,lateral (institution),Republican Party,caption,182400,7641269804896226573
democrats,20260518,"I think nine more terrifying words are actually, I worked all day and can't feed my family.",up (powerful figure),Ronald Reagan,speech,2300000,7641294807649864974
democrats,20260518,“I worked all day and can’t feed my family”,up (powerful figure),Ronald Reagan,caption,2300000,7641294807649864974
democrats,20260520,Not very “America First”,up (powerful figure),Donald Trump,caption,646500,7642009304131800334
democrats,20260520,Trump said he might run for Prime Minister of Israel 😬,up (powerful figure),Donald Trump,overlay,646500,7642009304131800334
democrats,20260520,trump is killing our wildlife.,up (powerful figure),Donald Trump,caption,6500000,7642017832938622222
democrats,20260520,trump has lifted the ban on cyanide bombing wildlife,up (powerful figure),Donald Trump,overlay,6500000,7642017832938622222
democrats,20260521,he dgaf,up (powerful figure),Donald Trump,caption,308100,7642405713662233870
democrats,20260521,trump isn't going to his own son's wedding 😭,up (powerful figure),Donald Trump,overlay,308100,7642405713662233870
democrats,20260521,it's going to be just a small little private affair,up (powerful figure),Donald Trump,speech,308100,7642405713662233870
democrats,20260521,I'm going to try and make it.,up (powerful figure),Donald Trump,speech,308100,7642405713662233870
democrats,20260521,this is not good timing for me.,up (powerful figure),Donald Trump,speech,308100,7642405713662233870
democrats,20260521,I have a thing called Iran,up (powerful figure),Donald Trump,speech,308100,7642405713662233870
democrats,20260522,34 felonies btw,up (powerful figure),Donald Trump,caption,2200000,7642725048809278734
democrats,20260522,Why don't we prosecute people who violate the law?,up (powerful figure),JD Vance,speech,2200000,7642725048809278734
democrats,20260522,GUILTY,up (powerful figure),Donald Trump,overlay,2200000,7642725048809278734
democrats,20260522,FRAUD.ORG,up (powerful figure),Donald Trump,overlay,2200000,7642725048809278734
democrats,20260522,Trump's real estate biz guilty on all 17 counts of tax and financial crimes,up (powerful figure),Donald Trump,overlay,2200000,7642725048809278734
democrats,20260522,this is who he's coming for btw,up (powerful figure),Donald Trump,overlay,237900,7642732267571350798
democrats,20260522,"""FREE SPEECH""",up (powerful figure),Donald Trump,overlay,205100,7642799556580707597
democrats,20260522,STATE-RUN,up (powerful figure),Donald Trump and his allies,overlay,205100,7642799556580707597
democrats,20260522,UNFUCK OUR ALGORITHM,up (powerful figure),Donald Trump and his allies,overlay,205100,7642799556580707597
democrats,20260522,The so-called president of free speech,up (powerful figure),Donald Trump,speech,205100,7642799556580707597
democrats,20260522,we can't talk about his failures,up (powerful figure),Donald Trump,speech,205100,7642799556580707597
democrats,20260522,we can't talk about how he's made the economy worse,up (powerful figure),Donald Trump,speech,205100,7642799556580707597
democrats,20260522,we can't talk about how he's destroying our democracy,up (powerful figure),Donald Trump,speech,205100,7642799556580707597
democrats,20260522,Gotta stop the oligarchs.,up (powerful figure),Donald Trump and his billionaire friends,speech,205100,7642799556580707597
democrats,20260526,Mayor Zohran Kwame Mamdani,up (powerful figure),NYC Mayor,overlay,705000,7644211949693127950
democrats,20260526,I'd like to report a sweep,up (powerful figure),Political opponents,overlay,705000,7644211949693127950
democrats,20260526,was it casual?,up (powerful figure),Donald Trump and Xi Jinping,overlay,6300000,7644255511407381774
democrats,20260526,trump & xi,up (powerful figure),Donald Trump and Xi Jinping,overlay,6300000,7644255511407381774
democrats,20260527,horror movie,lateral (institution),Trump administration,caption,958400,7644618325728808206
democrats,20260527,The trump admin as a video game loading screen,lateral (institution),Trump administration,overlay,958400,7644618325728808206
democrats,20260527,RESIDENT EVIL,lateral (institution),Trump administration,overlay,958400,7644618325728808206
democrats,20260527,"A TALE OF SURVIVAL, LOSS, AND WHAT'S LEFT BEHIND",lateral (institution),Trump administration,overlay,958400,7644618325728808206
democrats,20260527,how did ksi predict this 😂,up (powerful figure),Donald Trump,overlay,1300000,7644626871564422413
democrats,20260527,Trump will invade Iran to distract from the Epstein files and gas prices will skyrocket.,up (powerful figure),Donald Trump,overlay,1300000,7644626871564422413
democrats,20260527,bffr 😭,lateral (institution),Trump administration,caption,570100,7644677561703877902
democrats,20260527,the trump administration pulling up to start new wars and fuck up gas prices,lateral (institution),the trump administration,overlay,570100,7644677561703877902
democrats,20260527,Why is Trump giving away your money to January 6th insurrectionists?,up (powerful figure),"Donald Trump, January 6th insurrectionists",speech,285500,7644693575694847246
democrats,20260527,So it seems like Trump is just trying to funnel money to criminals.,up (powerful figure),Donald Trump,speech,285500,7644693575694847246
democrats,20260527,BIRDS OF A FEATHER.,up (powerful figure),"Donald Trump, January 6th insurrectionists",overlay,285500,7644693575694847246
democrats,20260527,Trump only cares about criminals like him.,up (powerful figure),Donald Trump,speech,285500,7644693575694847246
democrats,20260527,He is stealing from you.,up (powerful figure),Donald Trump,speech,285500,7644693575694847246
democrats,20260528,ugly inside and out,up (powerful figure),Stephen Miller,caption,303800,7644980788047383821
democrats,20260528,stephen miller is an ugly fuck,up (powerful figure),Stephen Miller,overlay,303800,7644980788047383821
democrats,20260528,loves separating immigrant families,up (powerful figure),Stephen Miller,overlay,303800,7644980788047383821
democrats,20260528,defends ICE killing civilians,up (powerful figure),Stephen Miller,overlay,303800,7644980788047383821
democrats,20260528,homophobic & transphobic,up (powerful figure),Stephen Miller,overlay,303800,7644980788047383821
democrats,20260528,ugly,up (powerful figure),Stephen Miller,overlay,303800,7644980788047383821
democrats,20260528,fee fi fo fum,up (powerful figure),Donald Trump,caption,158500,7644997734037982478
democrats,20260528,here he comes 😬,up (powerful figure),Donald Trump,overlay,158500,7644997734037982478
democrats,20260528,i wanna break up.,up (powerful figure),Elon Musk and Donald Trump,sound,2800000,7645006710553218317
democrats,20260528,im sorry.,up (powerful figure),Elon Musk and Donald Trump,sound,2800000,7645006710553218317
democrats,20260528,you known i love you.,up (powerful figure),Elon Musk and Donald Trump,sound,2800000,7645006710553218317
democrats,20260528,but love just...,up (powerful figure),Elon Musk and Donald Trump,sound,2800000,7645006710553218317
democrats,20260528,isn't enough.,up (powerful figure),Elon Musk and Donald Trump,sound,2800000,7645006710553218317
democrats,20260528,this is real btw,up (powerful figure),Elon Musk and Donald Trump,caption,2800000,7645006710553218317
democrats,20260529,MAHA,up (powerful figure),Donald Trump,caption,322000,7645352303653817613
democrats,20260529,hiding trump in healthy people to see if anyone notices (level impossible),up (powerful figure),Donald Trump,overlay,322000,7645352303653817613
democrats,20260529,"Some people say, make America great again.",up (powerful figure),Donald Trump / the MAGA movement,speech,319700,7645418486877031694
democrats,20260529,I say America was great all along.,up (powerful figure),Donald Trump / the MAGA movement,speech,319700,7645418486877031694
democrats,20260529,Some of us just forgot why.,up (powerful figure),Donald Trump / the MAGA movement,speech,319700,7645418486877031694
democrats,20260601,definitely 238 pounds 👍,up (powerful figure),Donald Trump,caption,875100,7646452051609701646
democrats,20260601,when my doctors say im somehow exactly two pounds under obese,up (powerful figure),Donald Trump,overlay,875100,7646452051609701646
democrats,20260601,anything but helping americans,up (powerful figure),Donald Trump,caption,201900,7646530361014504717
democrats,20260601,that time trump said it's only important to fund the military,up (powerful figure),Donald Trump,overlay,201900,7646530361014504717
democrats,20260601,ERROR,up (powerful figure),Donald Trump,overlay,201900,7646530361014504717
democrats,20260601,We can't take care of daycare.,up (powerful figure),Donald Trump,speech,201900,7646530361014504717
democrats,20260601,IS EVERYBODY HAVING A GOOD TIME?,up (powerful figure),Donald Trump,caption,782800,7646545713815506189
democrats,20260602,worst bombshell ever,up (powerful figure),Donald Trump,caption,319700,7646888956558052622
democrats,20260602,"This week, a hot new bombshell enters the villa.",up (powerful figure),Donald Trump,sound,319700,7646888956558052622
democrats,20260602,"I'll kiss the guys and the beautiful women and everybody, I'll just give you a big fat kiss.",up (powerful figure),Donald Trump,speech,319700,7646888956558052622
democrats,20260602,before he ruined it,up (powerful figure),Donald Trump,caption,2200000,7646897238874115341
democrats,20260603,nightmare,up (powerful figure),Donald Trump and his associates,caption,8200000,7647192422425840909
democrats,20260603,trump: only terrible people allowed in my house!,up (powerful figure),Donald Trump,overlay,8200000,7647192422425840909
democrats,20260603,jd vance: am i invited?,up (powerful figure),JD Vance,overlay,8200000,7647192422425840909
democrats,20260603,trump: welcome to my house 😂🫶,up (powerful figure),Donald Trump,overlay,8200000,7647192422425840909
democrats,20260603,epstein: what about me?? 😛😛,other,Jeffrey Epstein,overlay,8200000,7647192422425840909
democrats,20260603,diddy: how about me 🤔🤔,other,Diddy,overlay,8200000,7647192422425840909
democrats,20260603,stephen miller: can i come please 🙏🙏,up (powerful figure),Stephen Miller,overlay,8200000,7647192422425840909
democrats,20260603,Welcome to my house,up (powerful figure),Donald Trump,sound,8200000,7647192422425840909
democrats,20260603,and they still look dumb,lateral (institution),Trump administration,caption,567000,7647219370422242574
democrats,20260603,editing the trump admin like vines,lateral (institution),Trump administration,overlay,567000,7647219370422242574
democrats,20260603,"For minors, do we love minors? I love minors.",up (powerful figure),Donald Trump,speech,567000,7647219370422242574
democrats,20260603,This is a six-pack.,up (powerful figure),JD Vance,speech,567000,7647219370422242574
democrats,20260603,I'm covered with... Ladybugs.,up (powerful figure),Trump ally,speech,567000,7647219370422242574
democrats,20260603,Teenagers is the place to be.,up (powerful figure),Donald Trump and his allies,speech,567000,7647219370422242574
democrats,20260603,The farm living is delightful.,up (powerful figure),Donald Trump,speech,567000,7647219370422242574
democrats,20260603,This is a guy that was all man.,up (powerful figure),Trump ally,speech,567000,7647219370422242574
democrats,20260603,BFF4L,up (powerful figure),Donald Trump,caption,1400000,7647256221354937613
democrats,20260603,I wanna go back home,up (powerful figure),Donald Trump and Jeffrey Epstein,sound,1400000,7647256221354937613
democrats,20260604,mogged,up (powerful figure),Unspecified rivals,caption,1300000,7647573460163529998
democrats,20260604,pov: you're so good at governing people forget you mog,up (powerful figure),Unspecified rivals,overlay,1300000,7647573460163529998
democrats,20260604,Eric Adams Raised My Rent,own-side (gloat),Eric Adams,overlay,1300000,7647573460163529998
democrats,20260604,"when you can't afford gas or groceries, remember your why ‼️",up (powerful figure),Donald Trump and wealthy tech executives,overlay,147500,7647593526921841933
democrats,20260604,trump fired the people in charge of handling this btw,up (powerful figure),Donald Trump,caption,1100000,7647645380967959821
democrats,20260604,when the flesh eating new world screwworm has entered the united states but at least trump can fund his ballroom,up (powerful figure),Donald Trump,overlay,1100000,7647645380967959821
democrats,20260605,evil 🤝 evil,up (powerful figure),Donald Trump,caption,1500000,7647929410506509581
democrats,20260605,this is the hero of homophobes???,up (powerful figure),Donald Trump; Trump's supporters,overlay,252800,7647972199348899085
democrats,20260605,"Look at that guy, how handsome he is.",up (powerful figure),Donald Trump,speech,252800,7647972199348899085
democrats,20260605,I'll kiss him.,up (powerful figure),Donald Trump,speech,252800,7647972199348899085
democrats,20260605,He's this beautiful guy.,up (powerful figure),Donald Trump,speech,252800,7647972199348899085
democrats,20260605,He's got legs like tree trunks.,up (powerful figure),Donald Trump,speech,252800,7647972199348899085
democrats,20260605,one year since the breakup 💔,up (powerful figure),Donald Trump and Elon Musk,overlay,1000000,7648015319260269837
democrats,20260605,"Time to drop the really big bomb:
@realDonaldTrump is in the Epstein files. That is the real reason they have not been made public.",up (powerful figure),Donald Trump,overlay,1000000,7648015319260269837
democrats,20260605,From strangers to friends Friends into lovers And strangers again,up (powerful figure),Donald Trump and Elon Musk,sound,1000000,7648015319260269837
democrats,20260608,happy national best friends day!,up (powerful figure),Donald Trump,overlay,3400000,7649057919740267789
democrats,20260608,You're the only friend I need,up (powerful figure),Donald Trump,sound,3400000,7649057919740267789
democrats,20260608,what the least horrible day in trump's america feels like,up (powerful figure),Donald Trump,overlay,1200000,7649082509313035534
democrats,20260609,even his home town hates him 💀,up (powerful figure),Donald Trump,caption,3600000,7649197336379378958
democrats,20260609,trump getting booed at the nba finals 👊😂,up (powerful figure),Donald Trump,overlay,3600000,7649197336379378958
democrats,20260609,get trump OUT of the villa bruh 😂🥀,up (powerful figure),Donald Trump,overlay,1300000,7649420763941866766
democrats,20260609,get his dumbass outta here,up (powerful figure),Donald Trump,caption,785300,7649440565506903309
democrats,20260609,HEARTWARMING: Trump booed all across New York City,up (powerful figure),Donald Trump,overlay,785300,7649440565506903309
democrats,20260609,"thank you, mr. president!",up (powerful figure),Donald Trump,caption,1900000,7649488257679412494
democrats,20260609,Fat chud rules,up (powerful figure),Donald Trump,overlay,1900000,7649488257679412494
democrats,20260609,(as written by Donald J. Trump),up (powerful figure),Donald Trump,overlay,1900000,7649488257679412494
democrats,20260609,fat chud rule #8 be on the epstein list,up (powerful figure),Donald Trump,overlay,1900000,7649488257679412494
democrats,20260609,fat chud rule #56 skip your son's wedding. true chuds hate their children,up (powerful figure),Donald Trump,overlay,1900000,7649488257679412494
democrats,20260609,fat chud rule #7 fall asleep during meetings,up (powerful figure),Donald Trump,overlay,1900000,7649488257679412494
democrats,20260609,fat chud rule #4 spend americans' $$$ on a fuckass ballroom (no one can afford groceries btw),up (powerful figure),Donald Trump,overlay,1900000,7649488257679412494
democrats,20260609,fat chud rule #29 be super ugly and fat,up (powerful figure),Donald Trump,overlay,1900000,7649488257679412494
democrats,20260609,fat chud rule #32 tell everyone you're super healthy even though you're visibly deteriorating,up (powerful figure),Donald Trump,overlay,1900000,7649488257679412494
democrats,20260609,fat chud rule #15 promise to lower gas prices and then do the exact opposite. true chuds love to prank!,up (powerful figure),Donald Trump,overlay,1900000,7649488257679412494
democrats,20260609,Thank you.,up (powerful figure),Donald Trump,sound,1900000,7649488257679412494
democrats,20260610,looks stupid af,up (powerful figure),Donald Trump's light display,caption,453600,7649799936522865934
democrats,20260610,trump testing the lights for his 60 million dollar arena (ppl can't afford gas btw),up (powerful figure),Donald Trump,overlay,453600,7649799936522865934
democrats,20260610,Turn off the lights.,up (powerful figure),Donald Trump's light display,sound,453600,7649799936522865934
democrats,20260610,send lindsey graham back to disney,up (powerful figure),Lindsey Graham,caption,156000,7649810951549537550
democrats,20260610,"In November, let's send him back to Disney World for good",up (powerful figure),Lindsey Graham,overlay,156000,7649810951549537550
democrats,20260610,BOOOO👎,up (powerful figure),Donald Trump,caption,168800,7649816333814664462
democrats,20260610,president of peace,up (powerful figure),Donald Trump,caption,302300,7649839768091512078
democrats,20260610,trump with my tax dollars,up (powerful figure),Donald Trump,overlay,302300,7649839768091512078
democrats,20260611,is it supposed to do that,up (powerful figure),Donald Trump,caption,322700,7650157514213870862
democrats,20260611,PRESIDENT OF THE UNIT...,up (powerful figure),Donald Trump,overlay,322700,7650157514213870862
democrats,20260611,CROWD REACTS TO TRUMP V.S. TAYLOR SWIFT,up (powerful figure),Donald Trump,overlay,372400,7650193922869792013
democrats,20260611,Wonder who Americans like more 🤔,up (powerful figure),Donald Trump,caption,372400,7650193922869792013
democrats,20260611,Achievement Made! ❤️ Man's Best Friend,up (powerful figure),Donald Trump,overlay,1600000,7650202285540183310
democrats,20260611,Achievement Made! Sweet Dreams,up (powerful figure),Donald Trump,overlay,1600000,7650202285540183310
democrats,20260611,Achievement Made! Bad Omen,up (powerful figure),Donald Trump,overlay,1600000,7650202285540183310
democrats,20260611,Achievement Made! Maximum Capacity,up (powerful figure),Donald Trump,overlay,1600000,7650202285540183310
democrats,20260611,Achievement Made! Balanced Diet?,up (powerful figure),Donald Trump,overlay,1600000,7650202285540183310
democrats,20260611,Achievement Made! Locked Up,up (powerful figure),Donald Trump,overlay,1600000,7650202285540183310
democrats,20260612,hmm this is tough,up (powerful figure),Donald Trump,caption,626600,7650528176774466830
democrats,20260612,guess the real sound,up (powerful figure),Donald Trump,overlay,626600,7650528176774466830
democrats,20260612,Whatever happened to peace through strength,up (powerful figure),Pete Hegseth,caption,1300000,7650537458693704973
democrats,20260612,WEAK DEFENSE,up (powerful figure),Pete Hegseth,overlay,1300000,7650537458693704973
democrats,20260612,HEGSETH STRUGGLES TO BENCH PRESS ONE PLATE,up (powerful figure),Pete Hegseth,overlay,1300000,7650537458693704973
democrats,20260612,"Please do not ever use my music in relation to this barbaric, inhumane, heinous nonsense",lateral (institution),The White House; U.S. Immigration and Customs Enforcement (ICE),overlay,466500,7650559726412942605
democrats,20260612,BYE 👋,up (powerful figure),Donald Trump,caption,701400,7650615944082984205
democrats,20260612,everyone is waiting for trump's name to get removed 😭😭😭,up (powerful figure),Donald Trump,overlay,701400,7650615944082984205
democrats,20260612,🫵🤣,lateral (institution),Republican Party of Texas,caption,692100,7650627484374797582
democrats,20260612,piss check at the Texas GOP convention!,lateral (institution),Republican Party of Texas,overlay,692100,7650627484374797582
democrats,20260614,the retirement home is calling,up (powerful figure),Donald Trump,caption,23000000,7651243755499965710
democrats,20260614,happy 80th birthday to this decaying sack of flesh,up (powerful figure),Donald Trump,overlay,23000000,7651243755499965710
democrats,20260615,but obama’s tan suit was a problem…,up (powerful figure),Donald Trump and his supporters,caption,814700,7651647663665974541
democrats,20260615,no money for healthcare but don't worry we can afford this shit,up (powerful figure),Donald Trump,overlay,814700,7651647663665974541
democrats,20260615,just scratching the surface,up (powerful figure),Donald Trump,caption,1500000,7651733392844705037
democrats,20260615,- Sexual assault allegations,up (powerful figure),Donald Trump,overlay,1500000,7651733392844705037
democrats,20260615,- Friends with notorious pedophile,up (powerful figure),Donald Trump,overlay,1500000,7651733392844705037
democrats,20260615,- Gutted healthcare,up (powerful figure),Donald Trump,overlay,1500000,7651733392844705037
democrats,20260615,- Bombed a girls' school,up (powerful figure),Donald Trump,overlay,1500000,7651733392844705037
democrats,20260615,- Attacked public lands,up (powerful figure),Donald Trump,overlay,1500000,7651733392844705037
democrats,20260615,- Deported U.S. citizens,up (powerful figure),Donald Trump,overlay,1500000,7651733392844705037
democrats,20260615,- Ruined the economy,up (powerful figure),Donald Trump,overlay,1500000,7651733392844705037
democrats,20260615,- Multiple felony convictions,up (powerful figure),Donald Trump,overlay,1500000,7651733392844705037
democrats,20260615,her and trump are having a wig off,up (powerful figure),Donald Trump; an unnamed woman,overlay,3700000,7651757746143956238
democrats,20260615,Wig,up (powerful figure),Donald Trump; an unnamed woman,sound,3700000,7651757746143956238
democrats,20260616,the ballroom is costing you btw,up (powerful figure),Donald Trump,caption,435700,7652043696728263949
democrats,20260616,mfer showing off a pile of dirt that is costing taxpayers $500 million,up (powerful figure),Donald Trump,overlay,435700,7652043696728263949
democrats,20260616,mfer showing off a pile of dirt that is costing taxpayers $300 million,up (powerful figure),Donald Trump,overlay,435700,7652043696728263949
democrats,20260616,NEW FOOTAGE OF TRUMP'S RENOVATED REFLECTING POOL !!,up (powerful figure),Donald Trump,overlay,171400,7652070440281672973
democrats,20260616,WHAT ARE YOU DOING IN MY SWAMP?!,up (powerful figure),Donald Trump,sound,171400,7652070440281672973
democrats,20260617,I'm radioactive,up (powerful figure),Donald Trump,overlay,161400,7652369615753956622
democrats,20260617,New Age,up (powerful figure),Donald Trump,overlay,161400,7652369615753956622
democrats,20260617,Welcome to the new age,up (powerful figure),Donald Trump,sound,161400,7652369615753956622
democrats,20260617,nobody wants him!!!,up (powerful figure),Donald Trump,caption,209400,7652421977696636174
democrats,20260617,why is trump acting like he's on love island 😭,up (powerful figure),Donald Trump,overlay,209400,7652421977696636174
democrats,20260617,nice and green 🤩,up (powerful figure),Donald Trump,caption,173600,7652435003996917005
democrats,20260617,DONALD TRUMP'S STUDIO FILM COLLECTION,up (powerful figure),Donald Trump,overlay,173600,7652435003996917005
democrats,20260617,CAPTAIN AMURRICA,up (powerful figure),Donald Trump,overlay,173600,7652435003996917005
democrats,20260617,Spider-dude,up (powerful figure),Donald Trump,overlay,173600,7652435003996917005
democrats,20260617,y’all hear that?,up (powerful figure),Donald Trump,caption,1300000,7652444423065718029
democrats,20260617,rarest species of chud,up (powerful figure),Donald Trump,caption,4400000,7652457956365176078
democrats,20260617,i'm a chud 🤤,up (powerful figure),Donald Trump,overlay,4400000,7652457956365176078
democrats,20260617,i'm a fat little chud 😤,up (powerful figure),Donald Trump,overlay,4400000,7652457956365176078
democrats,20260617,I'm a chun,up (powerful figure),Donald Trump,sound,4400000,7652457956365176078
democrats,20260617,I'm a fat little chun,up (powerful figure),Donald Trump,sound,4400000,7652457956365176078
democrats,20260617,Playing league all day until the sun comes up,up (powerful figure),Donald Trump,sound,4400000,7652457956365176078
democrats,20260617,Why would I get a job when I can live with my mom?,up (powerful figure),Donald Trump,sound,4400000,7652457956365176078
democrats,20260618,NASTY 🤮,up (powerful figure),The green Lincoln Memorial Reflecting Pool,caption,1300000,7652755291661929742
democrats,20260618,What the...,up (powerful figure),The green Lincoln Memorial Reflecting Pool,sound,1300000,7652755291661929742
democrats,20260618,i'm so GREEN 🤢,up (powerful figure),The green Lincoln Memorial Reflecting Pool,overlay,1300000,7652755291661929742
democrats,20260618,bruh,up (powerful figure),Donald Trump,caption,3300000,7652826185025522958
democrats,20260618,dawg look at what trump did to the reflecting pool 😭,up (powerful figure),Donald Trump,overlay,3300000,7652826185025522958
democrats,20260622,trump’s reflecting pool is killing the ducklings.,up (powerful figure),Donald Trump,caption,887700,7654243373334678797
democrats,20260622,This is what the White House looked like after Trump's UFC fight 💪,up (powerful figure),Donald Trump,overlay,742300,7654269976399908109
democrats,20260622,TRUMP SAYS VANDALS CUT REFLECTING POOL AFTER CLAIMING THAT WOULD BE IMPOSSIBLE,up (powerful figure),Donald Trump,overlay,228800,7654341892972268814
democrats,20260624,bffr 😭,up (powerful figure),Donald Trump,caption,98700,7655011127142780174
democrats,20260624,trump won’t sign a bipartisan housing bill but he will keep funding his ballroom 🥀,up (powerful figure),Donald Trump,overlay,98700,7655011127142780174
democrats,20260624,kash patel's 27 yr old girlfriend getting ready to perform at America 250 because everyone else dropped out 💀,up (powerful figure),Kash Patel's girlfriend,overlay,331900,7655047879639305485
democrats,20260625,opposite of heroes,up (powerful figure),U.S. Immigration and Customs Enforcement (ICE) and U.S. Border Patrol,caption,3500000,7655365569884998925
democrats,20260625,heroes?,up (powerful figure),U.S. Immigration and Customs Enforcement (ICE) and U.S. Border Patrol,overlay,3500000,7655365569884998925
democrats,20260626,republican fearmongering about dem cities,lateral (institution),Republican Party,overlay,1100000,7655798904256007438
democrats,20260626,trump’s fair vs willy wonka glasgow experience,up (powerful figure),Donald Trump,caption,555400,7655829170227825934
democrats,20260626,spot the difference 😏,up (powerful figure),Donald Trump,overlay,555400,7655829170227825934
democrats,20260629,a president that doesn't try to kill them.,up (powerful figure),Donald Trump,overlay,213400,7656900814383910157
democrats,20260630,"I don't want to drive housing prices down, I want to drive housing prices up.",up (powerful figure),Donald Trump,speech,88000,7657250632578944270
democrats,20260630,so unimportant' and 'a yawn',up (powerful figure),Donald Trump,overlay,88000,7657250632578944270
democrats,20260630,"sought to recycle racist, debunked legal arguments to strip away the constitutional rights of American citizens",up (powerful figure),Donald Trump,overlay,73900,7657268557650185485
democrats,20260630,"Today, he failed.",up (powerful figure),Donald Trump,overlay,73900,7657268557650185485
democrats,20260630,his anti-immigrant crusade,up (powerful figure),Donald Trump,overlay,73900,7657268557650185485
democrats,20260701,something's not adding up....,lateral (institution),Republican Party,overlay,156400,7657593873790717197
democrats,20260701,looks lame af,up (powerful figure),Organizers of 'Freedom 250' event,caption,2200000,7657655041637076237
democrats,20260701,'freedom 250' because that's how many people went 💀,up (powerful figure),Organizers of 'Freedom 250' event,overlay,2200000,7657655041637076237
democrats,20260702,trump’s state fair seems to be going well,up (powerful figure),Donald Trump,caption,234300,7657945261787876622
democrats,20260702,what is oozing from the arc de trump 😭😭😭,up (powerful figure),Donald Trump,overlay,234300,7657945261787876622
democrats,20260702,"Eww! Brother, eww!",up (powerful figure),Donald Trump,sound,234300,7657945261787876622
democrats,20260702,can't wait for trump's posture to be fixed after his July 3rd appointment at rowley family chiropractic!,up (powerful figure),Donald Trump,overlay,905700,7657959542185037070
democrats,20260702,trump when somebody suggests making billions by insider trading crypto (allegedly),up (powerful figure),Donald Trump,overlay,114300,7657996036702473486
democrats,20260702,bruh,up (powerful figure),Donald Trump,caption,1500000,7658051004063075597
democrats,20260702,TRUMP QUALITY,up (powerful figure),Donald Trump,overlay,1500000,7658051004063075597
democrats,20260702,FREEDOM 250 STAGE COLLAPSES ON REHEARSING DANCERS,up (powerful figure),Donald Trump,overlay,1500000,7658051004063075597
democrats,20260706,this is trump's america.,up (powerful figure),Donald Trump,overlay,165700,7659446354762042638
democrats,20260707,bro has no idea what is going on,up (powerful figure),Donald Trump,caption,1900000,7659803046829968653
democrats,20260707,president of Türkiye helping trump walk in a straight line 💀,up (powerful figure),Donald Trump,overlay,1900000,7659803046829968653
democrats,20260707,Ken Paxton caught in 4k on a London vacation w his mistress on July 4th 😳,up (powerful figure),Ken Paxton,overlay,315400,7659891919115324686
democrats,20260707,BUSTED 🫵🤣,up (powerful figure),Ken Paxton,caption,315400,7659891919115324686
democrats,20260707,jumpscare!,up (powerful figure),Donald Trump,caption,163400,7659902416703311117
democrats,20260707,he relaxed his face completely and took a pic,up (powerful figure),Donald Trump,overlay,163400,7659902416703311117
democrats,20260707,"The look, the lips, the tits, the taste, the hair, the eye, the skin, the weight",up (powerful figure),Donald Trump,sound,163400,7659902416703311117
democrats,20260708,he ruins everything he touches,up (powerful figure),Donald Trump,caption,254800,7660193062894832909
democrats,20260708,the trump curse,up (powerful figure),Donald Trump,overlay,254800,7660193062894832909
democrats,20260708,family vacation ❤️,up (powerful figure),The state of the country under a hypothetical Trump presidency,caption,327500,7660243805374811406
democrats,20260708,pov: you visit DC under Trump,up (powerful figure),Donald Trump,overlay,327500,7660243805374811406
democrats,20260708,UNDER CONSTRUCTION,lateral (institution),The White House under Donald Trump,overlay,327500,7660243805374811406
democrats,20260708,nightmare sleep paralysis demon,up (powerful figure),Donald Trump,overlay,220100,7660283250782358798
democrats,20260709,"fck it, trump dementia highlights",up (powerful figure),Donald Trump,overlay,977600,7660573107626806542
democrats,20260709,Soon I'll be 60 years old,up (powerful figure),Donald Trump,sound,977600,7660573107626806542
republicans,20260206,no one is illegal on stolen land,up (powerful figure),Billie Eilish,overlay,1900000,7603841382733712670
republicans,20260206,"Shut up, Mom!",up (powerful figure),Billie Eilish,speech,1900000,7603841382733712670
republicans,20260206,Next…,up (powerful figure),Billie Eilish,caption,1900000,7603841382733712670
republicans,20260208,Try harder 🥱,lateral (institution),Democratic Party,caption,557100,7604304505315806477
republicans,20260208,Why are you so obsessed with me?,lateral (institution),Democratic Party,sound,557100,7604304505315806477
republicans,20260208,Built different.,up (powerful figure),Political opponents,caption,344300,7604544379436518686
republicans,20260209,"Oh, don't be ridiculous, Andrea.",lateral (institution),Democratic Party,sound,143900,7604896695511551245
republicans,20260209,COMMON SENSE!,lateral (institution),Democratic Party,caption,143900,7604896695511551245
republicans,20260209,Securing our elections shouldn’t be controversial.,lateral (institution),Democratic Party,caption,143900,7604896695511551245
republicans,20260209,It's not really all that controversial.,lateral (institution),Democratic Party,speech,143900,7604896695511551245
republicans,20260209,7 in 10 Democrats agree with Nicki Minaj,lateral (institution),Democratic Party,overlay,143900,7604896695511551245
republicans,20260210,Its really not that complicated.,lateral (institution),Democratic Party,caption,1600000,7605340729879186702
republicans,20260210,"Boy, it's not that complicated",lateral (institution),Democratic Party,sound,1600000,7605340729879186702
republicans,20260213,Find someone who loves you as much as Democrats love illegal criminal...,lateral (institution),Democrats,caption,79900,7606489989827939597
republicans,20260216,...and the not so greats,up (powerful figure),Democratic presidents,caption,132500,7607535043669413151
republicans,20260216,LITERALLY Traumatizing🤢,up (powerful figure),Bill Clinton,overlay,132500,7607535043669413151
republicans,20260216,No comment.,up (powerful figure),Joe Biden,overlay,132500,7607535043669413151
republicans,20260217,So true chuck! 😉,up (powerful figure),Chuck Schumer,caption,233400,7607890543649099021
republicans,20260217,Spot the difference: AOC at the Munich Security Conference…,up (powerful figure),Alexandria Ocasio-Cortez,caption,53600,7607935469111872782
republicans,20260219,My pronouns are U.S.A.,up (powerful figure),Progressives,sound,203300,7608698345996963102
republicans,20260222,🦅 > 🪿,other,Canada,caption,1500000,7609511826925178142
republicans,20260222,"I done told you once, you son of a bitch. I'm the best there's ever been.",other,Opponents of Team USA hockey,sound,1500000,7609511826925178142
republicans,20260225,this agitating grating voice,up (powerful figure),Ilhan Omar,overlay,436500,7610887208068713759
republicans,20260227,Big day for Bill,up (powerful figure),Bill Clinton,caption,516400,7611547382341242125
republicans,20260227,We were girls together.,up (powerful figure),Bill Clinton,sound,516400,7611547382341242125
republicans,20260303,The purpose of the American military is not to protect anyone's feelings,up (powerful figure),People perceived as overly sensitive or 'woke',overlay,39800,7613099025809657118
republicans,20260304,I'm gonna bomb the shit out of them.,other,America's enemies,speech,90600,7613462482862083359
republicans,20260305,"If you threaten Americans anywhere on earth, we will hunt you down without apology and without hesitation, and we will kill you.",other,people who threaten Americans,speech,69700,7613911767235693838
republicans,20260316,Thank a Democrat.,lateral (institution),Democratic Party,caption,104900,7617866090697248031
republicans,20260316,Democrats when Americans are struggling bc they shut down TSA:,lateral (institution),Democratic Party,overlay,104900,7617866090697248031
republicans,20260316,I don't care I don't care okay I don't I really don't give a fuck I really don't,lateral (institution),Democratic Party,sound,104900,7617866090697248031
republicans,20260317,It really is that easy.,lateral (institution),Democratic Party,caption,482300,7618277156426124575
republicans,20260317,"hey, isn't this easy?",lateral (institution),Democratic Party,sound,482300,7618277156426124575
republicans,20260318,THANK A DEMOCRAT,lateral (institution),Democratic Party,overlay,38900,7618639291064864030
republicans,20260318,Its giving desperate,up (powerful figure),James Talarico,caption,64800,7618684097669434637
republicans,20260318,Texas Democrat after being clowned for being a “vegan”,up (powerful figure),James Talarico,overlay,64800,7618684097669434637
republicans,20260318,come on you have to believe me please you have to believe me you no you have to,up (powerful figure),James Talarico,sound,64800,7618684097669434637
republicans,20260319,Remember to thank a Democrat today.,lateral (institution),Democratic Party,overlay,357200,7618987755485334797
republicans,20260320,Editing the Democrats' TSA shut down like a horror film (Bc it is one),lateral (institution),Democratic Party,overlay,81500,7619381041320594702
republicans,20260320,Thank a Democrat.,lateral (institution),Democratic Party,caption,81500,7619381041320594702
republicans,20260320,We'll be right back.,lateral (institution),Democratic Party,sound,81500,7619381041320594702
republicans,20260320,Too late Jerome 🥴,up (powerful figure),Jerome Powell,caption,130500,7619484686733085966
republicans,20260320,in jerome we trust 🙏,lateral (institution),Democratic Party,overlay,130500,7619484686733085966
republicans,20260320,mogged,up (powerful figure),Jerome Powell,overlay,130500,7619484686733085966
republicans,20260323,THANK A DEMOCRAT,lateral (institution),Democratic Party,overlay,47900,7620451046963432735
republicans,20260325,Thanks chuck,up (powerful figure),Chuck Schumer,caption,101800,7621245778849205518
republicans,20260325,I think Chuck Schumer should be ashamed of himself,up (powerful figure),Chuck Schumer,speech,101800,7621245778849205518
republicans,20260326,Bruh,up (powerful figure),Hakeem Jeffries,overlay,162200,7621664681106689311
republicans,20260401,Don’t drink and tweet,up (powerful figure),Susie Lee,caption,176300,7623845717160889631
republicans,20260401,Sometimes you just have to read a Democrats tweet and move on with your day.,lateral (institution),Democrats,overlay,176300,7623845717160889631
republicans,20260410,We made an edit for Joe since the @Democrats keep leaving him out of ...,lateral (institution),Joe Biden and the Democratic Party,caption,462600,7627176166985616670
republicans,20260410,what the hell am I doing here,up (powerful figure),Joe Biden,overlay,462600,7627176166985616670
republicans,20260410,I don't belong here,up (powerful figure),Joe Biden,overlay,462600,7627176166985616670
republicans,20260410,TRUMP 2024,up (powerful figure),Joe Biden,overlay,462600,7627176166985616670
republicans,20260416,TRUMP WAS RIGHT ABOUT EVERYTHING!,own-side (gloat),Donald Trump's critics and opponents,overlay,563600,7629461813939195149
republicans,20260416,Do these bitches teeth hurt,own-side (gloat),Donald Trump's critics and opponents,sound,563600,7629461813939195149
republicans,20260416,Guess I am an icon,own-side (gloat),Donald Trump's critics and opponents,sound,563600,7629461813939195149
republicans,20260417,Promises made… 😬,up (powerful figure),Gavin Newsom,caption,405500,7629515596119543053
republicans,20260417,California bc of Gavin Newsom,up (powerful figure),Gavin Newsom,overlay,405500,7629515596119543053
republicans,20260420,Mom come pick me up...the Democrats are singing again..,lateral (institution),Democratic Party,overlay,393500,7630882255069613342
republicans,20260423,lol,up (powerful figure),Nancy Pelosi,caption,539300,7631997664422317342
republicans,20260423,Donald Trump is not going to be president of the United States. Take it to the bank.,up (powerful figure),Nancy Pelosi,speech,539300,7631997664422317342
republicans,20260426,How long till Democrats realize their violent rhetoric has serious co...,lateral (institution),Democratic Party,caption,83400,7633141486581763358
republicans,20260426,CHALLENGE ACCEPTED,up (powerful figure),Jasmine Crockett,overlay,83400,7633141486581763358
republicans,20260426,LET'S EXTINGUISH HIM FOR GOOD.,lateral (institution),Democratic Party,overlay,83400,7633141486581763358
republicans,20260426,AND TAKE TRUMP OUT TONIGHT.,lateral (institution),Democratic Party,overlay,83400,7633141486581763358
republicans,20260426,AND WE'RE GOING TO FIGHT IT IN THE STREETS.,lateral (institution),Democratic Party,overlay,83400,7633141486581763358
republicans,20260426,WE'RE GOING TO BURY THEM BELOW THE CAPITOL.,lateral (institution),Democratic Party,overlay,83400,7633141486581763358
republicans,20260426,WE TAKE THEM TO THE MUD AND CHOKE THEM OUT.,lateral (institution),Democratic Party,overlay,83400,7633141486581763358
republicans,20260426,THERE NEEDS TO BE UNREST IN THE STREETS,lateral (institution),Democratic Party,overlay,83400,7633141486581763358
republicans,20260426,THERE AREN'T UPRISINGS ALL OVER THE COUNTRY,lateral (institution),Democratic Party,overlay,83400,7633141486581763358
republicans,20260426,WE'RE GONNA PUNCH THESE SONS OF BITCHES IN THE MOUTH.,lateral (institution),Democratic Party,overlay,83400,7633141486581763358
republicans,20260426,I'D TAKE HIM BEHIND THE GYM AND BEAT THE HELL OUT OF HIM.,lateral (institution),Democratic Party,overlay,83400,7633141486581763358
republicans,20260426,PUNCH BACK KICK BACK AND WIN SOME FUCKING POWER.,lateral (institution),Democratic Party,overlay,83400,7633141486581763358
republicans,20260426,PUNCH BACK AND MAKE SURE THAT THEY STAY DOWN KICK THEM WHEN THEY'RE DOWN,lateral (institution),Democratic Party,overlay,83400,7633141486581763358
republicans,20260426,I THINK THAT YOU PUNCH,lateral (institution),Democratic Party,overlay,83400,7633141486581763358
republicans,20260426,"WE ARE AT WAR. THE GLOVES ARE OFF AND I SAY, BRING IT ON.",lateral (institution),Democratic Party,overlay,83400,7633141486581763358
republicans,20260426,"NOT ONLY GONNA PUNCH YOU BACK, BUT WE ARE GOING TO KNOCK YOU OUT.",lateral (institution),Democratic Party,overlay,83400,7633141486581763358
republicans,20260426,WE'RE IN A WAR RIGHT NOW TO SAVE THIS COUNTRY.,lateral (institution),Democratic Party,overlay,83400,7633141486581763358
republicans,20260426,"NOT ONLY ARE WE GOING TO PUNCH BACK, BUT WE ABOUT TO BEAT YOU DOWN.",lateral (institution),Democratic Party,overlay,83400,7633141486581763358
republicans,20260426,SHUT DOWN THE CITY WE ARE AT WAR.,lateral (institution),Democratic Party,overlay,83400,7633141486581763358
republicans,20260426,WHEN THEY GO LOW WE KICK 'EM,lateral (institution),Democratic Party,overlay,83400,7633141486581763358
republicans,20260426,PUNCH HIM IN THE FACE.,lateral (institution),Democratic Party,overlay,83400,7633141486581763358
republicans,20260426,"LET'S MAKE SURE WE SHOW UP AND IF YOU SEE ANYBODY FROM THAT CABINET YOU PUSH BACK ON THEM,",lateral (institution),Democratic Party,overlay,83400,7633141486581763358
republicans,20260428,I guess we missed the other 9 wars?,up (powerful figure),Ilhan Omar,caption,251100,7633819195452427550
republicans,20260428,WORLD WAR 11,up (powerful figure),Ilhan Omar,overlay,251100,7633819195452427550
republicans,20260428,11?!?!,up (powerful figure),Ilhan Omar,overlay,251100,7633819195452427550
republicans,20260428,These people are just idiots the level of stupidity they are displaying every single day.,up (powerful figure),Ilhan Omar,speech,251100,7633819195452427550
republicans,20260428,Doing World War 11,up (powerful figure),Ilhan Omar,speech,251100,7633819195452427550
republicans,20260428,Did yall forget?,lateral (institution),U.S. Congress,caption,585000,7633911518286892318
republicans,20260428,What happened to “No Kings?” 🤔🤔,lateral (institution),U.S. Congress,overlay,585000,7633911518286892318
republicans,20260430,Democrats blocking the SAVE America Act,lateral (institution),Democratic Party,overlay,241400,7634667336875642125
republicans,20260430,Democrats shutting down the Government,lateral (institution),Democratic Party,overlay,241400,7634667336875642125
republicans,20260430,Democrats trying to Trans kids,lateral (institution),Democratic Party,overlay,241400,7634667336875642125
republicans,20260430,Democrats putting illegals first,lateral (institution),Democratic Party,overlay,241400,7634667336875642125
republicans,20260430,Democrats 😩,lateral (institution),Democratic Party,overlay,241400,7634667336875642125
republicans,20260501,Life when you don’t have “Trump Derangement Syndrome” >>>>,own-side (gloat),Critics of Donald Trump,overlay,170300,7634723569376693518
republicans,20260501,Sorry to all those affected,own-side (gloat),Critics of Donald Trump,caption,170300,7634723569376693518
republicans,20260504,The guy with the Nazi tattoo?,up (powerful figure),Graham Platner,caption,15600,7636043924494175518
republicans,20260504,Hate on Display / Totenkopf,up (powerful figure),Graham Platner,overlay,15600,7636043924494175518
republicans,20260504,Neo-Nazi Symbols,up (powerful figure),Graham Platner,overlay,15600,7636043924494175518
republicans,20260505,Umm…,up (powerful figure),Kamala Harris and Karen Bass,caption,29500,7636507641560173854
republicans,20260505,"""Stamped out crime and homelessness""",up (powerful figure),Kamala Harris and Karen Bass,overlay,29500,7636507641560173854
republicans,20260505,Has she been to LA recently?,up (powerful figure),Kamala Harris,overlay,29500,7636507641560173854
republicans,20260507,They have fully become the party of illegals and criminals.,lateral (institution),Democratic Party,caption,27900,7637171360887737614
republicans,20260507,"Every single Democrat running for Ca governor vowed to keep giving free, taxpayer-funded healthcare to illegals.",up (powerful figure),Democratic candidates for California governor,overlay,27900,7637171360887737614
republicans,20260507,A real team of winners right here…,lateral (institution),Democratic Party,caption,11100,7637239838449601823
republicans,20260507,R-S-P-E-C-T ??,lateral (institution),Democratic Party,overlay,11100,7637239838449601823
republicans,20260507,F*** you out of my f***ing shot!,up (powerful figure),Katie Porter,speech,11100,7637239838449601823
republicans,20260507,God is non-binary.,up (powerful figure),James Talarico,speech,11100,7637239838449601823
republicans,20260507,"We gotta do some Aretha. Okay. You know, we might need to do a little RSBCD. Okay. Because the wolf passers got me.",up (powerful figure),Haley Stevens,speech,11100,7637239838449601823
republicans,20260507,"If they go low, we don't go high. We take them to the mud and choke them out.",up (powerful figure),Abdelnasser Rashid,speech,11100,7637239838449601823
republicans,20260508,Hold this L,lateral (institution),Democratic Party,overlay,28400,7637555519108009247
republicans,20260511,you can go straight to hell,other,people whose political rhetoric encourages violence against our law enforcement,speech,46300,7638667103838506270
republicans,20260511,you have no place in the political conversation of the United States of America,other,people whose political rhetoric encourages violence against our law enforcement,speech,46300,7638667103838506270
republicans,20260511,if you hate cops just because they're cops the next time you get in trouble call a crackhead,up (powerful figure),People who hate cops,overlay,3600000,7638690407794085134
republicans,20260511,How it feels when you stop Democrats from rigging elections,lateral (institution),Democrats,overlay,104100,7638725564823506190
republicans,20260511,TDS is at an all time high 🤡,lateral (institution),Democratic Party,caption,20600,7638756906445622559
republicans,20260511,"They've got serious ""Trump Derangement Syndrome""",lateral (institution),Democratic Party,overlay,20600,7638756906445622559
republicans,20260511,which actually is a disease,lateral (institution),Democratic Party,overlay,20600,7638756906445622559
republicans,20260511,I'm hearing it is actually a disease,lateral (institution),Democratic Party,overlay,20600,7638756906445622559
republicans,20260515,YIKESSSS,up (powerful figure),Gavin Newsom; Tim Walz,caption,36200,7640142875887504670
republicans,20260515,Gavin Newsom's Empire of Fraud,up (powerful figure),Gavin Newsom,overlay,36200,7640142875887504670
republicans,20260515,How Fraud Swamped Minnesota's Social Services System on Tim Walz's Watch,up (powerful figure),Tim Walz,overlay,36200,7640142875887504670
republicans,20260515,That boy is corrupt,up (powerful figure),Gavin Newsom; Tim Walz,sound,36200,7640142875887504670
republicans,20260518,This team >>>,up (powerful figure),Political opponents,caption,1500000,7641259387331398943
republicans,20260518,"Don't hate the player, hate the game",up (powerful figure),Political opponents,sound,1500000,7641259387331398943
republicans,20260518,"This a motion party, you cannot get in",up (powerful figure),Political opponents,sound,1500000,7641259387331398943
republicans,20260518,James Talarico is the last person Texans want,up (powerful figure),James Talarico,caption,29900,7641271583620877581
republicans,20260518,"the Democrats have a weird, a weird candidate.",up (powerful figure),James Talarico,speech,29900,7641271583620877581
republicans,20260518,Six genders,up (powerful figure),James Talarico,speech,29900,7641271583620877581
republicans,20260518,a real hit on Jesus.,up (powerful figure),James Talarico,speech,29900,7641271583620877581
republicans,20260518,this guy is bad news,up (powerful figure),James Talarico,speech,29900,7641271583620877581
republicans,20260518,with his mask from relatively recently.,up (powerful figure),James Talarico,speech,29900,7641271583620877581
republicans,20260518,He's a vegan.,up (powerful figure),James Talarico,speech,29900,7641271583620877581
republicans,20260518,"All of a sudden, he's not a vegan.",up (powerful figure),James Talarico,speech,29900,7641271583620877581
republicans,20260518,Texas doesn't like vegans.,up (powerful figure),James Talarico,speech,29900,7641271583620877581
republicans,20260518,Think of how easy it would be to be a damn Republican.,up (powerful figure),Tim Walz,speech,73500,7641339162154650910
republicans,20260518,This stupid frickin' red hat.,up (powerful figure),Tim Walz,speech,73500,7641339162154650910
republicans,20260518,This stupid freaking red hat!,up (powerful figure),Tim Walz,overlay,73500,7641339162154650910
republicans,20260518,STUPID FREAKING RED HAT!,up (powerful figure),Tim Walz,overlay,73500,7641339162154650910
republicans,20260520,MOST SECURE BORDER IN HISTORY,lateral (institution),Biden administration,caption,22800,7641995639982689566
republicans,20260520,And the situation there is night and day from what we saw under the Biden administration.,lateral (institution),Biden administration,speech,22800,7641995639982689566
republicans,20260520,What changed? Got a new president.,lateral (institution),Biden administration,speech,22800,7641995639982689566
republicans,20260520,POS,up (powerful figure),Graham Platner,caption,162900,7642114486664482079
republicans,20260520,DUMB MOTHERF***** DIDN'T DESERVE TO LIVE.,up (powerful figure),U.S. soldier,overlay,162900,7642114486664482079
republicans,20260520,HIS STUPIDITY AND FAT ASS WHEEZING,up (powerful figure),U.S. soldier,overlay,162900,7642114486664482079
republicans,20260520,MOUTHBREATHER,up (powerful figure),U.S. soldier,overlay,162900,7642114486664482079
republicans,20260520,HE MANAGED TO MAKE EVERY POSSIBLE SHIT DECISION POSSIBLE,up (powerful figure),U.S. soldier,overlay,162900,7642114486664482079
republicans,20260526,"No James, it’s not complicated.",up (powerful figure),James Talarico,caption,52800,7644265829336435999
republicans,20260526,BUT THE AMERICAN FLAG IS SUCH A COMPLICATED SYMBOL FOR MOST OF US...,up (powerful figure),James Talarico,overlay,52800,7644265829336435999
republicans,20260528,Why is Hakeem Jeffries Face tuning on ig 😭,up (powerful figure),Hakeem Jeffries,overlay,26300,7644957004099898655
republicans,20260528,"Girl, shut the fuck up.",up (powerful figure),Hakeem Jeffries,sound,26300,7644957004099898655
republicans,20260528,You thought you ate that?,up (powerful figure),Hakeem Jeffries,sound,26300,7644957004099898655
republicans,20260529,No cure for stupid,up (powerful figure),Gavin Newsom,caption,109000,7645362612791758094
republicans,20260529,THERE'S NO CURE FOR STUPID.,up (powerful figure),Gavin Newsom,overlay,109000,7645362612791758094
republicans,20260601,Bffr,up (powerful figure),Jill Biden,caption,40800,7646212966664178957
republicans,20260601,Let's go lick the world.,up (powerful figure),Joe Biden,speech,40800,7646212966664178957
republicans,20260604,They never stood a chance,up (powerful figure),political opponents,caption,1700000,7647574389730446606
republicans,20260604,DUNK TANK,up (powerful figure),The hearing,overlay,1700000,7647574389730446606
republicans,20260604,Are you guys kidding me?,up (powerful figure),political opponents,speech,1700000,7647574389730446606
republicans,20260604,is this the Foreign Affairs Committee or is this like a circus?,lateral (institution),Foreign Affairs Committee,speech,1700000,7647574389730446606
republicans,20260604,"Well, thank you for coming.",lateral (institution),an unnamed Congresswoman,speech,1700000,7647574389730446606
republicans,20260604,"Oh, she gets to scream now, too?",lateral (institution),an unnamed Congresswoman,speech,1700000,7647574389730446606
republicans,20260604,It's not a hearing.,up (powerful figure),The hearing,speech,1700000,7647574389730446606
republicans,20260604,I assume you're aware that Greenland is indeed part of Denmark. For now.,up (powerful figure),an unnamed opponent,speech,1700000,7647574389730446606
republicans,20260605,You’re looking out for literally no one.,up (powerful figure),JB Pritzker,caption,49700,7647958215702891790
republicans,20260605,Chicago is a place where we look out for one another.,up (powerful figure),JB Pritzker,overlay,49700,7647958215702891790
republicans,20260609,James Talarico’s complete hypocrisy,up (powerful figure),James Talarico,caption,75200,7649510202504465677
republicans,20260609,"But now, the rebrand is here!",up (powerful figure),James Talarico,overlay,75200,7649510202504465677
republicans,20260609,"You might know oil and gas in Texas is a very niche, tiny part of their economy.",up (powerful figure),James Talarico,speech,75200,7649510202504465677
republicans,20260615,Stay mad,lateral (institution),Critics of Donald Trump / Supporters of the Biden Administration,caption,6900000,7651630298693668110
republicans,20260615,Trump derangement syndrome at its worst,own-side (gloat),Critics of Donald Trump,caption,80500,7651672612078128397
republicans,20260615,YOU ARE SO SLOW,up (powerful figure),Unnamed Speaker,overlay,80500,7651672612078128397
republicans,20260615,just keep watching,up (powerful figure),Unnamed Speaker,overlay,80500,7651672612078128397
republicans,20260617,what it’s like living with Trump derangement syndrome,lateral (institution),Democratic Party,caption,67000,7652433512456326413
republicans,20260617,MY HEAD IS FULL OF POISON,lateral (institution),Democratic Party,overlay,67000,7652433512456326413
republicans,20260617,AND MY HEART IS FULL OF DOUBT,lateral (institution),Democratic Party,overlay,67000,7652433512456326413
republicans,20260617,I GOT TOXINS IN MY BLOOD,lateral (institution),Democratic Party,overlay,67000,7652433512456326413
republicans,20260618,it’s really not that hard..,up (powerful figure),Ro Khanna,caption,136900,7652777251301346574
republicans,20260618,Ro Khanna gets absolutely RIPPED,up (powerful figure),Ro Khanna,overlay,136900,7652777251301346574
republicans,20260618,What's the problem?,up (powerful figure),Ro Khanna,speech,136900,7652777251301346574
republicans,20260618,Get your birth certificate. Yes.,up (powerful figure),Ro Khanna,speech,136900,7652777251301346574
republicans,20260618,No problem.,up (powerful figure),Ro Khanna,speech,136900,7652777251301346574
republicans,20260627,I really don't know what he said at the end of that sentence. I don't think he knows what he said either.,up (powerful figure),Joe Biden,speech,351600,7656180649061109022
republicans,20260627,"Well, he's right. He did beat Medicare. He beat it to death.",up (powerful figure),Joe Biden,speech,351600,7656180649061109022
republicans,20260627,You did such a great job. You answered every question. You knew all the facts.,up (powerful figure),Jill Biden,speech,351600,7656180649061109022
republicans,20260628,Texas Dems have lost their minds defending James Talarico,lateral (institution),Texas Democrats,caption,31200,7656476726691761439
republicans,20260628,"Next time they say that James is trans, we're all trans.",up (powerful figure),Benjamin Flores,speech,31200,7656476726691761439
republicans,20260628,"James is a gay tofu eating vegan, we're all gay tofu eating vegans.",up (powerful figure),Benjamin Flores,speech,31200,7656476726691761439
republicans,20260628,"And when they say James is going to hell, we're all going to hell.",up (powerful figure),Benjamin Flores,speech,31200,7656476726691761439
republicans,20260630,"WE'RE GONNA BEAT TALAFREAKO IN NOVEMBER,",up (powerful figure),James Talarico,overlay,21300,7656984886670118158
republicans,20260630,We're going to beat Tala Frico in November,up (powerful figure),James Talarico,speech,21300,7656984886670118158
republicans,20260630,"THIS GUY IS MUCH MORE LIKE ... THAN HE IS LIKE A TEXAN,",up (powerful figure),James Talarico,overlay,21300,7656984886670118158
republicans,20260630,This guy is much more like Bandami than he is like a Texan.,up (powerful figure),James Talarico,speech,21300,7656984886670118158
republicans,20260630,When Democrat politicians oppose the SAVE America act but require photo ID at their events,up (powerful figure),Democrat politicians,overlay,39000,7657284103749913887
republicans,20260630,Decline is a choice.,lateral (institution),Democratic Party,caption,28100,7657332891847904543
republicans,20260701,HOW TO SPOT A COMMUNIST,lateral (institution),Democratic Party,caption,72200,7657636473222565134
republicans,20260701,"Democrats can gaslight Americans all they want, but history is a great teacher:",lateral (institution),Democratic Party,overlay,72200,7657636473222565134
republicans,20260701,"DEM CANDIDATE CALLED U.S. ""F***ING DISGRACE""",up (powerful figure),Darializa Avila Chevalier,overlay,72200,7657636473222565134
republicans,20260701,if he openly declares himself to be a communist we take his word for it,lateral (institution),"Democrats who identify as ""democratic socialists""",speech,72200,7657636473222565134
republicans,20260701,if a person consistently reads and advocates the views expressed in a communist publication he may be a communist,up (powerful figure),Darializa Avila Chevalier,speech,72200,7657636473222565134
republicans,20260701,if a person supports organizations which reflect communist teachings she may be a communist,up (powerful figure),Democratic Socialists of America,speech,72200,7657636473222565134
republicans,20260701,if a person defends the activities of communist nations while consistently attacking the domestic and foreign policy of the united states she may be a communist,lateral (institution),"Alexandria Ocasio-Cortez, Ilhan Omar, and other progressive Democrats",speech,72200,7657636473222565134
republicans,20260701,Our goal is communism,up (powerful figure),Democratic Socialists of America,speech,72200,7657636473222565134
republicans,20260703,It’s actually not complicated at all.,up (powerful figure),James Talarico,caption,35200,7658365700733521165
republicans,20260703,"Um, ciao.",up (powerful figure),James Talarico,speech,35200,7658365700733521165
republicans,20260703,"We'll put a boot in your ass, it's the American way.",up (powerful figure),James Talarico,sound,35200,7658365700733521165
republicans,20260703,"Hey Uncle Sam, put your name at the top of his list.",up (powerful figure),James Talarico,sound,35200,7658365700733521165
whitehouse,20250820,"I was the hunter, and now I'm the hunter.",up (powerful figure),Political opponents,speech,1900000,7540494832012233998
whitehouse,20250820,"You better comply, because otherwise you're not getting any federal funding.",up (powerful figure),Opposing states,speech,1900000,7540494832012233998
whitehouse,20250820,I'll see you in court.,up (powerful figure),Opposing states,speech,1900000,7540494832012233998
whitehouse,20250820,You don't have the cards right now.,up (powerful figure),Political opponents,speech,1900000,7540494832012233998
whitehouse,20250820,it's only a congressman.,lateral (institution),An unnamed congressman,speech,1900000,7540494832012233998
whitehouse,20250820,"I call him too late, pal, because he's always too late.",lateral (institution),An unnamed congressman,speech,1900000,7540494832012233998
whitehouse,20250820,You remember when the bunny took Joe Biden out?,up (powerful figure),Joe Biden,speech,1900000,7540494832012233998
whitehouse,20250820,Pocahontas says yes.,up (powerful figure),Elizabeth Warren,speech,1900000,7540494832012233998
whitehouse,20250820,only a reporter from the New York Times would ask a question like that,up (powerful figure),The New York Times,speech,1300000,7540673312909692173
whitehouse,20250820,something that was not done by the previous administration,lateral (institution),the previous administration,speech,1300000,7540673312909692173
whitehouse,20250820,"they don't know it yet, but Trump is making America better for them, their kids and their grandkids...",up (powerful figure),Donald Trump's opponents,overlay,1600000,7540688033742441783
whitehouse,20250820,me bc kamala just lost 💔,up (powerful figure),Kamala Harris,overlay,1600000,7540688033742441783
whitehouse,20250820,WHITE DUDES For HARRIS 2024,up (powerful figure),Kamala Harris supporters,overlay,1600000,7540688033742441783
whitehouse,20250820,Who would have thought making our communities safer would be soo cont...,up (powerful figure),political opponents/critics,caption,1000000,7540767069856402743
whitehouse,20250820,HOW'D WE DO?,up (powerful figure),critics/doubters,overlay,1000000,7540767069856402743
whitehouse,20250820,You've just got to have the political willpower to do it,up (powerful figure),previous/opposing political leaders,speech,1000000,7540767069856402743
whitehouse,20250820,Oh you thought we were just talking?,up (powerful figure),political opponents,caption,1200000,7540791678332964110
whitehouse,20250820,Make D.C. Safe Again.,up (powerful figure),Washington D.C.,caption,1200000,7540791678332964110
whitehouse,20250820,"horribly run Washington, D.C.",up (powerful figure),Washington D.C.,speech,1200000,7540791678332964110
whitehouse,20250820,no longer a nightmare of murder and crime,up (powerful figure),Washington D.C.,speech,1200000,7540791678332964110
whitehouse,20250820,falling down all over the streets,up (powerful figure),Washington D.C.'s infrastructure,speech,1200000,7540791678332964110
whitehouse,20250821,Fake news,lateral (institution),the media,caption,841000,7541048892880702733
whitehouse,20250821,You're not real people.,lateral (institution),the media,speech,841000,7541048892880702733
whitehouse,20250821,Your job is still easy.,lateral (institution),the media,speech,841000,7541048892880702733
whitehouse,20250821,Nerds.,up (powerful figure),a news outlet,speech,841000,7541048892880702733
whitehouse,20250821,"Fortunately, nobody watches.",up (powerful figure),CNN,speech,841000,7541048892880702733
whitehouse,20250821,Have you ever asked a positive question at CNN?,up (powerful figure),CNN,speech,841000,7541048892880702733
whitehouse,20250821,"You know, you're a terrible reporter.",up (powerful figure),a reporter,speech,841000,7541048892880702733
whitehouse,20250821,you don't have what it takes to be a reporter.,up (powerful figure),a reporter,speech,841000,7541048892880702733
whitehouse,20250821,You're not smart enough.,up (powerful figure),a reporter,speech,841000,7541048892880702733
whitehouse,20250821,Neither do you.,up (powerful figure),a reporter,speech,841000,7541048892880702733
whitehouse,20250821,I thought they died.,up (powerful figure),a news outlet,speech,841000,7541048892880702733
whitehouse,20250821,Are they still around?,up (powerful figure),a news outlet,speech,841000,7541048892880702733
whitehouse,20250821,I haven't read them in years.,up (powerful figure),a news outlet,speech,841000,7541048892880702733
whitehouse,20250821,Woke is dead,up (powerful figure),Woke ideology,caption,801600,7541090623147855117
whitehouse,20250821,transgender insanity,up (powerful figure),Gender-affirming policies/ideology,speech,801600,7541090623147855117
whitehouse,20250821,indoctrination of our children,up (powerful figure),Schools/educators promoting certain ideologies,speech,801600,7541090623147855117
whitehouse,20250821,radical gender ideology,up (powerful figure),Gender-affirming policies/ideology,speech,801600,7541090623147855117
whitehouse,20250821,"destructive and divisive diversity, equity, and inclusion mandates",up (powerful figure),"Diversity, Equity, and Inclusion (DEI) policies",speech,801600,7541090623147855117
whitehouse,20250821,bust up the censorship regime,up (powerful figure),Entities perceived to be censoring speech,speech,801600,7541090623147855117
whitehouse,20250821,child sexual mutilation,up (powerful figure),Gender-affirming care for minors,speech,801600,7541090623147855117
whitehouse,20250821,Men playing in women's sports is insane.,down (vulnerable),Transgender women in sports,speech,801600,7541090623147855117
whitehouse,20250824,The sound libs hate the most:,up (powerful figure),libs,overlay,1400000,7542202173069757751
whitehouse,20250824,ASMR,up (powerful figure),Liberals,caption,1400000,7542202173069757751
whitehouse,20250824,more progress toward peace has been made in the last two weeks than in the past three years under Joe Biden,up (powerful figure),Joe Biden,speech,1300000,7542272353565248782
whitehouse,20250824,"All we needed, clearly, was a new president",up (powerful figure),Joe Biden,speech,1300000,7542272353565248782
whitehouse,20250824,took some protesters to school,down (vulnerable),protesters,speech,1300000,7542272353565248782
whitehouse,20250826,Who the left swipes right on,up (powerful figure),the left,caption,965500,7542947006595992845
whitehouse,20250826,Can't help liking the bad boys.,up (powerful figure),Chris Van Hollen,overlay,965500,7542947006595992845
whitehouse,20250826,"A match so strong, it feels illegal.",lateral (institution),Democratic Party,overlay,965500,7542947006595992845
whitehouse,20250826,"If you're into open borders and broken laws, keep scrolling.",lateral (institution),Democratic Party,overlay,965500,7542947006595992845
whitehouse,20250826,A match made in a sanctuary city.,lateral (institution),Democratic Party,overlay,965500,7542947006595992845
whitehouse,20250826,A criminally strong connection.,lateral (institution),Democratic Party,overlay,965500,7542947006595992845
whitehouse,20250826,"Let's spark a flame, together.",lateral (institution),Democratic Party,overlay,965500,7542947006595992845
whitehouse,20250826,A match made in mayhem.,lateral (institution),Democratic Party,overlay,965500,7542947006595992845
whitehouse,20250826,Democrats LOVE illegal immigration.,lateral (institution),Democrats,overlay,965500,7542947006595992845
whitehouse,20250826,Democrats and illegal immigrants: an undeniable love story.,down (vulnerable),Democrats and unnamed undocumented immigrants,overlay,965500,7542947006595992845
whitehouse,20250826,I want to know what love is,lateral (institution),Democratic Party,sound,965500,7542947006595992845
whitehouse,20250828,Find Someone Who Loves You As Much As Democrats Love Giving Free Health Care to Illegal Aliens,lateral (institution),Democrats,overlay,210600,7543720976656207117
whitehouse,20250828,Find yourself somebody who loves you as much as national Democrats love giving health care benefits to illegal aliens.,lateral (institution),national Democrats,speech,210600,7543720976656207117
whitehouse,20250828,Decline is a choice.,lateral (institution),Democratic Party leaders,speech,311000,7543786560018222350
whitehouse,20250828,Your leaders are lying to you,lateral (institution),Democratic Party leaders,speech,311000,7543786560018222350
whitehouse,20250828,they have been failing you for decades.,lateral (institution),Democratic Party leaders,speech,311000,7543786560018222350
whitehouse,20250829,Stop Gov Weaponization,lateral (institution),The current (Biden) administration / Department of Justice,overlay,1300000,7544023985227435319
whitehouse,20250829,Defund Woke Schools,up (powerful figure),"Progressive education policies / ""woke"" ideology",overlay,1300000,7544023985227435319
whitehouse,20250829,OH AND YOU CAN KEEP THE TIP! 100%,lateral (institution),The current (Biden) administration,overlay,1300000,7544023985227435319
whitehouse,20250902,Pwincesss where are you,down (vulnerable),criminal illegal aliens,caption,2400000,7545524836215393549
whitehouse,20250902,"Oh, princess. Princess, where are you?",down (vulnerable),criminal illegal aliens,speech,2400000,7545524836215393549
whitehouse,20250902,"You can run, but you can't hide.",down (vulnerable),criminal illegal aliens,speech,2400000,7545524836215393549
whitehouse,20250902,You wouldn't see Biden for months and nobody ever said there was anyt...,up (powerful figure),Joe Biden,caption,281700,7545589775634369847
whitehouse,20250902,Biden wouldn't do them for months.,up (powerful figure),Joe Biden,overlay,281700,7545589775634369847
whitehouse,20250902,"Well, it's fake news.",lateral (institution),the media,overlay,281700,7545589775634369847
whitehouse,20250902,And we know he wasn't in the greatest of shape.,up (powerful figure),Joe Biden,speech,281700,7545589775634369847
whitehouse,20250902,That's why the media has so little credibility.,lateral (institution),the media,speech,281700,7545589775634369847
whitehouse,20250903,fake news,lateral (institution),the media,speech,227300,7545947040602131726
whitehouse,20250903,He's a friend of CNN. That's why nobody watches CNN anymore.,up (powerful figure),CNN,speech,227300,7545947040602131726
whitehouse,20250903,"MSNBC, which is a threat to democracy, actually.",up (powerful figure),MSNBC,speech,227300,7545947040602131726
whitehouse,20250903,They're all mentally screwed up.,lateral (institution),the media,speech,227300,7545947040602131726
whitehouse,20250903,their ratings have gone down the tubes.,lateral (institution),the media,speech,227300,7545947040602131726
whitehouse,20250903,this very low-rated anchor at CBS.,up (powerful figure),a CBS anchor,speech,227300,7545947040602131726
whitehouse,20250903,We had a president that was grossly incompetent.,up (powerful figure),the previous president,speech,227300,7545947040602131726
whitehouse,20250904,Sounds of a Safer City,up (powerful figure),City of Chicago,overlay,280900,7546305668785917198
whitehouse,20250904,This could be us but you playing,up (powerful figure),City of Chicago,caption,280900,7546305668785917198
whitehouse,20250905,Dozens of illegal criminal aliens depart for deportation 👋,down (vulnerable),undocumented immigrants,overlay,146200,7546642121957051703
whitehouse,20250905,You don’t have to go home but you can’t stay hereee,down (vulnerable),undocumented immigrants,caption,146200,7546642121957051703
whitehouse,20250905,"If we compare that to President Biden, he has gotten 20 taken.",up (powerful figure),Joe Biden,speech,190500,7546745583361477901
whitehouse,20250905,So he is negative.,up (powerful figure),Joe Biden,overlay,190500,7546745583361477901
whitehouse,20250906,200 executive orders of winning,up (powerful figure),Political opponents,caption,277700,7546786250552773943
whitehouse,20250906,There's no AutoPen that can do this.,up (powerful figure),Other presidents/politicians (specifically Barack Obama),speech,277700,7546786250552773943
whitehouse,20250906,lit into liberal senators on the payroll of Big Pharma,up (powerful figure),liberal senators,speech,715900,7547027801774230798
whitehouse,20250906,the sad state of public health that the Trump administration has inherited,lateral (institution),Previous administrations/political establishment,speech,715900,7547027801774230798
whitehouse,20250907,FAKE NEWS,lateral (institution),the media,caption,218100,7547414490774539534
whitehouse,20250907,President Trump SLAMS Fake News Reporter On Chicago,up (powerful figure),a reporter,overlay,218100,7547414490774539534
whitehouse,20250907,that's fake news,up (powerful figure),a reporter,overlay,218100,7547414490774539534
whitehouse,20250907,Be quiet.,up (powerful figure),a reporter,overlay,218100,7547414490774539534
whitehouse,20250907,You don't listen.,up (powerful figure),a reporter,overlay,218100,7547414490774539534
whitehouse,20250907,You never listen.,up (powerful figure),a reporter,overlay,218100,7547414490774539534
whitehouse,20250907,That's why you're second rate.,up (powerful figure),a reporter,overlay,218100,7547414490774539534
whitehouse,20250915,FAFO.,up (powerful figure),drug traffickers,caption,379800,7550419008806194487
whitehouse,20250915,"BE WARNED -- IF YOU ARE TRANSPORTING DRUGS THAT CAN KILL AMERICANS, WE ARE HUNTING YOU!",up (powerful figure),drug traffickers,overlay,379800,7550419008806194487
whitehouse,20250918,Art of the deal 😏,up (powerful figure),critics/opponents,caption,275300,7551421258307570958
whitehouse,20250923,Gotta catch ‘em all,down (vulnerable),people being arrested by DHS/ICE,caption,19100000,7553070474821897527
whitehouse,20250923,ILLEGAL,other,Hossein Sharifi and Nery Garcia Linares,overlay,19100000,7553070474821897527
whitehouse,20250923,Worst of the Worst,other,Hossein Sharifi and Nery Garcia Linares,overlay,19100000,7553070474821897527
whitehouse,20250923,weakness resistance retreat,other,Hossein Sharifi and Nery Garcia Linares,overlay,19100000,7553070474821897527
whitehouse,20250923,To catch them is my will or test,down (vulnerable),people being arrested by DHS/ICE,sound,19100000,7553070474821897527
whitehouse,20250923,"Pokemon, gotta catch them all",down (vulnerable),people being arrested by DHS/ICE,sound,19100000,7553070474821897527
whitehouse,20250923,the teleprompter is not working,other,United Nations,speech,589900,7553325856026905911
whitehouse,20250923,never even received a phone call from the United Nations offering to help,other,United Nations,speech,589900,7553325856026905911
whitehouse,20250923,All I got from the United Nations was an escalator that on the way up stopped right in the middle.,other,United Nations,speech,589900,7553325856026905911
whitehouse,20250923,"These are the two things I got from the United Nations, a bad escalator and a bad teleprompter.",other,United Nations,speech,589900,7553325856026905911
whitehouse,20250923,whoever's operating this teleprompter is in big trouble,up (powerful figure),the teleprompter operator,speech,589900,7553325856026905911
whitehouse,20250924,"Henry’s teacher has to excuse his absence now, right?",own-side (gloat),Henry's teacher,caption,3000000,7553750034450238775
whitehouse,20250924,he doesn't look like a journalist to me,up (powerful figure),journalists,speech,3000000,7553750034450238775
whitehouse,20250926,Everyone mad at the Trump administration for doing Autism research,lateral (institution),Critics of the Trump administration,overlay,637900,7554225045652901175
whitehouse,20250926,"I'm not sure if anyone actually ever listens to what the man is talking about. They just see what's being spread all over social media, and they want to find a reason to hate him.",own-side (gloat),Critics of Donald Trump,speech,637900,7554225045652901175
whitehouse,20250929,domestic terrorists,down (vulnerable),protesters against Trump,overlay,569500,7555637255964986638
whitehouse,20250929,Better run back to your mommies basement!,down (vulnerable),protesters against Trump,overlay,569500,7555637255964986638
whitehouse,20250929,PORTLAND OREGON IS SUCH A SHIT SHOW,up (powerful figure),"Portland, Oregon",overlay,569500,7555637255964986638
whitehouse,20250929,GOTTA CLEAN UP THESE CITIES THESE DEMOCRATIC CITIES,lateral (institution),Democratic Party,overlay,569500,7555637255964986638
whitehouse,20250929,Please get the lunatics off our streets.,down (vulnerable),protesters against Trump,speech,569500,7555637255964986638
whitehouse,20250929,"Please get these people checked into an insane asylum, their mental health figured out.",down (vulnerable),protesters against Trump,speech,569500,7555637255964986638
whitehouse,20251001,Day in the life of a democrat who was asked to keep government open,up (powerful figure),a democrat,overlay,1500000,7556070695604686094
whitehouse,20251001,Just pooping. You know how I be.,up (powerful figure),a democrat,speech,1500000,7556070695604686094
whitehouse,20251001,No work! No work!,up (powerful figure),a democrat,speech,1500000,7556070695604686094
whitehouse,20251001,How can I be productive if I have this one little thing in my brain? That I cannot get out. And that one little thing is a soft pretzel.,up (powerful figure),a democrat,speech,1500000,7556070695604686094
whitehouse,20251001,DEMOCRAT SHUTDOWN,lateral (institution),Democratic Party,caption,737000,7556279665887923511
whitehouse,20251001,When you realize it's not the Republicans who shut down the government...,lateral (institution),Democratic Party,overlay,737000,7556279665887923511
whitehouse,20251001,Democrats steer into a shutdown,lateral (institution),Democratic Party,overlay,737000,7556279665887923511
whitehouse,20251001,Democrats say shutdown necessary to send 'message' to Trump,lateral (institution),Democratic Party,overlay,737000,7556279665887923511
whitehouse,20251001,Democrats Block G.O.P. Spending Extension as Shutdown Looms,lateral (institution),Democratic Party,overlay,737000,7556279665887923511
whitehouse,20251001,Democrats want a government funding fight. But they haven't decided on a plan.,lateral (institution),Democratic Party,overlay,737000,7556279665887923511
whitehouse,20251001,GOV'T SHUTDOWN 'ENTIRELY' BECAUSE DEMOCRATS WANT TO GIVE FREE HEALTH CARE TO ILLEGAL ALIENS,lateral (institution),Democratic Party,overlay,737000,7556279665887923511
whitehouse,20251001,Oh boy.,lateral (institution),Democratic Party,speech,737000,7556279665887923511
whitehouse,20251001,Open the government and the sombrero will stop ✋,lateral (institution),Democratic Party,caption,926800,7556325833107918135
whitehouse,20251001,"Oh, I think it's funny.",up (powerful figure),Hakeem Jeffries,speech,926800,7556325833107918135
whitehouse,20251001,the absurdities of the Democrats positions,lateral (institution),Democratic Party,speech,926800,7556325833107918135
whitehouse,20251001,the absurdity of the Democrats themselves,lateral (institution),Democratic Party,speech,926800,7556325833107918135
whitehouse,20251001,"if you help us reopen the government, the sombrero memes will stop.",up (powerful figure),Hakeem Jeffries,speech,926800,7556325833107918135
whitehouse,20251002,"DON'T BE DUMB, FUND THE GOVERNMENT.",up (powerful figure),Political opponents,overlay,641000,7556666668810800398
whitehouse,20251002,What?,own-side (gloat),Donald Trump,speech,641000,7556666668810800398
whitehouse,20251002,That is so weird.,own-side (gloat),Donald Trump,speech,641000,7556666668810800398
whitehouse,20251002,What's that? Say that again?,own-side (gloat),Donald Trump,speech,641000,7556666668810800398
whitehouse,20251002,What is going on?,own-side (gloat),Donald Trump,speech,641000,7556666668810800398
whitehouse,20251002,DEMOCRAT SHUTDOWN,lateral (institution),Democratic Party,overlay,900100,7556753582435912973
whitehouse,20251002,I'm starting to think that we just don't have enough in common for you to be the one.,up (powerful figure),Hakeem Jeffries,sound,900100,7556753582435912973
whitehouse,20251002,I feel like you're just here for the zipline.,up (powerful figure),Chuck Schumer,sound,900100,7556753582435912973
whitehouse,20251002,*HEALTH CARE FOR CRIMINAL ILLEGAL ALIENS*,lateral (institution),Democratic Party,overlay,900100,7556753582435912973
whitehouse,20251002,*PROTECT CRIMINAL ILLEGAL ALIENS*,lateral (institution),Democratic Party,overlay,900100,7556753582435912973
whitehouse,20251002,All you do all day is go on the zipline.,up (powerful figure),Chuck Schumer,sound,900100,7556753582435912973
whitehouse,20251002,*GIVING HEALTH CARE TO CRIMINAL ILLEGAL ALIENS*,up (powerful figure),Chuck Schumer,overlay,900100,7556753582435912973
whitehouse,20251002,our summer fling is over.,up (powerful figure),Chuck Schumer,sound,900100,7556753582435912973
whitehouse,20251002,You should pack your things and go.,up (powerful figure),Chuck Schumer,sound,900100,7556753582435912973
whitehouse,20251006,The longer the dems keep the gov shutdown the bigger the sombrero gets,lateral (institution),Democratic Party,caption,717000,7558104899855174926
whitehouse,20251006,Nobody likes Democrats anymore.,lateral (institution),Democratic Party,speech,717000,7558104899855174926
whitehouse,20251006,We have no voters left because of all of our woke trans bullshit.,lateral (institution),Democratic Party,speech,717000,7558104899855174926
whitehouse,20251006,Not even black people want to vote for us anymore.,lateral (institution),Democratic Party,speech,717000,7558104899855174926
whitehouse,20251006,Even Latinos hate us.,lateral (institution),Democratic Party,speech,717000,7558104899855174926
whitehouse,20251006,we're just a bunch of woke pieces of shit,lateral (institution),Democratic Party,speech,717000,7558104899855174926
whitehouse,20251006,Nothing beats dems shutting down the gov for criminal illegal alien’s...,lateral (institution),Democratic Party,caption,4400000,7558211116782980366
whitehouse,20251006,criminal illegal alien’s,down (vulnerable),undocumented immigrants,caption,4400000,7558211116782980366
whitehouse,20251007,SEARCHING FOR THE COMMON SENSE THEY LOST,up (powerful figure),Chuck Schumer and Hakeem Jeffries,overlay,716600,7558292201394998583
whitehouse,20251007,THEY DIDN'T FIND IT,up (powerful figure),Chuck Schumer and Hakeem Jeffries,overlay,716600,7558292201394998583
whitehouse,20251009,Wdym you’re keeping the gov shutdown for illegal aliens 😭,lateral (institution),Democratic Party,caption,1500000,7559323527371853070
whitehouse,20251009,Rare aesthetic: Democrat Shutdown,lateral (institution),Democratic Party,overlay,1500000,7559323527371853070
whitehouse,20251016,Guilty as charged,up (powerful figure),critics,caption,1000000,7561608291164409143
whitehouse,20251016,FOR BREAKING THE INTERNET,other,,overlay,1000000,7561608291164409143
whitehouse,20251016,Makes you realize how inactive Biden was,up (powerful figure),Joe Biden,overlay,1000000,7561608291164409143
whitehouse,20251016,This entire page is just rage baiting the Dems,up (powerful figure),The Dems,overlay,1000000,7561608291164409143
whitehouse,20251017,FAFO.,other,Nicolás Maduro,caption,1100000,7562259783189875981
whitehouse,20251017,he doesn't want to fuck around with the United States.,other,Nicolás Maduro,speech,1100000,7562259783189875981
whitehouse,20251017,GULF OF AMERICA,up (powerful figure),Mexico,overlay,521100,7562308900788210999
whitehouse,20251017,DADDY'S HOME,up (powerful figure),Political opponents,overlay,521100,7562308900788210999
whitehouse,20251017,POSTS TRUMP MEME WITH LIGHTSABER,lateral (institution),the media,overlay,521100,7562308900788210999
whitehouse,20251021,We'll be right back.,up (powerful figure),Political opponents,sound,588200,7563818665901083959
whitehouse,20251022,Math ain’t mathing 🤨,lateral (institution),Chuck Schumer / Democrats,caption,794400,7564160560858713399
whitehouse,20251022,Democrat Shutdown,lateral (institution),Democrats,overlay,794400,7564160560858713399
whitehouse,20251022,What we need to do now is get focused and stop pointing fingers.,up (powerful figure),Chuck Schumer,sound,794400,7564160560858713399
whitehouse,20251022,You're a problem.,down (vulnerable),Americans not wanting to pay for illegal criminals' health care,sound,794400,7564160560858713399
whitehouse,20251022,"You're a real, real problem.",down (vulnerable),Americans not wanting to pay for illegal criminals' health care,sound,794400,7564160560858713399
whitehouse,20251023,"Democrats, it’s over.",lateral (institution),Democratic Party,caption,783100,7564433271271017742
whitehouse,20251023,All I can do right now is put on a brave face and go out there and be their leader.,up (powerful figure),Chuck Schumer,sound,783100,7564433271271017742
whitehouse,20251023,It's over. We are screwed.,up (powerful figure),Chuck Schumer,sound,783100,7564433271271017742
whitehouse,20251023,Nahh I’m out,up (powerful figure),Hakeem Jeffries,caption,16700000,7564499904278662455
whitehouse,20251023,nah I'm out,up (powerful figure),Hakeem Jeffries,overlay,16700000,7564499904278662455
whitehouse,20251026,And Dems did nothing…,lateral (institution),Democratic Party,caption,670300,7565315767378382094
whitehouse,20251026,"the social team is still furloughed, but...",lateral (institution),Democratic Party,overlay,670300,7565315767378382094
whitehouse,20251026,Shutdown the government so they can give healthcare to illegal immigrants,lateral (institution),Democratic Party,overlay,670300,7565315767378382094
whitehouse,20251030,IF IT'S SOMETHING WEIRD...,up (powerful figure),Chuck Schumer,overlay,2400000,7567086383890763021
whitehouse,20251030,AND IT DON'T LOOK GOOD...,up (powerful figure),Hakeem Jeffries,overlay,2400000,7567086383890763021
whitehouse,20251030,DEMBUSTERS,lateral (institution),Democratic Party,overlay,2400000,7567086383890763021
whitehouse,20251031,Spookiest clowns there are,lateral (institution),Democratic Party,caption,1000000,7567430629793467661
whitehouse,20251031,(well kinda),lateral (institution),Democrats,overlay,1000000,7567430629793467661
whitehouse,20251031,It was democrats keeping the Gov shut down over free healthcare for illegal aliens,lateral (institution),Democrats,overlay,1000000,7567430629793467661
whitehouse,20251106,lib MELTDOWN,up (powerful figure),liberals,caption,3600000,7569437489031548174
whitehouse,20251106,I'm Fucking FERAL today,up (powerful figure),Donald Trump's opponents,overlay,3600000,7569437489031548174
whitehouse,20251106,Ima keep my vote to myself next time ❤️❤️❤️❤️❤️❤️🥺🥺🥺🥺🥺 yall failing us,up (powerful figure),Donald Trump's opponents,overlay,3600000,7569437489031548174
whitehouse,20251106,What has happened to America? What has happened to democracy? What has happened to freedom?,up (powerful figure),Donald Trump's opponents,speech,3600000,7569437489031548174
whitehouse,20251106,I've been crying for 24 hours.,up (powerful figure),Donald Trump's opponents,speech,3600000,7569437489031548174
whitehouse,20251106,It's over. This country just died.,up (powerful figure),Donald Trump's opponents,speech,3600000,7569437489031548174
whitehouse,20251109,Chuck Schumer living in the world of make believe,up (powerful figure),Chuck Schumer,caption,778400,7570775034025823502
whitehouse,20251109,Wow!,up (powerful figure),Chuck Schumer,sound,778400,7570775034025823502
whitehouse,20251109,The wind of make-believe!,up (powerful figure),Chuck Schumer,sound,778400,7570775034025823502
whitehouse,20251110,Directed by ROBERT B. WEIDE,own-side (gloat),Donald Trump's critics,overlay,10900000,7571162962484841783
whitehouse,20251113,RIP DEMOCRAT SHUTDOWN,lateral (institution),Democratic Party,caption,1700000,7572032437979483406
whitehouse,20251113,Democrat Shutdown - Senate Style Guide,lateral (institution),Democratic Party,overlay,1700000,7572032437979483406
whitehouse,20251113,NY King of Sombreros,up (powerful figure),Chuck Schumer,overlay,1700000,7572032437979483406
whitehouse,20251113,Give free healthcare to illegals,lateral (institution),Democratic Party,overlay,1700000,7572032437979483406
whitehouse,20251113,TRUMP WAS RIGHT ABOUT EVERYTHING,lateral (institution),Democratic Party,overlay,1700000,7572032437979483406
whitehouse,20251113,Weep not on our memories,lateral (institution),Democratic Party,sound,1700000,7572032437979483406
whitehouse,20251117,He's proven the so-called experts completely wrong.,up (powerful figure),so-called experts,speech,1300000,7573823106440039694
whitehouse,20251117,his sharpies working harder than Biden ever did.,up (powerful figure),Joe Biden,speech,1300000,7573823106440039694
whitehouse,20251119,EDUCATION DEPT. CLOSED 🔥,lateral (institution),Department of Education,caption,2700000,7574579215924776205
whitehouse,20251119,if federal bureaucrats are going to PUSH this RADICALISM we should ABOLISH the DEPARTMENT of EDUCATION,up (powerful figure),federal bureaucrats,overlay,2700000,7574579215924776205
whitehouse,20251125,"When I first saw their pictures, I thought we should call them Chuck and Nancy.",up (powerful figure),Chuck Schumer; Nancy Pelosi,speech,4200000,7576761717175242039
whitehouse,20251125,I would never pardon those two people.,up (powerful figure),Chuck Schumer; Nancy Pelosi,speech,4200000,7576761717175242039
whitehouse,20251125,Sleepy Joe Biden,up (powerful figure),Joe Biden,speech,4200000,7576761717175242039
whitehouse,20251125,he used an autopen last year for the turkeys' pardon.,up (powerful figure),Joe Biden,speech,4200000,7576761717175242039
whitehouse,20251125,I have determined that last year's turkey pardons are totally invalid.,up (powerful figure),Joe Biden,speech,4200000,7576761717175242039
whitehouse,20251129,"After 4 years in the Upside Down, President Trump has brought us back...",lateral (institution),Democratic Party,caption,3900000,7578161839834533133
whitehouse,20251201,Have you ever tried this one? Bye-bye 🥰,up (powerful figure),Opponents of U.S. Immigration and Customs Enforcement (ICE),caption,8500000,7578983510929689870
whitehouse,20251201,Have you ever tried this one?,up (powerful figure),Opponents of U.S. Immigration and Customs Enforcement (ICE),sound,8500000,7578983510929689870
whitehouse,20251203,triggering libs,up (powerful figure),libs,overlay,3400000,7579739547697696013
whitehouse,20251204,They spread fake news.,lateral (institution),the media,caption,2600000,7580131784214531341
whitehouse,20251204,We listened (unfortunately) ALL year.,lateral (institution),the media,caption,2600000,7580131784214531341
whitehouse,20251204,Media Bias Offenders,lateral (institution),the media,overlay,2600000,7580131784214531341
whitehouse,20251204,Taste like yours can only be defined one way: SAD!,lateral (institution),the media,overlay,2600000,7580131784214531341
whitehouse,20251204,You complained for THIS many minutes!,lateral (institution),the media,overlay,2600000,7580131784214531341
whitehouse,20251204,Since you were into complaining from Day One.,lateral (institution),the media,overlay,2600000,7580131784214531341
whitehouse,20251204,Your opinion isn't very popular.,lateral (institution),the media,overlay,2600000,7580131784214531341
whitehouse,20251204,Published an unsubstantiated lie to undermine the DOW's anti-terrorist ops.,up (powerful figure),The Washington Post,overlay,2600000,7580131784214531341
whitehouse,20251204,Falsely reported that DOGE had disbanded- It's still saving taxpayers hundreds of millions.,up (powerful figure),Reuters,overlay,2600000,7580131784214531341
whitehouse,20251204,"Demonized the National Guard after two servicemen were shot, one being killed.",up (powerful figure),MSNBC,overlay,2600000,7580131784214531341
whitehouse,20251204,Claimed President Trump is incapable of fulfilling the duties of the Presidency based off of incomplete evidence.,up (powerful figure),The New York Times,overlay,2600000,7580131784214531341
whitehouse,20251204,Omitted vital context to push their own anti-Trump agenda.,up (powerful figure),The Associated Press,overlay,2600000,7580131784214531341
whitehouse,20251204,Your top offenders! Alex Horton & Ellen Nakashima,up (powerful figure),Alex Horton & Ellen Nakashima,overlay,2600000,7580131784214531341
whitehouse,20251205,"If you’re a criminal illegal, you WILL be arrested & deported. ✨",down (vulnerable),undocumented immigrants the administration labels as criminals,caption,25600000,7580477408675892493
whitehouse,20251205,I think I might need to arrest someone for being too illegal.,down (vulnerable),The people being arrested in the video,sound,25600000,7580477408675892493
whitehouse,20251207,Motion detected at your front door 😏,own-side (gloat),Opponents of Donald Trump,caption,3100000,7581221297187818807
whitehouse,20251207,There is a motion at your Front Door,own-side (gloat),Opponents of Donald Trump,overlay,3100000,7581221297187818807
whitehouse,20251208,Why you so obsessed with me?,own-side (gloat),Critics of Donald Trump,sound,4100000,7581525643918183693
whitehouse,20251209,We heard it’s cuffing szn…,down (vulnerable),people being arrested,caption,18500000,7581683711352114463
whitehouse,20251209,IT'S CUFFING SEASON,down (vulnerable),people being arrested,overlay,18500000,7581683711352114463
whitehouse,20251209,Then vs now. 😤,lateral (institution),Biden administration,caption,8600000,7581931799983492365
whitehouse,20251210,All aboard the Deportation Express!,down (vulnerable),Unnamed deported individuals,caption,38400000,7582312611555888439
whitehouse,20251210,Next stop: Back to where you came...,down (vulnerable),Unnamed deported individuals,caption,38400000,7582312611555888439
whitehouse,20251210,THE DEPORTATION EXPRESS,down (vulnerable),Unnamed deported individuals,overlay,38400000,7582312611555888439
whitehouse,20251210,"Tickets, please.",down (vulnerable),Unnamed deported individuals,sound,38400000,7582312611555888439
whitehouse,20251210,"Well, you're coming?",down (vulnerable),Unnamed deported individuals,sound,38400000,7582312611555888439
whitehouse,20251210,You can ride for free.,down (vulnerable),Unnamed deported individuals,sound,38400000,7582312611555888439
whitehouse,20251211,Biden Food Price Increases,up (powerful figure),Biden,overlay,4100000,7582633621937278263
whitehouse,20251211,Biden Price Increase,up (powerful figure),Biden,overlay,4100000,7582633621937278263
whitehouse,20251216,Walking into my work Christmas party knowing that we won the election and haven't stopped winning since,up (powerful figure),Political Opponents,overlay,1700000,7584530763320708365
whitehouse,20251216,And that’s a VERY Merry Christmas to you 😌,up (powerful figure),Political Opponents,caption,1700000,7584530763320708365
whitehouse,20251216,Jingle all the way 🎶,down (vulnerable),criminal illegal aliens,caption,8400000,7584606961157541134
whitehouse,20251216,A FREE FLIGHT,down (vulnerable),criminal illegal aliens,overlay,8400000,7584606961157541134
whitehouse,20251216,Back to the places from which they came,down (vulnerable),criminal illegal aliens,sound,8400000,7584606961157541134
whitehouse,20251216,"Oh, what fun it is to ride A free flight out of our country",down (vulnerable),criminal illegal aliens,sound,8400000,7584606961157541134
whitehouse,20251216,"To any foreign country, as long as it's not here",down (vulnerable),criminal illegal aliens,sound,8400000,7584606961157541134
whitehouse,20251216,"Jingle bells, jingle bells, jingle all the way",down (vulnerable),criminal illegal aliens,sound,8400000,7584606961157541134
whitehouse,20251218,Democrats calendar booked for 2026 already too 😌,lateral (institution),Democratic Party,caption,4700000,7585203475475123470
whitehouse,20251218,Democrats ALL of 2025,lateral (institution),Democratic Party,overlay,4700000,7585203475475123470
whitehouse,20251218,"Four o'clock, wallow in self-pity.",lateral (institution),Democratic Party,sound,4700000,7585203475475123470
whitehouse,20251218,"Four thirty, stare into the abyss.",lateral (institution),Democratic Party,sound,4700000,7585203475475123470
whitehouse,20251218,"Five o'clock, solve world hunger. Tell no one.",lateral (institution),Democratic Party,sound,4700000,7585203475475123470
whitehouse,20251218,"Five thirty, jazzercise.",lateral (institution),Democratic Party,sound,4700000,7585203475475123470
whitehouse,20251218,"Seven o'clock, wrestle with myself loathing.",lateral (institution),Democratic Party,sound,4700000,7585203475475123470
whitehouse,20251218,"lay in bed, stare at the ceiling, and slip slowly into madness.",lateral (institution),Democratic Party,sound,4700000,7585203475475123470
whitehouse,20251230,Fake news.,lateral (institution),the media,speech,2900000,7589663943942081805
whitehouse,20251230,We have a couple of senators here. I just don't particularly like them. So I won't introduce.,up (powerful figure),Unnamed senators,speech,2900000,7589663943942081805
whitehouse,20251230,That they don't know what the fuck they're doing.,up (powerful figure),Political opponents,speech,2900000,7589663943942081805
whitehouse,20251230,I don't know what the fuck their backup needs is.,up (powerful figure),Political opponents,speech,2900000,7589663943942081805
whitehouse,20251231,DADDY'S HOME,up (powerful figure),Joe Biden,overlay,2300000,7590094149332864286
whitehouse,20251231,"And with that, the 2025 season has come to an end.",up (powerful figure),Joe Biden,speech,2300000,7590094149332864286
whitehouse,20260101,ASMR: Illegal Alien Deportation Flight,down (vulnerable),Undocumented immigrants,overlay,2500000,7590542785355304205
whitehouse,20260101,THE DEPORTATION EXPRESS,down (vulnerable),Undocumented immigrants,overlay,2500000,7590542785355304205
whitehouse,20260101,IT'S CUFFING SEASON,down (vulnerable),People being arrested,overlay,2500000,7590542785355304205
whitehouse,20260101,DADDY'S HOME,own-side (gloat),Donald Trump's political opponents,overlay,2500000,7590542785355304205
whitehouse,20260103,FAFO.,other,Nicolás Maduro,caption,82100000,7591235697151855886
whitehouse,20260103,Come get me!,other,Nicolás Maduro,overlay,82100000,7591235697151855886
whitehouse,20260103,I'll wait here in Miraflores,other,Nicolás Maduro,overlay,82100000,7591235697151855886
whitehouse,20260103,Don't take too long,other,Nicolás Maduro,overlay,82100000,7591235697151855886
whitehouse,20260103,Coward!,other,Nicolás Maduro,overlay,82100000,7591235697151855886
whitehouse,20260103,"And now, if you don't know, now you know.",other,Nicolás Maduro,sound,82100000,7591235697151855886
whitehouse,20260104,Nicolas Maduro had his chance - until he didn’t.,other,Nicolás Maduro,caption,18400000,7591331492471655735
whitehouse,20260104,COME GET ME,other,Nicolás Maduro,overlay,18400000,7591331492471655735
whitehouse,20260104,I'LL WAIT FOR HIM HERE,other,Nicolás Maduro,overlay,18400000,7591331492471655735
whitehouse,20260104,DON'T BE LATE,other,Nicolás Maduro,overlay,18400000,7591331492471655735
whitehouse,20260104,IN ARRIVING,other,Nicolás Maduro,overlay,18400000,7591331492471655735
whitehouse,20260104,COWARD!,other,Nicolás Maduro,overlay,18400000,7591331492471655735
whitehouse,20260104,Nicolas Maduro had his chance until he didn't.,other,Nicolás Maduro,speech,18400000,7591331492471655735
whitehouse,20260104,He effed around and he found out.,other,Nicolás Maduro,speech,18400000,7591331492471655735
whitehouse,20260104,"Like, I don't understand yet how they haven't figured this out.",up (powerful figure),US adversaries,speech,18400000,7591331492471655735
whitehouse,20260104,"And now, if you don't know, now you know.",up (powerful figure),US adversaries,speech,18400000,7591331492471655735
whitehouse,20260104,this is not a president that just talks and does letters and press conferences.,up (powerful figure),Other/previous politicians,speech,18400000,7591331492471655735
whitehouse,20260104,Don't play games with this president in office.,up (powerful figure),US adversaries,speech,18400000,7591331492471655735
whitehouse,20260105,"I like the direction you're going in, but I think we need to channel this energy into something more constructive.",own-side (gloat),Donald Trump,sound,4600000,7591998660292971806
whitehouse,20260106,“I take responsibility” - Nancy Patricia Pelosi,up (powerful figure),Nancy Pelosi,caption,7300000,7592371562431483191
whitehouse,20260106,Shut up!,up (powerful figure),The journalist asking the question,overlay,7300000,7592371562431483191
whitehouse,20260106,Why are you coming here with Republican talking points as if you're a serious journalist?,up (powerful figure),The journalist asking the question,overlay,7300000,7592371562431483191
whitehouse,20260106,I take responsibility for not having them,up (powerful figure),Nancy Pelosi,speech,7300000,7592371562431483191
whitehouse,20260106,Damn!,up (powerful figure),Nancy Pelosi,sound,7300000,7592371562431483191
whitehouse,20260108,fake news,lateral (institution),the media,caption,3100000,7593074167298215182
whitehouse,20260108,that's one way to put it.,lateral (institution),CNN / The media,speech,3100000,7593074167298215182
whitehouse,20260108,"The way that the media, by and large, has reported this story has been an absolute disgrace.",lateral (institution),the media,speech,3100000,7593074167298215182
whitehouse,20260108,"a group of left-wing radicals have been working tirelessly, sometimes using domestic terror techniques",up (powerful figure),The unnamed U.S. citizen and her associates,speech,3100000,7593074167298215182
whitehouse,20260108,many people in this room have been lying about this attack.,lateral (institution),the media,speech,3100000,7593074167298215182
whitehouse,20260115,We heard 2026 is the new 2016,up (powerful figure),Political opponents,overlay,1800000,7595646774065384717
whitehouse,20260120,Nicolas Maduro on board the USS Iwo Jima.,up (powerful figure),Nicolás Maduro,overlay,879400,7597486693071080734
whitehouse,20260120,he's the worst president in the history of our country,up (powerful figure),Joe Biden,speech,879400,7597486693071080734
whitehouse,20260120,That's okay. You can just say yes. Okay. It's easier. It's easier than explaining it.,lateral (institution),the media,speech,879400,7597486693071080734
whitehouse,20260120,I think there's something wrong with him.,up (powerful figure),Tim Walz,speech,879400,7597486693071080734
whitehouse,20260123,LOUDER FOR THE PEOPLE IN THE BACK 🗣️,up (powerful figure),the people in the back,caption,3600000,7598396185019288887
whitehouse,20260123,What the fuck?,own-side (gloat),Donald Trump's political opponents,sound,3600000,7598396185019288887
whitehouse,20260123,He cheated!,own-side (gloat),Donald Trump's political opponents,sound,3600000,7598396185019288887
whitehouse,20260124,Kind of a big deal,up (powerful figure),political opponents,caption,2300000,7598783230824746254
whitehouse,20260124,We kick butt.,up (powerful figure),political opponents,sound,2300000,7598783230824746254
whitehouse,20260124,"Oh, you're welcome.",up (powerful figure),political opponents,sound,2300000,7598783230824746254
whitehouse,20260124,You think you can do what I do?,up (powerful figure),political opponents,sound,2300000,7598783230824746254
whitehouse,20260124,I'm kind of a big deal.,up (powerful figure),political opponents,sound,2300000,7598783230824746254
whitehouse,20260127,FEELIN ICY ❄️,down (vulnerable),undocumented immigrants being deported,caption,8000000,7600113052616281375
whitehouse,20260127,The deportations of criminal illegals will continue.,lateral (institution),critics of the administration's immigration policies,caption,8000000,7600113052616281375
whitehouse,20260127,It's a little bit icy.,down (vulnerable),undocumented immigrants being deported,speech,8000000,7600113052616281375
whitehouse,20260127,ICE,down (vulnerable),undocumented immigrants being deported,overlay,8000000,7600113052616281375
whitehouse,20260127,MINNESOTA WORST OF WORST,down (vulnerable),the arrested individuals shown,overlay,8000000,7600113052616281375
whitehouse,20260127,CRIMINAL ILLEGAL ALIEN ARRESTED,down (vulnerable),the arrested individuals shown,overlay,8000000,7600113052616281375
whitehouse,20260203,A secure border? F@$K YA BROTHER 🦅,up (powerful figure),Joe Biden,caption,5300000,7602696263494159629
whitehouse,20260203,Fuckin' hell yeah brother,up (powerful figure),Joe Biden,sound,5300000,7602696263494159629
whitehouse,20260205,dems + illegal criminals = ❤️❤️❤️,lateral (institution),Democratic Party,caption,2300000,7603488846331841805
whitehouse,20260205,Democrats 🤝 Illegal Criminals,lateral (institution),Democratic Party,overlay,2300000,7603488846331841805
whitehouse,20260208,WARNING: President Trump is putting America FIRST,own-side (gloat),Donald Trump's opponents,caption,550400,7604531619118042381
whitehouse,20260208,THE LITERAL WORST OF THE WORST ILLEGAL ALIENS,down (vulnerable),Undocumented immigrants,overlay,550400,7604531619118042381
whitehouse,20260208,HOW DARE HE?,own-side (gloat),Critics of Donald Trump,overlay,550400,7604531619118042381
whitehouse,20260208,radical Democrats' price hikes,lateral (institution),Democrats,speech,550400,7604531619118042381
whitehouse,20260208,the D.C. swamp,up (powerful figure),The D.C. establishment,speech,550400,7604531619118042381
whitehouse,20260210,That's who you guys are protecting.,up (powerful figure),Critics of ICE,speech,1600000,7605329828107128077
whitehouse,20260211,You need an ID for so many things! (except voting in the U.S.),up (powerful figure),opponents of voter ID laws,overlay,686900,7605734083435449614
whitehouse,20260211,So... why not elections?,up (powerful figure),opponents of voter ID laws,overlay,686900,7605734083435449614
whitehouse,20260212,actions > words,lateral (institution),Democratic Party,overlay,681900,7606072209991322910
whitehouse,20260212,So today I want to talk about the term gaslighting.,lateral (institution),Democratic Party,speech,681900,7606072209991322910
whitehouse,20260214,Auto start-stop is officially dead.,up (powerful figure),The 'auto start-stop' car feature,caption,7800000,7606524126735453454
whitehouse,20260214,LEAVING AUTO STOP IN THE DUST...,up (powerful figure),Liberals,overlay,7800000,7606524126735453454
whitehouse,20260216,say less,up (powerful figure),Political opponents,caption,5400000,7607504556402019597
whitehouse,20260217,Exhaustinggg work,lateral (institution),Democratic Party,caption,447500,7607892078386875661
whitehouse,20260217,Democrats after ruining our country for four years straight:,lateral (institution),Democratic Party,overlay,447500,7607892078386875661
whitehouse,20260217,Rest I need.,lateral (institution),Democratic Party,overlay,447500,7607892078386875661
whitehouse,20260217,Rest.,lateral (institution),Democratic Party,overlay,447500,7607892078386875661
whitehouse,20260218,Happy Wednesday to all except those who hate and destroy everything t...,down (vulnerable),political opponents,caption,419500,7608240375274163469
whitehouse,20260218,no I'm taking care of business.,own-side (gloat),Critics of Donald Trump,sound,419500,7608240375274163469
whitehouse,20260218,"...so nice in allowing our Country to be divided, disrupted, carved up, murdered, beaten, mugged, and laughed at...",down (vulnerable),Political establishment / opponents,overlay,419500,7608240375274163469
whitehouse,20260218,"The seriously retarded Governor of Minnesota, Tim Walz",down (vulnerable),Tim Walz,overlay,419500,7608240375274163469
whitehouse,20260218,"the worst ""Congressman/woman"" in our Country, Ilhan Omar",down (vulnerable),Ilhan Omar,overlay,419500,7608240375274163469
whitehouse,20260218,who probably came into the U.S.A. illegally in that you are not allowed to marry your brother,down (vulnerable),Ilhan Omar,overlay,419500,7608240375274163469
whitehouse,20260218,"her place of origin is a decadent, backward, and crime ridden nation",down (vulnerable),Somalia,overlay,419500,7608240375274163469
whitehouse,20260218,Sleepy Joe Biden's Autopen,down (vulnerable),Joe Biden,overlay,419500,7608240375274163469
whitehouse,20260218,"foolish countries throughout the World, for being ""Politically Correct;"" and just STUPID",down (vulnerable),Other countries and Political Correctness,overlay,419500,7608240375274163469
whitehouse,20260218,Perhaps the worst question to have ever been asked. 🤡🤡,lateral (institution),the media,caption,1100000,7608294530831387918
whitehouse,20260218,FAKE NEWS!,lateral (institution),the media,caption,1100000,7608294530831387918
whitehouse,20260218,"YOU'RE KIDDING, RIGHT?",lateral (institution),the media,overlay,1100000,7608294530831387918
whitehouse,20260218,RADICAL DEMOCRATS,lateral (institution),Democratic Party,overlay,1100000,7608294530831387918
whitehouse,20260218,And I'm sure there's many people in this room and on network television across the country who have accused him of the same.,lateral (institution),the media,speech,1100000,7608294530831387918
whitehouse,20260218,Did someone say four more? 👀,up (powerful figure),Political opponents,caption,805300,7608334707461295374
whitehouse,20260218,Four more years!,up (powerful figure),Political opponents,speech,805300,7608334707461295374
whitehouse,20260221,CANT. STOP. WINNING,up (powerful figure),opponents,caption,1800000,7609107196470775053
whitehouse,20260221,"See you Sunday, Canada",up (powerful figure),Canada,caption,1800000,7609107196470775053
whitehouse,20260221,"We're going to win so much, you may even get tired of winning, and you'll say, please, please, it's too much winning. We can't take it anymore. Mr. President, it's too much.",up (powerful figure),opponents,speech,1800000,7609107196470775053
whitehouse,20260222,Silver does NOT shine just as bright,other,Canada,caption,12800000,7609740037386702093
whitehouse,20260222,teach those maple syrup eating f***s a lesson.,other,Canada,speech,12800000,7609740037386702093
whitehouse,20260222,"Canada, we own you, Lil Bro.",other,Canada,speech,12800000,7609740037386702093
whitehouse,20260225,DEMOCRATS RUDELY INTERRUPT THE SPEECH,lateral (institution),Democratic Party,overlay,426600,7610609692741487885
whitehouse,20260225,"""THE BORDER IS SECURE""",up (powerful figure),Joe Biden,overlay,426600,7610609692741487885
whitehouse,20260225,"(HALF) THE CROWD CHANTS ""USA! USA! USA!""",lateral (institution),Democratic Party,overlay,426600,7610609692741487885
whitehouse,20260225,"""ECONOMY IS SO HOT!""",up (powerful figure),Joe Biden,overlay,426600,7610609692741487885
whitehouse,20260225,"SAYS ""AMERICA IS BACK""",up (powerful figure),Joe Biden,overlay,426600,7610609692741487885
whitehouse,20260225,SOMEONE WHO MARRIED BROTHER IN THE AUDIENCE,lateral (institution),A Democratic congressperson,overlay,426600,7610609692741487885
whitehouse,20260225,DEMOCRATS GET MOGGED BY POTUS,lateral (institution),Democratic Party,overlay,426600,7610609692741487885
whitehouse,20260225,WEAK DEMOCRATS STAGE FAILED WALK-OUT,lateral (institution),Democratic Party,overlay,426600,7610609692741487885
whitehouse,20260225,A CONFUSED JOE BIDEN MISTAKENLY SHOWS UP TO DELIVER SPEECH,up (powerful figure),Joe Biden,overlay,426600,7610609692741487885
whitehouse,20260225,FAKE NEWS IMMEDIATELY COMPLAINS ABOUT THE SPEECH,lateral (institution),the media,overlay,426600,7610609692741487885
whitehouse,20260225,SCHUMER OR JEFFRIES WEAR A SOMBRERO,up (powerful figure),Chuck Schumer; Hakeem Jeffries,overlay,426600,7610609692741487885
whitehouse,20260225,DEMOCRATS STAY SEATED WHEN ANGEL FAMILIES ARE RECOGNIZED,lateral (institution),Democratic Party,overlay,426600,7610609692741487885
whitehouse,20260225,"SAYS ""WE WERE A DEAD COUNTRY""",up (powerful figure),Joe Biden,overlay,426600,7610609692741487885
whitehouse,20260225,CAMERA PANS TO MEMBER WITH RBF,lateral (institution),A Democratic congressperson,overlay,426600,7610609692741487885
whitehouse,20260225,Did Nancy Pelosi stand up? Doubt it.,up (powerful figure),Nancy Pelosi,overlay,628000,7610636331890281742
whitehouse,20260225,Did Nancy Pelosi stand up if she's here?,up (powerful figure),Nancy Pelosi,speech,628000,7610636331890281742
whitehouse,20260225,Democrats put Americans LAST.,lateral (institution),Democratic Party,caption,1900000,7610642941823995150
whitehouse,20260225,Isn't that a shame?,lateral (institution),Democratic Party,speech,1900000,7610642941823995150
whitehouse,20260225,You should be ashamed of yourself not standing up.,lateral (institution),Democratic Party,speech,1900000,7610642941823995150
whitehouse,20260225,You should be ashamed of yourself.,lateral (institution),Democratic Party,speech,1900000,7610642941823995150
whitehouse,20260226,Here illegally? You can always find your way back home!,down (vulnerable),Unnamed migrants,caption,9800000,7610986343606390029
whitehouse,20260226,"Receive a $1,000 credit bonus",down (vulnerable),Unnamed migrants,overlay,9800000,7610986343606390029
whitehouse,20260226,you'll always find a way back home,down (vulnerable),Unnamed migrants,sound,9800000,7610986343606390029
whitehouse,20260227,Right out of Venezuela. Goodbye.,other,Venezuela,overlay,1800000,7611669976772037901
whitehouse,20260227,"right out of Venezuela, goodbye everybody",other,Venezuela,speech,1800000,7611669976772037901
whitehouse,20260228,"Khamenei, one of the most evil people in history, is dead.",other,Ali Khamenei,caption,2700000,7612041383788039437
whitehouse,20260228,Khamenei and his gang of bloodthirsty THUGS,other,Ali Khamenei and his associates,overlay,2700000,7612041383788039437
whitehouse,20260228,"Now they can have Immunity, later they only get Death!",up (powerful figure),"Iranian IRGC, Military, and other Security and Police Forces",overlay,2700000,7612041383788039437
whitehouse,20260302,"We didn't start this war, but under President Trump, we are finishing it.",lateral (institution),Previous US administrations,speech,1200000,7612691799844343054
whitehouse,20260302,It turns out the regime who chanted death to America and death to Israel was gifted death from America and death from Israel.,other,The Iranian regime,speech,1200000,7612691799844343054
whitehouse,20260302,"This is not a so-called regime change war, but the regime sure did change, and the world is better off for it.",other,The Iranian regime,speech,1200000,7612691799844343054
whitehouse,20260302,funded and armed by Iranian Quds Force and IRGC killers.,up (powerful figure),Iranian Quds Force and IRGC,speech,1200000,7612691799844343054
whitehouse,20260305,President Trump got the last laugh.,other,Iran,speech,4100000,7613811589757685005
whitehouse,20260305,"I was the hunted, now I’m the hunter",other,Iran/Trump's enemies,caption,4100000,7613811589757685005
whitehouse,20260305,You wanna see me do it again?,down (vulnerable),terrorists,sound,14800000,7613864676010511629
whitehouse,20260309,Can’t say he didn’t warn them.,up (powerful figure),U.S. adversaries / enemies,caption,33900000,7615311745476857101
whitehouse,20260309,I'm gonna bomb the shit out of them.,up (powerful figure),U.S. adversaries / enemies,speech,33900000,7615311745476857101
whitehouse,20260309,Coming in hot 🤫,up (powerful figure),Adversaries,caption,10500000,7615333290102230285
whitehouse,20260309,SHH... THE FIREMAN COMIN.,up (powerful figure),Adversaries,overlay,10500000,7615333290102230285
whitehouse,20260309,"Shhh, fire man, come on.",up (powerful figure),Adversaries,sound,10500000,7615333290102230285
whitehouse,20260309,"If you don’t know, now you know.",up (powerful figure),US adversaries,caption,8000000,7615359059885116685
whitehouse,20260309,Here comes the boom,up (powerful figure),US adversaries,sound,8000000,7615359059885116685
whitehouse,20260311,Experiencing long tsa lines at the airport? Thank a democrat!,lateral (institution),Democratic Party,caption,1200000,7615792455564283150
whitehouse,20260311,And it's completely ridiculous that the American people are suffering as a result of these partisan games that are being played by Democrats on Capitol Hill.,lateral (institution),Democratic Party,speech,1200000,7615792455564283150
whitehouse,20260312,STRIKE 💥🦅,other,IRANIAN REGIME OFFICIALS,caption,8200000,7616166285625347342
whitehouse,20260312,What do you think you are?,other,IRANIAN REGIME OFFICIALS,sound,8200000,7616166285625347342
whitehouse,20260312,Here comes the heat from the U.S.A.,other,IRANIAN REGIME OFFICIALS,speech,8200000,7616166285625347342
whitehouse,20260317,It’s not that hard.,lateral (institution),Democratic Party,caption,3200000,7618216111858912526
whitehouse,20260317,DEMOCRATS,lateral (institution),Democratic Party,overlay,3200000,7618216111858912526
whitehouse,20260317,Voter ID is common sense.,lateral (institution),Democratic Party,overlay,3200000,7618216111858912526
whitehouse,20260317,a scheme to turn them into rentals and make lots of money in doing it,other,Wall Street and large institutional investment firms,speech,2700000,7618263117906136334
whitehouse,20260317,"burdensome, unnecessary regulations that radical liberals imposed on community lenders for the benefit of their donors on Wall Street and, frankly, for the benefit of themselves",up (powerful figure),radical liberals,speech,2700000,7618263117906136334
whitehouse,20260317,"No auto-pen, okay? That's my real signature. It's not an auto-pen like you had in the past.",lateral (institution),Past presidents / previous administrations,speech,2700000,7618263117906136334
whitehouse,20260317,Green News scam,up (powerful figure),The Green New Deal,speech,2700000,7618263117906136334
whitehouse,20260317,"endless, ridiculous regulations",lateral (institution),the Biden administration and many state and local governments,speech,2700000,7618263117906136334
whitehouse,20260317,Thank a Democrat.,lateral (institution),Democratic Party,caption,630600,7618327475482873101
whitehouse,20260317,Democrats' DHS shutdown is causing TSA delays across the country.,lateral (institution),Democratic Party,overlay,630600,7618327475482873101
whitehouse,20260318,$10.5 TRILLION IN 1 YEAR 🤑,up (powerful figure),Political opponents,caption,5000000,7618668141467536653
whitehouse,20260318,TRUMP RIGHT EVERY TIME,up (powerful figure),Critics of Trump,overlay,5000000,7618668141467536653
whitehouse,20260318,22 Million dollars in three Fu*king hours,up (powerful figure),Political opponents,overlay,5000000,7618668141467536653
whitehouse,20260318,$22 billion in three f***ing hours!,up (powerful figure),Political opponents,sound,5000000,7618668141467536653
whitehouse,20260319,Thank a democrat,lateral (institution),Democratic Party,caption,890900,7619088760130555149
whitehouse,20260319,DEMOCRATS' DHS SHUTDOWN:,lateral (institution),Democratic Party,overlay,890900,7619088760130555149
whitehouse,20260319,"Oh no, oh no, oh no no no no no",lateral (institution),Democratic Party,sound,890900,7619088760130555149
whitehouse,20260323,"Hi, @Chuck Schumer is the problem 👋",up (powerful figure),Chuck Schumer,caption,995400,7620507405264227598
whitehouse,20260323,I'M THE PROBLEM,up (powerful figure),Chuck Schumer,overlay,995400,7620507405264227598
whitehouse,20260323,ONE DAY I'LL WATCH AS YOU'RE LEAVING CAUSE YOU GOT TIRED OF MY SCHEMING,up (powerful figure),Chuck Schumer,overlay,995400,7620507405264227598
whitehouse,20260324,What the f*** is wrong with you people?,up (powerful figure),Political opponents,sound,424100,7620870770562026765
whitehouse,20260324,"Well, you know, you gotta do more than that.",up (powerful figure),Political opponents,sound,424100,7620870770562026765
whitehouse,20260324,What is your problem?,up (powerful figure),Political opponents,sound,424100,7620870770562026765
whitehouse,20260324,"Drama, drama, drama.",up (powerful figure),Political opponents,sound,424100,7620870770562026765
whitehouse,20260324,You're not working hard enough!,up (powerful figure),Political opponents,sound,424100,7620870770562026765
whitehouse,20260325,Illegals when they choose to self deport:,down (vulnerable),undocumented immigrants,overlay,2200000,7620999371991108877
whitehouse,20260325,You can always find your way back home,down (vulnerable),undocumented immigrants,caption,2200000,7620999371991108877
whitehouse,20260326,Want to get away? Too bad.,lateral (institution),Democratic Party,speech,692800,7621608560379579679
whitehouse,20260326,Thank a Democrat today.,lateral (institution),Democratic Party,speech,692800,7621608560379579679
whitehouse,20260327,There's been a lot of launches lately. Relax. This one's an app.,lateral (institution),The news media / The news cycle,speech,536700,7621949617353133326
whitehouse,20260329,FUCK ICE,own-side (gloat),Political opponents of Donald Trump,overlay,719300,7622725653682474254
whitehouse,20260330,No one knew that sleepy Joe Biden was doing.,up (powerful figure),Joe Biden,speech,4200000,7623041345925500173
whitehouse,20260330,We had no idea what that guy was doing.,up (powerful figure),Joe Biden,speech,4200000,7623041345925500173
whitehouse,20260330,The good news is he had no idea either.,up (powerful figure),Joe Biden,speech,4200000,7623041345925500173
whitehouse,20260331,Sheridan Gorman’s life was worth far more than 23 seconds on cable tv.,up (powerful figure),cable tv,caption,542400,7623508935659621645
whitehouse,20260331,Mainstream Media Won't Cover the Murder of a Young Woman by an Illegal Alien,lateral (institution),Mainstream Media,overlay,542400,7623508935659621645
whitehouse,20260331,it's despicable that Democrats are currently defunding the department that's responsible for removing illegal aliens like that.,lateral (institution),Democrats,speech,542400,7623508935659621645
whitehouse,20260331,it's despicable that the lack of coverage of this young woman's case,lateral (institution),the media,speech,542400,7623508935659621645
whitehouse,20260331,"a major political party, the Democrat Party, who wants to defund the agency that is responsible for protecting Americans.",lateral (institution),the Democrat Party,speech,542400,7623508935659621645
whitehouse,20260401,"All right, let's go over it again one more time.",own-side (gloat),Marco Rubio,sound,561200,7623891133407513869
whitehouse,20260401,other presidents... refused to act.,up (powerful figure),past presidents,speech,561200,7623891133407513869
whitehouse,20260401,That's right.,own-side (gloat),Marco Rubio,sound,561200,7623891133407513869
whitehouse,20260401,Keep going.,own-side (gloat),Marco Rubio,sound,561200,7623891133407513869
whitehouse,20260401,Continue.,own-side (gloat),Marco Rubio,sound,561200,7623891133407513869
whitehouse,20260401,It's a perfect plan.,own-side (gloat),Donald Trump's mission/plan,sound,561200,7623891133407513869
whitehouse,20260402,"targeting the world's number one state sponsor of terror, Iran.",other,Iran,overlay,659500,7623980335478394126
whitehouse,20260402,the country has been eviscerated and essentially is really no longer a threat.,other,Iran,overlay,659500,7623980335478394126
whitehouse,20260402,"They were the bully of the Middle East, but they're the bully no longer.",other,Iran,overlay,659500,7623980335478394126
whitehouse,20260402,the wickedness of Iranian aggression,other,Iran,overlay,659500,7623980335478394126
whitehouse,20260402,ending Iran's sinister threat to America and the world.,other,Iran,overlay,659500,7623980335478394126
whitehouse,20260406,2026 White House Easter Egg Roll 🤣,up (powerful figure),Joe Biden,caption,996800,7625766624938708237
whitehouse,20260406,Joe Biden would use the autopen.,up (powerful figure),Joe Biden,speech,996800,7625766624938708237
whitehouse,20260406,He was incapable of signing things.,up (powerful figure),Joe Biden,speech,996800,7625766624938708237
whitehouse,20260406,"It's not too good, right?",up (powerful figure),Joe Biden,speech,996800,7625766624938708237
whitehouse,20260406,I can sign autographs.,up (powerful figure),Joe Biden,speech,996800,7625766624938708237
whitehouse,20260409,"The Iranians originally put forward a 10-point plan that was fundamentally unserious, unacceptable, and completely discarded.",other,Iran,speech,457400,7626742798129155342
whitehouse,20260409,It was literally thrown in the garbage by President Trump and his negotiating team.,other,Iran,speech,457400,7626742798129155342
whitehouse,20260409,"Many outlets in this room have falsely reported on that plan as being acceptable to the United States, and that is false.",lateral (institution),the media,speech,457400,7626742798129155342
whitehouse,20260409,The idea that President Trump would ever accept an Iranian wishlist as a deal is completely absurd.,other,Iran,speech,457400,7626742798129155342
whitehouse,20260409,I would strongly advise the media against running with narratives that have no basis in fact.,lateral (institution),the media,speech,457400,7626742798129155342
whitehouse,20260409,What Iran says publicly or feeds to all of you in the press is much different than what they communicate to the United States,other,Iran,speech,457400,7626742798129155342
whitehouse,20260413,"This doesn't look staged, does it?",up (powerful figure),Critics or viewers who would suggest the event is inauthentic,speech,637300,7628300837118364942
whitehouse,20260415,Bumping into your virtue signaling neighbor.,up (powerful figure),virtue signaling neighbor,speech,269100,7629119683072888078
whitehouse,20260422,No panicans,own-side (gloat),Critics of Donald Trump,caption,533800,7631396534612921613
whitehouse,20260422,THE PANICANS OUT THERE,lateral (institution),"THE CRITICS IN THE MEDIA, DEMOCRATS",overlay,533800,7631396534612921613
whitehouse,20260422,"YOU DOUBTED HE WOULD WIN IN 2016, AND YOU WERE PROVEN WRONG.",lateral (institution),"THE CRITICS IN THE MEDIA, DEMOCRATS",overlay,533800,7631396534612921613
whitehouse,20260422,"YOU DOUBTED HE WOULD RETURN TO THE OVAL OFFICE IN 2024, YOU WERE PROVEN WRONG.",lateral (institution),"THE CRITICS IN THE MEDIA, DEMOCRATS",overlay,533800,7631396534612921613
whitehouse,20260422,"AND AGAIN, THEY WERE PROVEN WRONG.",up (powerful figure),JOURNALISTS,overlay,533800,7631396534612921613
whitehouse,20260422,I SUSPECT THIS TIME IS GOING TO BE NO DIFFERENT,lateral (institution),"THE CRITICS IN THE MEDIA, DEMOCRATS",overlay,533800,7631396534612921613
whitehouse,20260427,Staged??? What a disgrace.,up (powerful figure),Critics who claim a shooting was staged,caption,372200,7633515932538637582
whitehouse,20260427,Disgusting...,up (powerful figure),Critics who claim a shooting was staged,overlay,372200,7633515932538637582
whitehouse,20260427,Oh and we're still building the White House Ballroom,up (powerful figure),Critics who claim a shooting was staged,overlay,372200,7633515932538637582
whitehouse,20260427,You're horrible people.,up (powerful figure),Critics who claim a shooting was staged,sound,372200,7633515932538637582
whitehouse,20260427,You're a disgrace.,up (powerful figure),Critics who claim a shooting was staged,sound,372200,7633515932538637582
whitehouse,20260428,Life when N(ICE) is protecting our country,up (powerful figure),critics of ICE,caption,3200000,7633603491956608270
whitehouse,20260428,I want Trump to change ICE to NICE (National Immigration and Customs Enforcement) so the media has to say NICE agents all day everyday,lateral (institution),the media,overlay,3200000,7633603491956608270
whitehouse,20260502,Can we fix it?,up (powerful figure),The political establishment,overlay,1200000,7635303242989079821
whitehouse,20260503,get the hell out,up (powerful figure),Ilhan Omar,speech,2000000,7635714744380443935
whitehouse,20260503,what a phony,up (powerful figure),Ilhan Omar,speech,2000000,7635714744380443935
whitehouse,20260503,I believe she married her brother which is totally illegal,up (powerful figure),Ilhan Omar,speech,2000000,7635714744380443935
whitehouse,20260503,although it's a lovely couple actually,up (powerful figure),Ilhan Omar,speech,2000000,7635714744380443935
whitehouse,20260503,I'm a much younger man than you look at you old guys,up (powerful figure),unidentified older white man with gray hair,speech,2000000,7635714744380443935
whitehouse,20260503,a friend of mine who's extremely fat and very wealthy and very obnoxious,own-side (gloat),an unnamed friend of Donald Trump,speech,2000000,7635714744380443935
whitehouse,20260503,he's a very unattractive individual actually,own-side (gloat),an unnamed friend of Donald Trump,speech,2000000,7635714744380443935
whitehouse,20260503,they got one good line of bullshit,lateral (institution),Democratic Party,speech,2000000,7635714744380443935
whitehouse,20260504,Taking out all the criminals & illegals.,down (vulnerable),criminals and undocumented immigrants,caption,987000,7636063189796523277
whitehouse,20260504,This is the way.,other,,caption,987000,7636063189796523277
whitehouse,20260504,Gangsters or criminals will take out every bad guy in your deck of cards.,down (vulnerable),criminals,speech,987000,7636063189796523277
whitehouse,20260504,8 or 9 more years? 👀👀,own-side (gloat),Donald Trump,caption,538000,7636129912725802254
whitehouse,20260504,"LET'S SAY, EIGHT OR NINE YEARS",own-side (gloat),Donald Trump,overlay,538000,7636129912725802254
whitehouse,20260505,Adios 🪇,down (vulnerable),Unnamed deported individuals,caption,13500000,7636450600665746702
whitehouse,20260505,Cinco de Ported,down (vulnerable),Unnamed deported individuals,overlay,13500000,7636450600665746702
whitehouse,20260511,hoosier daddy,up (powerful figure),political opponents,caption,1100000,7638753662713597198
whitehouse,20260512,"Fire, boom.",up (powerful figure),Political opponents,speech,924100,7639051479894068493
whitehouse,20260512,Once in his sight there’s no going back,up (powerful figure),Political opponents,caption,924100,7639051479894068493
whitehouse,20260512,ENDED DEI,up (powerful figure),DEI policies,overlay,924100,7639051479894068493
whitehouse,20260512,PRIDE 365,up (powerful figure),Lia Thomas,overlay,924100,7639051479894068493
whitehouse,20260512,No men in women's sports,up (powerful figure),Lia Thomas,overlay,924100,7639051479894068493
whitehouse,20260514,... because this is the greatest wall built,up (powerful figure),The Great Wall of China,overlay,967900,7639752053132168462
whitehouse,20260515,Icy 🧊🦉,lateral (institution),Joe Biden's administration,caption,3400000,7639931087254244622
whitehouse,20260517,& now he’s the hunter 🔥,own-side (gloat),Donald Trump's political opponents,caption,1100000,7640868807241649421
whitehouse,20260517,"I was the hunted, and now I'm the hunter.",own-side (gloat),Donald Trump's political opponents,speech,1100000,7640868807241649421
whitehouse,20260518,TRUMP 50.1% | HARRIS 48.4%,up (powerful figure),Kamala Harris,overlay,1100000,7641229529477926158
whitehouse,20260518,"No, not like that.",up (powerful figure),Joe Biden,sound,772000,7641290641913187598
whitehouse,20260519,criminals g2g 👋,down (vulnerable),criminals,caption,1300000,7641592498950917390
whitehouse,20260519,BAD NEWS FOR CRIMINAL ILLEGAL ALIENS,down (vulnerable),CRIMINAL ILLEGAL ALIENS,overlay,1300000,7641592498950917390
whitehouse,20260519,NICE IS DEPORTING TODAY.,down (vulnerable),CRIMINAL ILLEGAL ALIENS,overlay,1300000,7641592498950917390
whitehouse,20260522,if you're not happy here Then you can leave as far as i'm concerned if you hate our country If you're not happy here you can leave,up (powerful figure),critics of the United States,speech,672800,7642537991629573390
whitehouse,20260522,we're gonna win so much you may even get tired of winning and you'll say please please it's too much winning,up (powerful figure),political opponents,speech,672800,7642537991629573390
whitehouse,20260527,They’re kind of obsessed,lateral (institution),Democratic Party,caption,1000000,7644587155313986830
whitehouse,20260527,Democrats doing nothing but talking about President Trump,lateral (institution),Democratic Party,overlay,1000000,7644587155313986830
whitehouse,20260527,I stare at you,lateral (institution),Democratic Party,sound,1000000,7644587155313986830
whitehouse,20260529,ALIENS.GOV,lateral (institution),Democratic Party,caption,1100000,7645123289521687821
whitehouse,20260529,"All right, Andrew, try a little bit smaller thing.",up (powerful figure),Hillary Clinton,speech,1600000,7645357957810588942
whitehouse,20260529,Happy birthday to this future president.,up (powerful figure),Hillary Clinton,overlay,1600000,7645357957810588942
whitehouse,20260529,Only some of us can be President,up (powerful figure),Hillary Clinton,overlay,1600000,7645357957810588942
whitehouse,20260529,Can’t Touch This,up (powerful figure),Hillary Clinton,sound,1600000,7645357957810588942
whitehouse,20260603,When someone is yelling “nokings” but my name is Donald J Trump,own-side (gloat),Donald Trump's critics,overlay,616300,7646962639888813325
whitehouse,20260604,Want deja vu?,up (powerful figure),U.S. immigration policy/enforcement,caption,534200,7647570905752718623
whitehouse,20260604,do you get déjà vu?,up (powerful figure),U.S. immigration policy/enforcement,sound,534200,7647570905752718623
whitehouse,20260608,We heard it’s National best friends day 🥰,lateral (institution),Democratic Party,caption,768800,7649052239629159693
whitehouse,20260608,Democrats ❤️ criminal illegal aliens,lateral (institution),Democratic Party,overlay,768800,7649052239629159693
whitehouse,20260608,FELIZ VIAJE,lateral (institution),Democratic Party,overlay,768800,7649052239629159693
whitehouse,20260608,falling in love with you,lateral (institution),Democratic Party,sound,768800,7649052239629159693
whitehouse,20260608,But it turned out that all we really needed was a new president.,lateral (institution),The previous administration,speech,838600,7649126693675830541
whitehouse,20260609,Bye-bye 👋,down (vulnerable),undocumented immigrants being arrested,caption,3100000,7649426430756916511
whitehouse,20260610,The bully of the Middle East is dead.,other,Iran,caption,2400000,7649743954510023950
whitehouse,20260610,Iran's Military is a complete and total mess.,other,Iran's Military,overlay,2400000,7649743954510023950
whitehouse,20260610,"Much of it, like their Navy and Air Force, doesn't even exist anymore - They have been completely defeated.",other,Iran's Military,overlay,2400000,7649743954510023950
whitehouse,20260610,Iran is all talk and no action.,other,Iran,overlay,2400000,7649743954510023950
whitehouse,20260610,"They've taken too long to negotiate a deal that would have been great for them, now they will have to pay the price!!!",other,Iran,overlay,2400000,7649743954510023950
whitehouse,20260610,Goodbye criminal illegals!,down (vulnerable),Undocumented immigrants,caption,1900000,7649795587851685133
whitehouse,20260610,Good? Bye.,down (vulnerable),Undocumented immigrants,sound,1900000,7649795587851685133
whitehouse,20260611,Embarrassing.,up (powerful figure),Anti-Trump protestors and others depicted in the video,caption,2200000,7650222287307803917
whitehouse,20260611,Look at all those chickens!,up (powerful figure),Anti-Trump protestors and others depicted in the video,sound,2200000,7650222287307803917
whitehouse,20260623,Dems rlly do love criminal illegals more than any stupid song could say,lateral (institution),Democratic Party,caption,436600,7654407454654090509
whitehouse,20260623,Dems' soundtrack to criminal illegal aliens 💕,lateral (institution),Democratic Party,overlay,436600,7654407454654090509
whitehouse,20260623,I want you more than any stupid song could ever say,lateral (institution),Democratic Party,sound,436600,7654407454654090509
whitehouse,20260624,We tried to tell y’all.,other,Critics of America/Trump,caption,1900000,7655010478271335694
whitehouse,20260624,decades of anti-american propaganda obliterated in one summer,other,anti-american propaganda,overlay,1900000,7655010478271335694
whitehouse,20260624,America is nothing like what the media tells us.,lateral (institution),the media,speech,1900000,7655010478271335694
whitehouse,20260624,I feel like I've been lied to my entire life about America.,other,The media / sources of anti-American sentiment,speech,1900000,7655010478271335694
whitehouse,20260627,If you want to hate the U.S. listen to the media,lateral (institution),the media,caption,4200000,7656212594440588558
whitehouse,20260627,USA > everywhere else,up (powerful figure),everywhere else,overlay,4200000,7656212594440588558
whitehouse,20260627,The European mind cannot conceive of the free fountain drink refills,up (powerful figure),Europeans,overlay,4200000,7656212594440588558
whitehouse,20260627,the world is healing,up (powerful figure),Political opponents,overlay,4200000,7656212594440588558
whitehouse,20260629,Even CNN admits showing ID to vote is common sense 👀,up (powerful figure),CNN,caption,881000,7656844514417560845
whitehouse,20260629,but even 71% of Democrats favor photo ID to vote.,lateral (institution),Democratic Party,speech,881000,7656844514417560845
whitehouse,20260630,And they say America has no culture...,own-side (gloat),Donald Trump,overlay,9100000,7656996448935972109
whitehouse,20260701,"they're gonna forget that I got them, nobody's gonna mention it",up (powerful figure),political opponents/media,speech,272500,7657372758136950030
whitehouse,20260701,"I'll run again, and I'll shove it up there",up (powerful figure),political opponents/media,speech,272500,7657372758136950030
whitehouse,20260706,"⚠ WARNING
This product or contains uncured resins.
Exposure may cause irritation.
Use adequate ventilation.
Disconnect to aerate with an air-purifier.",up (powerful figure),tax on tips,overlay,275000,7659539987523849502
democrats,20260205,MAGA HALFTIME SHOW LEAKED,up (powerful figure),MAGA movement,overlay,4300000,7603420473858313485
democrats,20260205,"Young ladies, young ladies, I like 'em underage, see / Some say that's statutory / But I say it's mandatory",up (powerful figure),Kid Rock / MAGA movement,sound,4300000,7603420473858313485
democrats,20241021,DONALD TRUMP IS UNSTABLE AND UNFIT FOR OFFICE,up (powerful figure),Donald Trump,overlay,424300,7428344433499721003
democrats,20241021,"Oh, my God. Oh, my God. Oh, my God.",up (powerful figure),Donald Trump,sound,424300,7428344433499721003
democrats,20250514,me when the american people walk in and catch me accepting a $400M luxury jet bribe from Qatar,up (powerful figure),Donald Trump,overlay,138100,7504345413621779755
democrats,20260317,The worm in RFK Jr's brain convincing him to tell Americans to eat raw milk cheese,up (powerful figure),Robert F. Kennedy Jr.,overlay,988700,7618346695700581646
democrats,20260710,pov: you're watching the downfall of america doc and they finally bring him out,up (powerful figure),Donald Trump,overlay,1200000,7660974669347982605
democrats,20260710,Taco Bell doing more to stop the diarrhea outbreak than Trump admin.,up (powerful figure),Trump admin,overlay,585000,7660999259680034062
democrats,20260710,dr oz shows us how to properly (?) do a squat (???),up (powerful figure),Dr. Oz,overlay,205500,7661009303108652302
democrats,20260713,just defund healthcare and ruin everyone's life,up (powerful figure),Republican politicians,overlay,297100,7662027065234935054
democrats,20260713,wtf happened,up (powerful figure),Donald Trump's return to the presidency,caption,496700,7662033311732141325
democrats,20260713,What the fuck was that?,up (powerful figure),Donald Trump,sound,496700,7662033311732141325
democrats,20260713,take us back 😞,up (powerful figure),People opposed to LGBTQ+ rights,caption,90000,7662051623425838349
democrats,20260713,"when you're having a bad day and can't afford groceries, remember who you're doing it all for...❤️",up (powerful figure),"the ultra-wealthy individuals and politicians shown in the video (Donald Trump, Peter Thiel, Elon Musk, etc.)",overlay,147500,7662065100680858893
democrats,20260713,And I give up forever to touch you,up (powerful figure),"the ultra-wealthy individuals and politicians shown in the video (Donald Trump, Peter Thiel, Elon Musk, etc.)",sound,147500,7662065100680858893
democrats,20260713,These monsters are sick.,up (powerful figure),U.S. Immigration and Customs Enforcement (ICE),overlay,1200000,7662152524123639054
democrats,20260714,evil in a dif universe,up (powerful figure),"Donald Trump, Pete Hegseth, and Stephen Miller",caption,1500000,7662433317236591886
democrats,20260714,the history book on the shelf is always repeating itself,up (powerful figure),"Donald Trump, Pete Hegseth, and Stephen Miller",overlay,1500000,7662433317236591886
democrats,20260715,georgia's senators 😥,own-side (gloat),Georgia's Democratic senators Raphael Warnock and Jon Ossoff,overlay,105900,7662790663003507982
democrats,20260715,DULY 👏 ELECTED 👏,lateral (institution),The Democrats,caption,105900,7662790663003507982
democrats,20260715,"You refuse to answer a basic question about who won a presidential election, but you ask to lead America's intelligence community?",up (powerful figure),Trump's Director of National Intelligence pick,speech,50700,7662847672943971598
democrats,20260715,Isn't it humiliating to be unable to answer this question?,up (powerful figure),Trump's Director of National Intelligence pick,speech,50700,7662847672943971598
democrats,20260715,To have to indulge the president's delusions?,up (powerful figure),Donald Trump,speech,50700,7662847672943971598
democrats,20260716,concerning,up (powerful figure),JD Vance,caption,344200,7663125420115610894
democrats,20260716,WTF,up (powerful figure),JD Vance,overlay,344200,7663125420115610894
democrats,20260716,JD Vance admits Joe Biden eating ice cream makes him think of sex,up (powerful figure),JD Vance,overlay,344200,7663125420115610894
democrats,20260716,He admits it.,up (powerful figure),JD Vance,caption,126200,7663134045093629197
democrats,20260716,"If you wanna say we mishandled the Epstein files, we're guilty",up (powerful figure),JD Vance,overlay,126200,7663134045093629197
democrats,20260716,because of rfk jr. we can’t even have lettuce without risking diarrhea 😭,up (powerful figure),Robert F. Kennedy Jr.,overlay,64200,7663142287945452814
democrats,20260716,ARE YOU TIRED OF WINNING YET?,up (powerful figure),Donald Trump,caption,68800,7663177903370243341
democrats,20260716,whole foods salad bars are shutting down while trump's diarrhea outbreak spreads nationwide,up (powerful figure),Donald Trump,overlay,68800,7663177903370243341
democrats,20260716,she’s bullshitting us,up (powerful figure),Karoline Leavitt,caption,227500,7663221038708215053
democrats,20260716,The White House has a handle on the situation.,lateral (institution),Karoline Leavitt / The White House,overlay,227500,7663221038708215053
democrats,20260716,"Think you the shit, bitch? You not even the fuck",up (powerful figure),Karoline Leavitt,sound,227500,7663221038708215053
democrats,20260717,scary fact: rfk jr is in charge of our health,up (powerful figure),Robert F. Kennedy Jr.,overlay,300000,7663522535740378381
democrats,20260717,trump denying climate change is real in the middle of a heatwave and now these mfers are here,up (powerful figure),Donald Trump,overlay,144900,7663535573902167310
democrats,20260717,Elon gave them a cyber truck wtf,up (powerful figure),Elon Musk,overlay,144900,7663535573902167310
democrats,20260717,retirement home NOW,up (powerful figure),Donald Trump,caption,185900,7663613889413664014
democrats,20260717,trump is literally deteriorating 😳,up (powerful figure),Donald Trump,overlay,185900,7663613889413664014
democrats,20260719,he ruins everything,up (powerful figure),Donald Trump,caption,6800000,7664377834139340045
democrats,20260719,HEARTWARMING: Trump booed at the World Cup,up (powerful figure),Donald Trump,overlay,6800000,7664377834139340045
democrats,20260719,bro thinks he’s on the team,up (powerful figure),Donald Trump,caption,1100000,7664386083592916238
democrats,20260719,why did trump photobomb the world cup champions 😅,up (powerful figure),Donald Trump,overlay,1100000,7664386083592916238
democrats,20260719,Who invited my man blud 😭😭😭,up (powerful figure),Donald Trump,overlay,1100000,7664386083592916238
democrats,20260720,is he ever awake?,up (powerful figure),Donald Trump,caption,405600,7664708965057580301
democrats,20260720,trump falling asleep highlights reel,up (powerful figure),Donald Trump,overlay,405600,7664708965057580301
democrats,20260720,ai is taking jobs away and prices are skyrocketing btw,up (powerful figure),Karoline Leavitt,caption,52500,7664717083657211149
democrats,20260720,"Gen Z and those younger than me have been raised with just silver spoons in their mouths, just getting everything handed to them.",other,Gen Z,speech,52500,7664717083657211149
democrats,20260720,Is it laziness? A little bit.,other,Gen Z,speech,52500,7664717083657211149
democrats,20260721,canada is our strongest ally btw,lateral (institution),Trump administration's trade policy,caption,50900,7665003167574265102
democrats,20260721,why is trump's trade rep saying we have beef with canada 😭,up (powerful figure),Jamieson Greer,overlay,50900,7665003167574265102
democrats,20260721,useless!,up (powerful figure),Donald Trump,caption,123600,7665061845031488781
democrats,20260721,I start to learn how to help the American people.,up (powerful figure),Donald Trump,overlay,123600,7665061845031488781
democrats,20260721,What’s the Trump special?,up (powerful figure),Donald Trump,overlay,123600,7665061845031488781
democrats,20260721,"For example, nothing.",up (powerful figure),Donald Trump,sound,123600,7665061845031488781
democrats,20260721,"For the moment, nothing.",up (powerful figure),Donald Trump,sound,123600,7665061845031488781
democrats,20260721,But I try to be better.,up (powerful figure),Donald Trump,sound,123600,7665061845031488781
democrats,20260722,why is trump so obsessed with human rights abusers?,up (powerful figure),Donald Trump,caption,59700,7665438472571735310
democrats,20260722,"Quasi-slavery is building Qatar's 2022 World Cup stadiums, and FIFA is fine with it",other,FIFA,overlay,59700,7665438472571735310
democrats,20260722,2034 World Cup: FIFA accused of ‘utter negligence’ towards migrant workers in Saudi Arabia,other,FIFA,overlay,59700,7665438472571735310
democrats,20260722,Russia/FIFA: Workers Exploited on World Cup 2018 Stadiums,other,FIFA,overlay,59700,7665438472571735310
democrats,20260722,'Red Card' for Not Delivering on Human Rights Commitments,other,FIFA,overlay,59700,7665438472571735310
democrats,20260722,Fifa accused of failing to adhere to its own human rights commitments,other,FIFA,overlay,59700,7665438472571735310
democrats,20260722,bruh,up (powerful figure),Donald Trump,caption,155100,7665468346959187213
democrats,20260722,why is he so sweaty 😭😭,up (powerful figure),Donald Trump,overlay,155100,7665468346959187213
democrats,20260723,he def forgot,up (powerful figure),JD Vance,overlay,317000,7665792826336169229
democrats,20260723,I don't have to cook anymore because I've got an army of people.,up (powerful figure),JD Vance,speech,317000,7665792826336169229
democrats,20260723,I don't go to the grocery store anymore.,up (powerful figure),JD Vance,speech,317000,7665792826336169229
democrats,20260723,"I fly around on a 757, no more TSA line.",up (powerful figure),JD Vance,speech,317000,7665792826336169229
democrats,20260723,a president who won’’t try to ruin it,up (powerful figure),political opponents,overlay,86700,7665822018771651854
democrats,20260724,the plot has been lost,up (powerful figure),Donald Trump,caption,296900,7666205238948285710
democrats,20260724,why is he calling LeBron a racist 😅,up (powerful figure),Donald Trump,overlay,296900,7666205238948285710
democrats,20260725,????,up (powerful figure),Donald Trump,caption,2800000,7666288771310062861
democrats,20260725,why on EARTH is an 80 yr old man saying this 😳,up (powerful figure),Donald Trump,overlay,2800000,7666288771310062861
democrats,20260725,"But after hearing the gunshots, many people yelled, get down, get down, which caused Nicki Minaj to start twerking.",up (powerful figure),Donald Trump,speech,2800000,7666288771310062861
democrats,20260727,WHO LET HIM POST THAT??,up (powerful figure),Donald Trump,caption,105300,7667256254158392590
democrats,20260727,80 year old man btw,up (powerful figure),Donald Trump,overlay,105300,7667256254158392590
democrats,20260727,full and deep throated,up (powerful figure),Donald Trump,overlay,105300,7667256254158392590
democrats,20260727,ped0phile protector,up (powerful figure),Donald Trump,overlay,134100,7667302410544483598
democrats,20260727,and he’s not wrong!,up (powerful figure),Donald Trump,caption,134100,7667302410544483598
democrats,20260727,thoughts and prayers 🙏,up (powerful figure),Donald Trump,caption,78600,7667312662363032846
democrats,20260727,feel better mr. pond 🙏,up (powerful figure),Donald Trump,overlay,78600,7667312662363032846
democrats,20260727,it's in the hospital now,up (powerful figure),Donald Trump,speech,78600,7667312662363032846
democrats,20260728,he needs an app blocker,up (powerful figure),Donald Trump,caption,84800,7667599926603287822
democrats,20260728,the sound of a rural community being destroyed so trump can post 40+ AI images in one night,up (powerful figure),Donald Trump,overlay,84800,7667599926603287822
democrats,20260729,no public input btw,lateral (institution),Trump administration,caption,58000,7668027279447969037
democrats,20260729,and trump studied it?,up (powerful figure),Donald Trump,caption,94600,7668055495747407117
democrats,20260729,"ROBERT F. KENNEDY JR.
Health & Human Services Secretary",up (powerful figure),Robert F. Kennedy Jr.,overlay,94600,7668055495747407117
democrats,20260729,There's two studies that show children who are circumcised early have double the rate of autism. It's highly likely because they're given Tylenol.,up (powerful figure),Robert F. Kennedy Jr.,speech,94600,7668055495747407117
democrats,20260729,"as a non-doctor, but I've studied this a long time",up (powerful figure),Robert F. Kennedy Jr.,speech,94600,7668055495747407117
democrats,20260730,googly-eyed Kremlin bitch,up (powerful figure),Kash Patel,overlay,100700,7668429549662784781
democrats,20260730,incompetent chud,up (powerful figure),Kash Patel,overlay,100700,7668429549662784781
democrats,20260730,and he lost 🫵🤣,up (powerful figure),Kash Patel,caption,100700,7668429549662784781
whitehouse,20260713,Criminal illegal aliens will be deported 👋,down (vulnerable),undocumented immigrants,caption,3500000,7662022768627584269
whitehouse,20260713,Here illegally? Time to go home.,down (vulnerable),undocumented immigrants,overlay,3500000,7662022768627584269
whitehouse,20260713,"I wanna go home, home, home, home, home, home, home, I wanna go home.",down (vulnerable),undocumented immigrants,sound,3500000,7662022768627584269
whitehouse,20260715,Dems hypocrisy,up (powerful figure),Dems,caption,369500,7662874792005045518
whitehouse,20260715,"If Dems don't want to cheat in elections, why not require Voter ID?",up (powerful figure),Dems,overlay,369500,7662874792005045518
whitehouse,20260715,that seems like you want people to cheat.,lateral (institution),Democratic Party,speech,369500,7662874792005045518
whitehouse,20260715,And this is from the same people that were saying you have to have an ID that shows you've been vaccinated just four years ago to go to a restaurant.,lateral (institution),Democratic Party,speech,369500,7662874792005045518
whitehouse,20260715,"if you don't want to cheat in the election, then just make everybody actually show an ID.",lateral (institution),Democratic Party,speech,369500,7662874792005045518
whitehouse,20260715,I'm not skeptical. I'm accusing them. I think they stole the election.,lateral (institution),Democratic Party,speech,369500,7662874792005045518
whitehouse,20260716,You can’t play cute.,up (powerful figure),unspecified adversaries,caption,364600,7663173231901232398
whitehouse,20260716,NO GAMES.,up (powerful figure),unspecified adversaries,caption,364600,7663173231901232398
whitehouse,20260716,Some are playing a little cute.,up (powerful figure),unspecified adversaries,speech,364600,7663173231901232398
whitehouse,20260716,It doesn't work.,up (powerful figure),unspecified adversaries,speech,364600,7663173231901232398
whitehouse,20260716,You can't play cute with me.,up (powerful figure),unspecified adversaries,speech,364600,7663173231901232398
whitehouse,20260718,And they say America has no culture...,other,critics of American culture,overlay,4900000,7663691382527233293
whitehouse,20260721,FAFO.,other,Iran,caption,376900,7664967777328844045
whitehouse,20260721,"If you f*** around with us, if you do something bad to us, we are going to do things to you that have never been done before.",other,Iran,speech,376900,7664967777328844045
whitehouse,20260721,this terroristic regime,other,Iran's government,speech,376900,7664967777328844045
whitehouse,20260721,"And now, if you don't know, now you know.",up (powerful figure),Trump's opponents/doubters,speech,376900,7664967777328844045
whitehouse,20260721,Don’t bet against the king 😤,own-side (gloat),Opponents of Donald Trump,caption,508900,7665028183342845198
whitehouse,20260721,THE UNITED STATES KING IS COMING BACK,own-side (gloat),Opponents of Donald Trump,overlay,508900,7665028183342845198
whitehouse,20260723,Iran has been warned.,other,Iran,caption,7700000,7665732448562580749
whitehouse,20260723,"Boom, boom, boom, even brighter than the moon, moon, moon",other,Iran,sound,7700000,7665732448562580749
whitehouse,20260723,their policy is an eye for an eye.,up (powerful figure),Political opponents,speech,685000,7665811370885090574
whitehouse,20260723,The president’s policy is a head for an eye.,up (powerful figure),Political opponents,caption,685000,7665811370885090574
whitehouse,20260725,which caused Nicki Minaj to start twerking,up (powerful figure),Nicki Minaj,speech,1100000,7666297049213668622
whitehouse,20260725,this place is the really the largest group of Trump derangement syndrome people ever put together at one time,up (powerful figure),The audience / Trump's critics,speech,1100000,7666297049213668622
whitehouse,20260725,"Bobby Kennedy, who's right here, personally ran over the cow in his car",up (powerful figure),Robert F. Kennedy Jr.,speech,1100000,7666297049213668622
whitehouse,20260725,But then I informed her that it wasn't her on the Bud Light can. It was Dylan Mulvaney.,up (powerful figure),Caitlyn Jenner and Dylan Mulvaney,speech,1100000,7666297049213668622
whitehouse,20260728,It’s all quiet at the border 🤫,up (powerful figure),those who claim the border is quiet,caption,851900,7667597396666240286
whitehouse,20260728,you gotta be real quiet on the creek.,up (powerful figure),those who claim the border is quiet,sound,851900,7667597396666240286
whitehouse,20260730,Fifth amendment,up (powerful figure),Anthony Fauci,speech,2700000,7668400761407098125
whitehouse,20260730,F is for Fifth Amendment,up (powerful figure),Anthony Fauci,caption,2700000,7668400761407098125
whitehouse,20260731,did you forget about back home?,down (vulnerable),people in the country illegally,overlay,425200,7668699000006118669
whitehouse,20260731,Let us remind you if you’re here illegally you’re going home.,down (vulnerable),people in the country illegally,caption,425200,7668699000006118669
republicans,20260710,how we stopped the Democrats communist take over,lateral (institution),the Democrats,overlay,466700,7660907938260798751
republicans,20260710,"I think I've seen this film before, and I didn't like the ending",up (powerful figure),"Zohran Mamdani, Bernie Sanders, and Alexandria Ocasio-Cortez",sound,83100,7661001849805212959
republicans,20260714,YOU CAN BE A COMMUNIST OR YOU CAN BE A PATRIOT YOU CANNOT BE BOTH,up (powerful figure),Political opponents,overlay,28900,7662402711249227039
republicans,20260714,Someone check on Chuck Schumer 💨🤢,up (powerful figure),Chuck Schumer,overlay,50600,7662438008255270158
republicans,20260714,Letting it rip on the senate floor ig 😬,up (powerful figure),Chuck Schumer,caption,50600,7662438008255270158
republicans,20260715,"I don't really care, Margaret.",up (powerful figure),Margaret Brennan,speech,69500,7662758494130539789
republicans,20260715,People bought my book. That's the difference.,up (powerful figure),Gavin Newsom,speech,69500,7662758494130539789
republicans,20260715,"Well, that's very tough rhetoric from a guy who just quit because his fraudulent activities have been uncovered.",up (powerful figure),an unnamed political opponent,speech,69500,7662758494130539789
republicans,20260715,"Look, Tim Walsh is a joke.",up (powerful figure),Tim Walz,speech,69500,7662758494130539789
republicans,20260715,"It bothers me, like, that they're just terrible people.",lateral (institution),Congressional Democrats,speech,69500,7662758494130539789
republicans,20260715,Joe Rogan tears into the Left over voter ID.,up (powerful figure),the Left,overlay,34500,7662821619634654477
republicans,20260715,Do you think other races are incapable of going to the DMV?,up (powerful figure),People who say voter ID is racist,speech,34500,7662821619634654477
republicans,20260715,That's insane.,up (powerful figure),The argument that voter ID is racist,speech,34500,7662821619634654477
republicans,20260715,That's racist. It's actually super racist.,up (powerful figure),The argument that voter ID is racist,speech,34500,7662821619634654477
republicans,20260715,Most Americans are voter ID. They want voter ID except for operatives.,up (powerful figure),operatives,speech,34500,7662821619634654477
republicans,20260717,unless you want to cheat?,up (powerful figure),Political opponents,speech,19200,7663497804366597389
republicans,20260717,The only reason you wouldn't do it is you want to cheat,up (powerful figure),Political opponents,speech,19200,7663497804366597389
republicans,20260717,your policies are so bad,up (powerful figure),Political opponents,speech,19200,7663497804366597389
republicans,20260717,BECAUSE YOUR POLICIES ARE SO BAD,up (powerful figure),Political opponents,overlay,19200,7663497804366597389
republicans,20260717,your candidates are so pathetic,up (powerful figure),Political opponents' candidates,speech,19200,7663497804366597389
republicans,20260717,AND YOUR CANDIDATES ARE SO PATHETIC,up (powerful figure),Political opponents' candidates,overlay,19200,7663497804366597389
republicans,20260717,that you can't get away or can't get elected any other way.,up (powerful figure),Political opponents' candidates,speech,19200,7663497804366597389
republicans,20260717,THAT YOU CAN'T OR CAN'T GET ELECTED ANY OTHER WAY.,up (powerful figure),Political opponents' candidates,overlay,19200,7663497804366597389
republicans,20260717,Maine Democrat Core 🤡🤡,lateral (institution),Maine Democrats,caption,548100,7663591350352235806
republicans,20260717,ELIZABETH DICKERS,up (powerful figure),A candidate named Elizabeth,overlay,548100,7663591350352235806
republicans,20260717,"I'm a songwriter, and then I write my own books.",up (powerful figure),The Democratic candidate speaking,speech,548100,7663591350352235806
republicans,20260717,Go jump in the Gulf of Maine.,up (powerful figure),The Democratic candidate speaking,speech,548100,7663591350352235806
republicans,20260717,Is everyone on this panel? It's incredible. It's amazing.,up (powerful figure),The other Democratic candidates on the panel,speech,548100,7663591350352235806
republicans,20260717,I was trillionaire.,up (powerful figure),The Democratic candidate speaking,speech,548100,7663591350352235806
republicans,20260717,"you've gone 35 seconds, and you didn't give me any specifics.",up (powerful figure),The Democratic candidate being addressed,speech,548100,7663591350352235806
republicans,20260717,I just want to use the bathroom.,up (powerful figure),The Democratic candidate speaking,speech,548100,7663591350352235806
republicans,20260717,I love it when it gets light in the morning and gets dark at 8 o'clock or 9 o'clock. That's my favorite.,up (powerful figure),The Democratic candidate speaking,speech,548100,7663591350352235806
republicans,20260717,The reputation of the Democratic Party is in the toilet.,lateral (institution),Democratic Party,speech,548100,7663591350352235806
republicans,20260720,Democrats are cowardly...,lateral (institution),Democratic Party,overlay,32100,7664601235026201870
republicans,20260720,EVERY DAY I HEAR ABOUT A NEW RADICAL,lateral (institution),Democratic Party,overlay,32100,7664601235026201870
republicans,20260720,"Their party is being taken over now by, you know, every day I hear about a new very radical.",lateral (institution),Democratic Party,speech,32100,7664601235026201870
republicans,20260720,"I wasn't going to go along with some of this crazy stuff on the left, too.",up (powerful figure),the left / progressives,speech,32100,7664601235026201870
republicans,20260720,"when we're cheering for the Intifada, I got them out.",up (powerful figure),the left / progressives,speech,32100,7664601235026201870
republicans,20260722,"I was the hunted, and now I'm the hunter.",own-side (gloat),Donald Trump's political opponents,speech,28500,7665385473325518111
republicans,20260723,"WITH COMMUNISM, EVERYTHING TURNS TO SHIT.",up (powerful figure),Communism,overlay,25000,7665721142732180749
republicans,20260723,"With communism, everything turns to shit, okay?",up (powerful figure),Communism,speech,25000,7665721142732180749
republicans,20260724,how we stopped the Democrats from rigging U.S. elections,lateral (institution),the Democrats,overlay,136300,7665893533886287117
republicans,20260724,Deportationmaxxing 😎,down (vulnerable),Opponents of mass deportation and immigrants,caption,185100,7666094037325106462
republicans,20260724,We're deportation maxing,down (vulnerable),Opponents of mass deportation and immigrants,speech,185100,7666094037325106462
republicans,20260724,"Shh, quiet on the creek",down (vulnerable),Immigrants,sound,185100,7666094037325106462
republicans,20260727,"Oh nothing, just thankful Joe Biden is no longer our President",up (powerful figure),Joe Biden,overlay,75100,7667303622081924383
republicans,20260727,this is what dreams are made of,up (powerful figure),Joe Biden,sound,75100,7667303622081924383
republicans,20260728,"Hide the money, y'all. There's poor people around.",lateral (institution),The DNC,sound,17300,7667658742225227038
republicans,20260728,With your broke ass.,lateral (institution),The DNC,sound,17300,7667658742225227038
republicans,20260729,FAUCI GOING HOME TO HIS DIARY TODAY AFTER BEING OBLITERATED IN HIS HEARING,up (powerful figure),Anthony Fauci,overlay,8650,7667999731250973965
republicans,20260729,This girl is the nastiest skank bitch I've ever met. Do NOT TRUST HER. She is a fugly slut.,up (powerful figure),Anthony Fauci,overlay,8650,7667999731250973965
republicans,20260729,This girl is the nastiest skank bitch I've ever met. Do not trust her. She is a bugly slut.,up (powerful figure),Anthony Fauci,sound,8650,7667999731250973965
republicans,20260729,Americans agree: the Democrat Party sucks,lateral (institution),the Democrat Party,overlay,39600,7668031101184625933
republicans,20260729,We're talking down there with the Titanic.,lateral (institution),Democratic Party net favorability,speech,39600,7668031101184625933
republicans,20260729,We're talking 24 points underwater.,lateral (institution),Democratic Party net favorability,speech,39600,7668031101184625933
republicans,20260729,"It's just a terrible, terrible, terrible brand.",lateral (institution),Democratic Party,speech,39600,7668031101184625933
republicans,20260729,Why is the Democratic brand so terrible?,up (powerful figure),The Democratic brand,speech,39600,7668031101184625933
republicans,20260729,"the Democratic Party is out of the mainstream, out of the frame",lateral (institution),Democratic Party,speech,39600,7668031101184625933
republicans,20260731,But the flyovers will indeed continue until we're out of the house.,up (powerful figure),political opponents,speech,10600,7668749917220850974
