id,account,url,title,description,upload_date,duration,view_count,like_count,comment_count,repost_count,tags,track,track_artist,is_photo_carousel
7668725528009903374,democrats,https://www.tiktok.com/@democrats/video/7668725528009903374,he is vile ,he is vile ,20260731,15,450100,79100,462,4881,,original sound,Geeked616,False
7668429549662784781,democrats,https://www.tiktok.com/@democrats/video/7668429549662784781,and he lost 🫵🤣,and he lost 🫵🤣,20260730,8,100700,13700,243,486,,original sound,Shadyoufunny,False
7668412991318134030,democrats,https://www.tiktok.com/@democrats/video/7668412991318134030,how does this even happen 🫠,how does this even happen 🫠,20260730,29,58400,4577,65,209,,grooby ahh TikTok sound,Ken'z,False
7668372460709891342,democrats,https://www.tiktok.com/@democrats/video/7668372460709891342,time to send republicans home ,time to send republicans home ,20260730,11,91600,12400,299,233,,original sound,CC.FK,False
7668362512995192077,democrats,https://www.tiktok.com/@democrats/video/7668362512995192077,shameful ,shameful ,20260730,50,81500,6596,171,124,,original sound,r,False
7668073563919830286,democrats,https://www.tiktok.com/@democrats/video/7668073563919830286,run it back ,run it back ,20260729,17,71000,6410,119,81,,original sound - 1_ilith,1_ilith,False
7668055495747407117,democrats,https://www.tiktok.com/@democrats/video/7668055495747407117,and trump studied it?,and trump studied it?,20260729,17,94600,4657,244,1449,,original sound,Democrats,False
7668027279447969037,democrats,https://www.tiktok.com/@democrats/video/7668027279447969037,no public input btw,no public input btw,20260729,11,58000,7846,73,342,,original sound,¥,False
7667980198406556941,democrats,https://www.tiktok.com/@democrats/video/7667980198406556941,🙂‍↕️👏,🙂‍↕️👏,20260729,36,143500,25000,147,654,,original sound,lyrically,False
7667689589724810510,democrats,https://www.tiktok.com/@democrats/video/7667689589724810510,"a tx cop used 83,000 flock camera to track down a woman for getting a...","a tx cop used 83,000 flock camera to track down a woman for getting an abortion  ",20260728,34,153500,15700,278,667,,original sound,Lovely,False
7667650659822472461,democrats,https://www.tiktok.com/@democrats/video/7667650659822472461,and he help georgia ,and he help georgia ,20260728,15,112900,13500,251,636,,original sound,fivebarbedsun,False
7667599926603287822,democrats,https://www.tiktok.com/@democrats/video/7667599926603287822,he needs an app blocker ,he needs an app blocker ,20260728,10,84800,8417,137,325,,GAS747 Paul Gas Sera,paulsera.com | GAS747,False
7667312662363032846,democrats,https://www.tiktok.com/@democrats/video/7667312662363032846,thoughts and prayers 🙏,thoughts and prayers 🙏,20260727,15,78600,5706,120,706,,original sound,Democrats,False
7667302410544483598,democrats,https://www.tiktok.com/@democrats/video/7667302410544483598,and he’s not wrong! ,and he’s not wrong! ,20260727,22,134100,17600,217,627,,original sound,Democrats,False
7667256254158392590,democrats,https://www.tiktok.com/@democrats/video/7667256254158392590,WHO LET HIM POST THAT??,WHO LET HIM POST THAT??,20260727,6,105300,6333,122,1134,,original sound,SpongeBob background music,False
7667236250847382798,democrats,https://www.tiktok.com/@democrats/video/7667236250847382798,💙,💙,20260727,13,58800,5348,180,51,,sonido original,Sara A. M.,False
7666633505190825230,democrats,https://www.tiktok.com/@democrats/video/7666633505190825230,CONGRATS TROY 🔥👏,CONGRATS TROY 🔥👏,20260726,35,77600,3394,62,18,,original sound - user10573858384,user10573858384,False
7666288771310062861,democrats,https://www.tiktok.com/@democrats/video/7666288771310062861,????,????,20260725,12,2800000,271200,2447,72400,,original sound,Democrats,False
7666205238948285710,democrats,https://www.tiktok.com/@democrats/video/7666205238948285710,the plot has been lost ,the plot has been lost ,20260724,17,296900,27500,382,7196,,original sound,Democrats,False
7666184738222198029,democrats,https://www.tiktok.com/@democrats/video/7666184738222198029,legendary link-up 🙂‍↕️,legendary link-up 🙂‍↕️,20260724,80,58100,3480,103,31,,original sound,Democrats,False
7666168838936972558,democrats,https://www.tiktok.com/@democrats/video/7666168838936972558,everyone say thank you Gov. Shapiro ,everyone say thank you Gov. Shapiro ,20260724,16,58000,2255,59,63,,som original,Lyrics™,False
7666147384354770190,democrats,https://www.tiktok.com/@democrats/video/7666147384354770190,THE SUN WILL SHINE AGAIN,THE SUN WILL SHINE AGAIN,20260724,12,973700,263500,1786,17500,,original sound,RogueMillennial,False
7666136288545803534,democrats,https://www.tiktok.com/@democrats/video/7666136288545803534,happy lebron james day to all who celebrate ,happy lebron james day to all who celebrate ,20260724,27,82400,5721,56,488,,original sound,𝖀𝖑𝖙𝖎𝖒𝖔 🇧🇼,False
7665822018771651854,democrats,https://www.tiktok.com/@democrats/video/7665822018771651854,PLEASE PLEASE PLEASE 🙏,PLEASE PLEASE PLEASE 🙏,20260723,40,86700,11000,170,240,,original sound,logan,False
7665792826336169229,democrats,https://www.tiktok.com/@democrats/video/7665792826336169229,hmm 🤔 ,hmm 🤔 ,20260723,18,317000,25900,240,538,,original sound,Tez.,False
7665785358864485646,democrats,https://www.tiktok.com/@democrats/video/7665785358864485646,disgusting ,disgusting ,20260723,15,484000,59200,493,3548,,original sound,⋆˚ʚ katie ɞ˚⋆,False
7665468346959187213,democrats,https://www.tiktok.com/@democrats/video/7665468346959187213,bruh,bruh,20260722,7,155100,9556,541,453,,original sound,HighlightHub,False
7665460174227901710,democrats,https://www.tiktok.com/@democrats/video/7665460174227901710,"Rest in Peace, Angel ","Rest in Peace, Angel ",20260722,19,121800,12400,119,119,,original sound,irenic.,False
7665438472571735310,democrats,https://www.tiktok.com/@democrats/video/7665438472571735310,why is trump so obsessed with human rights abusers?,why is trump so obsessed with human rights abusers?,20260722,25,59700,1686,38,28,,Originalton,🎶🎧✨,False
7665403650029686030,democrats,https://www.tiktok.com/@democrats/video/7665403650029686030,GOAT,GOAT,20260722,369,1900000,113000,1713,6248,,original sound,Democrats,False
7665381742835993869,democrats,https://www.tiktok.com/@democrats/video/7665381742835993869,GO AWAY! ,GO AWAY! ,20260722,10,52000,1888,43,35,,original sound,Ghost Misadventures,False
7665377520602189070,democrats,https://www.tiktok.com/@democrats/video/7665377520602189070,🤨,🤨,20260722,7,53900,2421,106,37,,original sound,Democrats,False
7665168154926058766,democrats,https://www.tiktok.com/@democrats/video/7665168154926058766,THAT’S OUR GOVERNOR 🔥,THAT’S OUR GOVERNOR 🔥,20260722,21,101400,13700,270,257,,original sound,kiariariari,False
7665090896517483789,democrats,https://www.tiktok.com/@democrats/video/7665090896517483789,"when’s he’s right, he’s right","when’s he’s right, he’s right",20260721,10,60300,3227,69,35,,original sound,Democrats,False
7665061845031488781,democrats,https://www.tiktok.com/@democrats/video/7665061845031488781,useless! ,useless! ,20260721,8,123600,14100,159,1291,,Originalton,✝️🇹🇬,False
7665055602447551757,democrats,https://www.tiktok.com/@democrats/video/7665055602447551757,TikTok video #7665055602447551757,,20260721,39,99700,8837,121,138,,original sound,𝑬𝒅𝒊𝒕𝒆𝒅 𝑨𝒖𝒅𝒊𝒐𝒔 ♡,False
7665028358060723469,democrats,https://www.tiktok.com/@democrats/video/7665028358060723469,trump ruins everything,trump ruins everything,20260721,7,435500,83500,213,7998,,original sound,,False
7665013402447760654,democrats,https://www.tiktok.com/@democrats/video/7665013402447760654,just reminiscing 😔,just reminiscing 😔,20260721,42,74500,6394,71,37,,original sound,lala,False
7665003167574265102,democrats,https://www.tiktok.com/@democrats/video/7665003167574265102,canada is our strongest ally btw ,canada is our strongest ally btw ,20260721,27,50900,1143,52,22,,original sound,Democrats,False
7664735572858080525,democrats,https://www.tiktok.com/@democrats/video/7664735572858080525,TikTok video #7664735572858080525,,20260720,50,2400000,372300,2083,7307,,original sound,r,False
7664717083657211149,democrats,https://www.tiktok.com/@democrats/video/7664717083657211149,ai is taking jobs away and prices are skyrocketing btw,ai is taking jobs away and prices are skyrocketing btw,20260720,27,52500,1832,86,14,,original sound,Democrats,False
7664708965057580301,democrats,https://www.tiktok.com/@democrats/video/7664708965057580301,is he ever awake?,is he ever awake?,20260720,15,405600,66500,844,3986,,original sound,pickledporcupine4,False
7664694038901116174,democrats,https://www.tiktok.com/@democrats/video/7664694038901116174,"love is more powerful than hate, always ❤️","love is more powerful than hate, always ❤️",20260720,13,294500,76800,166,1560,,original sound,editsbyresa,False
7664642022263016718,democrats,https://www.tiktok.com/@democrats/video/7664642022263016718,TikTok video #7664642022263016718,,20260720,123,172600,17600,178,204,,original sound,🎶 Sped Up Songs 🎶,False
7664386083592916238,democrats,https://www.tiktok.com/@democrats/video/7664386083592916238,bro thinks he’s on the team,bro thinks he’s on the team,20260719,13,1100000,174000,1038,15000,,Originalton,delian,False
7664377834139340045,democrats,https://www.tiktok.com/@democrats/video/7664377834139340045,he ruins everything,he ruins everything,20260719,21,6800000,1200000,5289,68800,,original sound,Democrats,False
7663613889413664014,democrats,https://www.tiktok.com/@democrats/video/7663613889413664014,retirement home NOW,retirement home NOW,20260717,30,185900,12000,341,388,,original sound,Yung Chastity Cage,False
7663558946443021581,democrats,https://www.tiktok.com/@democrats/video/7663558946443021581,💔,💔,20260717,28,375100,74900,567,5727,,Waiting 4 ur call,Ⳋᰍ　Cole    ♥︎'ₛ　Ghostly　 ₎₎,False
7663548135645498637,democrats,https://www.tiktok.com/@democrats/video/7663548135645498637,TikTok video #7663548135645498637,,20260717,59,157300,13500,69,86,,original sound,"ɕ𐒅ׄι̊೩kι̊⠀♡'s⠀ຣꪮຖι̊೩, kყໃ೩𐐲",False
7663535573902167310,democrats,https://www.tiktok.com/@democrats/video/7663535573902167310,🫩,🫩,20260717,9,144900,18500,122,1475,,som original,@starwarsmix,False
7663522535740378381,democrats,https://www.tiktok.com/@democrats/video/7663522535740378381,😨,😨,20260717,9,300000,13900,353,198,,you,d2s1,False
7663514694895832333,democrats,https://www.tiktok.com/@democrats/video/7663514694895832333,He had a known history of abuse. ICE hired him anyway. ,He had a known history of abuse. ICE hired him anyway. ,20260717,42,747700,112100,719,11600,,original sound,Democrats,False
7663249784894983437,democrats,https://www.tiktok.com/@democrats/video/7663249784894983437,americans are what make us great ❤️,americans are what make us great ❤️,20260716,26,177800,25300,205,924,,sonido original,Carli,False
7663221038708215053,democrats,https://www.tiktok.com/@democrats/video/7663221038708215053,she’s bullshitting us ,she’s bullshitting us ,20260716,39,227500,10900,75,84,,original sound,☆,False
7663211364357541134,democrats,https://www.tiktok.com/@democrats/video/7663211364357541134,trump’s surveillance state ,trump’s surveillance state ,20260716,19,159100,19800,281,1007,,original sound,‍.,False
7663177903370243341,democrats,https://www.tiktok.com/@democrats/video/7663177903370243341,ARE YOU TIRED OF WINNING YET?,ARE YOU TIRED OF WINNING YET?,20260716,20,68800,4297,151,124,,original sound,Storage,False
7663159307910892813,democrats,https://www.tiktok.com/@democrats/video/7663159307910892813,survivors deserve better than todd blanche.,survivors deserve better than todd blanche.,20260716,42,67900,5024,47,46,,original sound,lyricalmelody,False
7663142287945452814,democrats,https://www.tiktok.com/@democrats/video/7663142287945452814,miss her 💔,miss her 💔,20260716,12,64200,7161,64,102,,lover you shouldve come over,exprxsss,False
7663134045093629197,democrats,https://www.tiktok.com/@democrats/video/7663134045093629197,He admits it.,He admits it.,20260716,92,126200,5327,80,119,,original sound,Democrats,False
7663125420115610894,democrats,https://www.tiktok.com/@democrats/video/7663125420115610894,concerning,concerning,20260716,15,344200,22300,545,3982,,original sound,Democrats,False
7662895820143971597,democrats,https://www.tiktok.com/@democrats/video/7662895820143971597,TikTok video #7662895820143971597,,20260715,60,986900,90300,749,3436,,original sound,trav,False
7662867775332928782,democrats,https://www.tiktok.com/@democrats/video/7662867775332928782,disgusting ,disgusting ,20260715,17,375600,33700,322,867,,orijinal ses,L,False
7662847672943971598,democrats,https://www.tiktok.com/@democrats/video/7662847672943971598,👏,👏,20260715,70,50700,2025,40,19,,original sound,Democrats,False
7662798180488154382,democrats,https://www.tiktok.com/@democrats/video/7662798180488154382,this is horrible ,this is horrible ,20260715,12,463700,116800,721,5295,,original sound,Kyra Bonik | CoutureCaballo,False
7662790663003507982,democrats,https://www.tiktok.com/@democrats/video/7662790663003507982,DULY 👏 ELECTED 👏,DULY 👏 ELECTED 👏,20260715,10,105900,15300,122,142,,original sound,Donald_Freak,False
7662781971357093134,democrats,https://www.tiktok.com/@democrats/video/7662781971357093134,TikTok video #7662781971357093134,,20260715,21,98100,7545,49,99,,original sound,. ♬ ❦,False
7662491666217012494,democrats,https://www.tiktok.com/@democrats/video/7662491666217012494,they should be alive today.,they should be alive today.,20260714,22,412000,71800,454,1681,,Originalton,sensed,False
7662483849070464270,democrats,https://www.tiktok.com/@democrats/video/7662483849070464270,TikTok video #7662483849070464270,,20260714,2,140700,5709,70,222,,original sound,Storage,False
7662443426872413453,democrats,https://www.tiktok.com/@democrats/video/7662443426872413453,👑,👑,20260714,16,513900,120300,281,4584,,original lyd – 𝙆𝙖𝙥𝙞,𝙆𝙖𝙥𝙞,False
7662433317236591886,democrats,https://www.tiktok.com/@democrats/video/7662433317236591886,evil in a dif universe ,evil in a dif universe ,20260714,8,1500000,229300,1641,61800,,Waterloo,𝐓𝐇𝐄𝐎𝐓𝐇𝐄𝐑𝐖6𝐌𝐀𝐍: ̗̀➛,False
7662425476585098509,democrats,https://www.tiktok.com/@democrats/video/7662425476585098509,TikTok video #7662425476585098509,,20260714,37,455200,52700,439,2045,,original sound,mymusictastteee,False
7662412723967364365,democrats,https://www.tiktok.com/@democrats/video/7662412723967364365,"Rest in peace, Joan Sebastian Guerrero.","Rest in peace, Joan Sebastian Guerrero.",20260714,8,7800000,1300000,9448,50700,,sonido original,Gianfranco,False
7662404534068694286,democrats,https://www.tiktok.com/@democrats/video/7662404534068694286,TikTok video #7662404534068694286,,20260714,39,1600000,264800,2618,9790,,original sound,𝑬𝒅𝒊𝒕𝒆𝒅 𝑨𝒖𝒅𝒊𝒐𝒔 ♡,False
7662152524123639054,democrats,https://www.tiktok.com/@democrats/video/7662152524123639054,Two times in one week. ,Two times in one week. ,20260713,19,1200000,251300,1468,11200,,original sound,𖡎,False
7662117404746485005,democrats,https://www.tiktok.com/@democrats/video/7662117404746485005,🌊🔜,🌊🔜,20260713,18,84600,6677,202,69,,original sound,Brooklyn Grace,False
7662102701194448142,democrats,https://www.tiktok.com/@democrats/video/7662102701194448142,mamdani’s PIT crew initiative 🙌,mamdani’s PIT crew initiative 🙌,20260713,12,61300,2990,69,39,,lucki xcx,mikal,False
7662065100680858893,democrats,https://www.tiktok.com/@democrats/video/7662065100680858893,Wow. ❤️,Wow. ❤️,20260713,11,147500,16600,196,1123,,original sound - scutiefy_17,scutiefy_17,False
7662051623425838349,democrats,https://www.tiktok.com/@democrats/video/7662051623425838349,take us back 😞,take us back 😞,20260713,45,90000,7015,73,49,,eredeti hang,starsoverlays,False
7662033311732141325,democrats,https://www.tiktok.com/@democrats/video/7662033311732141325,wtf happened ,wtf happened ,20260713,5,496700,92700,570,4257,,original sound,★ Ame ★,False
7662027065234935054,democrats,https://www.tiktok.com/@democrats/video/7662027065234935054,💙,💙,20260713,11,297100,36300,246,564,,original sound,D3VO,False
7661022412108041486,democrats,https://www.tiktok.com/@democrats/video/7661022412108041486,The heartbreaking last words of those killed by ICE,The heartbreaking last words of those killed by ICE,20260710,37,3100000,556900,2638,9784,,original sound,lilybug🐞,False
7661009303108652302,democrats,https://www.tiktok.com/@democrats/video/7661009303108652302,maha ❤️,maha ❤️,20260710,10,205500,9480,275,378,,الصوت الأصلي,𝐄𝐭𝐢𝐜𝐚 𝐓𝐢𝐤𝐓𝐨𝐤,False
7660999259680034062,democrats,https://www.tiktok.com/@democrats/video/7660999259680034062,taco bell is working to stop the diarrhea outbreak ,taco bell is working to stop the diarrhea outbreak ,20260710,9,585000,79700,248,13200,,Story of My Life x Clarity Kronus Mashup,Kronus,False
7660974669347982605,democrats,https://www.tiktok.com/@democrats/video/7660974669347982605,😭,😭,20260710,7,1200000,53400,934,1938,,original sound,Woojoo,False
7660956024647470350,democrats,https://www.tiktok.com/@democrats/video/7660956024647470350,Big Tech is trying to exploit Native land,Big Tech is trying to exploit Native land,20260710,23,83900,4546,68,85,,original sound,r,False
7660947430048943374,democrats,https://www.tiktok.com/@democrats/video/7660947430048943374,he’s doing it all!,he’s doing it all!,20260710,17,76100,2645,29,64,,sonido original,Carlos Feria,False
7660934353068805390,democrats,https://www.tiktok.com/@democrats/video/7660934353068805390,"Ronaldo Salgado, the son of the man shot and killed by ICE, speaks ab...","Ronaldo Salgado, the son of the man shot and killed by ICE, speaks about his father ",20260710,70,247000,31900,245,764,,original sound,kabircantsingh,False
7660922585546231054,democrats,https://www.tiktok.com/@democrats/video/7660922585546231054,TikTok video #7660922585546231054,,20260710,19,742000,129900,779,4170,,original sound,𖡎,False
7660635465678212366,democrats,https://www.tiktok.com/@democrats/video/7660635465678212366,normal day for him 😍,normal day for him 😍,20260709,13,297500,38400,384,1614,,original sound,HUGEL,False
7660611136877808909,democrats,https://www.tiktok.com/@democrats/video/7660611136877808909,blue wave moodboard,blue wave moodboard,20260709,9,97400,3757,41,68,,original sound,🏴󠁧󠁢󠁷󠁬󠁳󠁿 🎵 Songs 🔛 🔝,False
7660581817518443790,democrats,https://www.tiktok.com/@democrats/video/7660581817518443790,it’s so bad!,it’s so bad!,20260709,12,1700000,268000,1042,5858,,original sound,$ķŷ3,False
7660573107626806542,democrats,https://www.tiktok.com/@democrats/video/7660573107626806542,had to do it to ‘em ,had to do it to ‘em ,20260709,22,977600,167800,505,13200,,original sound,lisu edits,False
7660564841421229325,democrats,https://www.tiktok.com/@democrats/video/7660564841421229325,TikTok video #7660564841421229325,,20260709,58,5400000,1100000,5734,35200,,original sound - radiohuey,radiohuey,False
7660551046929943822,democrats,https://www.tiktok.com/@democrats/video/7660551046929943822,well deserved 👏,well deserved 👏,20260709,26,4400000,837600,1010,8329,,original sound,Democrats,False
7660543450462375182,democrats,https://www.tiktok.com/@democrats/video/7660543450462375182,"Lorenzo Salgado Araujo, a father who worked in the United States for ...","Lorenzo Salgado Araujo, a father who worked in the United States for 35 years, was shot and killed by ICE. Horrifying.",20260709,46,539400,67700,618,1784,,original sound,Democrats,False
7660283250782358798,democrats,https://www.tiktok.com/@democrats/video/7660283250782358798,😨,😨,20260708,12,220100,29300,341,4766,,Creepy and simple horror background music(1070744),howlingindicator,False
7660243805374811406,democrats,https://www.tiktok.com/@democrats/video/7660243805374811406,family vacation ❤️,family vacation ❤️,20260708,23,327500,44000,291,4282,,original sound,Democrats,False
7660238077264153870,democrats,https://www.tiktok.com/@democrats/video/7660238077264153870,will this ever end?,will this ever end?,20260708,20,177500,16600,196,312,,sonido original,꒷︶꒷꒥꒷‧ѕнє∂ℓєтѕку꒷︶꒷꒥꒷,False
7660193062894832909,democrats,https://www.tiktok.com/@democrats/video/7660193062894832909,he ruins everything he touches ,he ruins everything he touches ,20260708,38,254800,21200,167,484,,original sound,𝘿𝙔𝘼𝙍,False
7660180976093367565,democrats,https://www.tiktok.com/@democrats/video/7660180976093367565,🤨 ,🤨 ,20260708,16,7500000,1100000,5410,201400,,kahoot music,youupaa,False
7660170017274694926,democrats,https://www.tiktok.com/@democrats/video/7660170017274694926,BREAKING: Trump says we’re back at war with Iran,BREAKING: Trump says we’re back at war with Iran,20260708,57,71200,1662,49,36,,original sound,Democrats,False
7659902416703311117,democrats,https://www.tiktok.com/@democrats/video/7659902416703311117,jumpscare! ,jumpscare! ,20260707,10,163400,11900,243,233,,original sound,brooke audios!,False
7659891919115324686,democrats,https://www.tiktok.com/@democrats/video/7659891919115324686,BUSTED 🫵🤣,BUSTED 🫵🤣,20260707,8,315400,33100,170,457,,Swalla,dontslipsama,False
7659879439341309198,democrats,https://www.tiktok.com/@democrats/video/7659879439341309198,GOAT,GOAT,20260707,7,75700,3227,118,25,,orijinal ses,𝓢𝓶𝓮𝔁.303,False
7659803046829968653,democrats,https://www.tiktok.com/@democrats/video/7659803046829968653,bro has no idea what is going on,bro has no idea what is going on,20260707,10,1900000,227000,1513,37800,,original sound,ᴘ4♛,False
7659461978036931854,democrats,https://www.tiktok.com/@democrats/video/7659461978036931854,TikTok video #7659461978036931854,,20260706,18,137000,6939,119,46,,The box live,zai điệu buồn,False
7659446354762042638,democrats,https://www.tiktok.com/@democrats/video/7659446354762042638,horrifying.,horrifying.,20260706,38,165700,11000,669,440,,original sound,Democrats,False
7659437543238192397,democrats,https://www.tiktok.com/@democrats/video/7659437543238192397,TikTok video #7659437543238192397,,20260706,26,176500,22500,171,259,,original sound,𝐓𝐚𝐭𝐞 𝜗𝜚,False
7658730801852402957,democrats,https://www.tiktok.com/@democrats/video/7658730801852402957,250 YEARS 🇺🇸🦅🔥,250 YEARS 🇺🇸🦅🔥,20260704,20,2000000,306900,1794,8340,,original sound,MADE BY AMBNT,False
7658712636099497230,democrats,https://www.tiktok.com/@democrats/video/7658712636099497230,there’s no place like home ❤️,there’s no place like home ❤️,20260704,11,2200000,479600,912,3701,,original sound,shane 𐂂,False
7658707145197702414,democrats,https://www.tiktok.com/@democrats/video/7658707145197702414,only benefits the rich ,only benefits the rich ,20260704,18,310500,30000,261,593,,original sound,★,False
7658695000133307662,democrats,https://www.tiktok.com/@democrats/video/7658695000133307662,❤️,❤️,20260704,9,228900,31300,90,718,,original sound,theblackguitar,False
7658689546363653390,democrats,https://www.tiktok.com/@democrats/video/7658689546363653390,"happy 4th, america ❤️","happy 4th, america ❤️",20260704,38,110200,5226,56,55,,original sound,Democrats,False
7658681176978246925,democrats,https://www.tiktok.com/@democrats/video/7658681176978246925,TikTok video #7658681176978246925,,20260704,60,1700000,274600,672,10400,,som original,dailyourcloset,False
7658671645787245837,democrats,https://www.tiktok.com/@democrats/video/7658671645787245837,WAKE UP AMERICA 🦅🔥,WAKE UP AMERICA 🦅🔥,20260704,26,147500,19100,162,641,,Star Spangled (Bass Boosted),SNC,False
7658051004063075597,democrats,https://www.tiktok.com/@democrats/video/7658051004063075597,bruh,bruh,20260702,9,1500000,105800,775,6632,,original sound,Democrats,False
7658005335029910798,democrats,https://www.tiktok.com/@democrats/video/7658005335029910798,🐐,🐐,20260702,8,247100,29600,101,619,,original sound - faith ⌖,faith,False
7657996036702473486,democrats,https://www.tiktok.com/@democrats/video/7657996036702473486,interesting ,interesting ,20260702,9,114300,4125,93,132,,original sound,user7653246788,False
7657959542185037070,democrats,https://www.tiktok.com/@democrats/video/7657959542185037070,been waiting so long for this! ,been waiting so long for this! ,20260702,6,905700,142000,493,8692,,original sound,Violent,False
7657953050652347661,democrats,https://www.tiktok.com/@democrats/video/7657953050652347661,TikTok video #7657953050652347661,,20260702,54,203900,14500,101,726,,original sound,PJ LYRICS,False
7657945261787876622,democrats,https://www.tiktok.com/@democrats/video/7657945261787876622,trump’s state fair seems to be going well,trump’s state fair seems to be going well,20260702,5,234300,19500,226,281,,original sound,Reaction Memes,False
7657664565005585678,democrats,https://www.tiktok.com/@democrats/video/7657664565005585678,TikTok video #7657664565005585678,,20260701,14,217200,15300,117,185,,original sound - bach,bach,False
7657655041637076237,democrats,https://www.tiktok.com/@democrats/video/7657655041637076237,looks lame af ,looks lame af ,20260701,9,2200000,235800,1282,4264,,Originalton,Onkel E,False
7657643861669465358,democrats,https://www.tiktok.com/@democrats/video/7657643861669465358,TikTok video #7657643861669465358,,20260701,18,327900,27100,106,350,,original sound,★,False
7657603586968374542,democrats,https://www.tiktok.com/@democrats/video/7657603586968374542,LFG USMNT 🦅🇺🇸,LFG USMNT 🦅🇺🇸,20260701,15,89800,2631,64,23,,original sound,thesummeriturnedmessy,False
7657593873790717197,democrats,https://www.tiktok.com/@democrats/video/7657593873790717197,hmm 🤔,hmm 🤔,20260701,10,156400,19200,152,1127,,оригинальный звук,главная крыска на районе,False
7657567004995439886,democrats,https://www.tiktok.com/@democrats/video/7657567004995439886,love our midwesterners 🫶,love our midwesterners 🫶,20260701,20,192600,37100,503,1388,,original sound,twig (taylor’s version),False
7657373634784201997,democrats,https://www.tiktok.com/@democrats/video/7657373634784201997,TikTok video #7657373634784201997,,20260701,19,87600,3157,64,33,,original sound,Elldzs★,False
7657368897405947150,democrats,https://www.tiktok.com/@democrats/video/7657368897405947150,TikTok video #7657368897405947150,,20260701,58,87600,3357,76,32,,original sound,Folk Nest,False
7657287409557654797,democrats,https://www.tiktok.com/@democrats/video/7657287409557654797,senator ossoff 🫡,senator ossoff 🫡,20260630,11,100500,4764,56,133,,son original,michael_jackson_551,False
7657279044551003406,democrats,https://www.tiktok.com/@democrats/video/7657279044551003406,"pride month is every month, every year 🏳️‍🌈","pride month is every month, every year 🏳️‍🌈",20260630,19,1700000,399200,2062,12100,,original sound,nost,False
7657268557650185485,democrats,https://www.tiktok.com/@democrats/video/7657268557650185485,TikTok video #7657268557650185485,,20260630,60,73900,2147,41,32,,dźwięk oryginalny,🎶MusicIsInMySoul🎶,False
7657260882740743437,democrats,https://www.tiktok.com/@democrats/video/7657260882740743437,TikTok video #7657260882740743437,,20260630,59,194100,33800,913,917,,original sound,୭୧ fawn,False
7657250632578944270,democrats,https://www.tiktok.com/@democrats/video/7657250632578944270,are we cooked? ,are we cooked? ,20260630,12,88000,5442,87,263,,original sound,Democrats,False
7657214432971410702,democrats,https://www.tiktok.com/@democrats/video/7657214432971410702,TikTok video #7657214432971410702,,20260630,50,561800,90800,654,3454,,original sound,r,False
7657206084108651790,democrats,https://www.tiktok.com/@democrats/video/7657206084108651790,"IF YOU WERE BORN HERE, YOU ARE AN AMERICAN CITIZEN 🦅","IF YOU WERE BORN HERE, YOU ARE AN AMERICAN CITIZEN 🦅",20260630,7,117600,9968,117,411,,Star Spangled (Bass Boosted),SNC,False
7656900814383910157,democrats,https://www.tiktok.com/@democrats/video/7656900814383910157,TikTok video #7656900814383910157,,20260629,38,213400,40700,230,915,,original sound,nyah 𝜗𝜚,False
7656882968446668046,democrats,https://www.tiktok.com/@democrats/video/7656882968446668046,TikTok video #7656882968446668046,,20260629,42,215300,14400,139,262,,original sound,UFO,False
7656873606009441549,democrats,https://www.tiktok.com/@democrats/video/7656873606009441549,👑,👑,20260629,14,440200,39800,128,364,,original sound,Democrats,False
7656865007828831502,democrats,https://www.tiktok.com/@democrats/video/7656865007828831502,let’s do this 🤠,let’s do this 🤠,20260629,11,172100,27100,841,653,,original sound,real,False
7656848927995612430,democrats,https://www.tiktok.com/@democrats/video/7656848927995612430,🙌,🙌,20260629,38,59300,1062,29,9,,original sound,Democrats,False
7655829170227825934,democrats,https://www.tiktok.com/@democrats/video/7655829170227825934,trump’s fair vs willy wonka glasgow experience,trump’s fair vs willy wonka glasgow experience,20260626,10,555400,40400,345,1083,,original sound,Yung Chastity Cage,False
7655798904256007438,democrats,https://www.tiktok.com/@democrats/video/7655798904256007438,☀️💙,☀️💙,20260626,13,1100000,172900,353,1726,,original sound,_.rin.nah_,False
7655737014465154318,democrats,https://www.tiktok.com/@democrats/video/7655737014465154318,eleven years ago today. believe in anything 🏳️‍🌈,eleven years ago today. believe in anything 🏳️‍🌈,20260626,26,3200000,765200,1669,17300,,original sound,⋆｡°்⋆ eden ⋆｡𖦹˚,False
7655728480000150797,democrats,https://www.tiktok.com/@democrats/video/7655728480000150797,THAT’S HOW IT’S DONE 👏,THAT’S HOW IT’S DONE 👏,20260626,9,764000,108100,515,1040,,original sound,SPïFF,False
7655713649176235277,democrats,https://www.tiktok.com/@democrats/video/7655713649176235277,love is love ❤️,love is love ❤️,20260626,63,6300000,1600000,6822,55900,,original sound,junnypoopy,False
7655456272082291981,democrats,https://www.tiktok.com/@democrats/video/7655456272082291981,TikTok video #7655456272082291981,,20260625,31,206800,8663,111,75,,original sound,☆,False
7655440132983573774,democrats,https://www.tiktok.com/@democrats/video/7655440132983573774,💙💙,💙💙,20260625,11,171300,8258,88,50,,original sound,Democrats,False
7655428301258853645,democrats,https://www.tiktok.com/@democrats/video/7655428301258853645,our presidents 💙,our presidents 💙,20260625,29,221100,34400,177,2491,,original sound,C,False
7655365569884998925,democrats,https://www.tiktok.com/@democrats/video/7655365569884998925,opposite of heroes ,opposite of heroes ,20260625,16,3500000,585500,7709,34600,,original sound,𝕷𝖔𝖌𝖆𝖓𝖌𝖆𝖒𝖎𝖓𝖌𝖌𝖙,False
7655358525115206925,democrats,https://www.tiktok.com/@democrats/video/7655358525115206925,horrible.,horrible.,20260625,30,256700,31400,521,1225,,original sound,r,False
7655062732043062542,democrats,https://www.tiktok.com/@democrats/video/7655062732043062542,our space cowboys 💙,our space cowboys 💙,20260624,35,213200,17600,219,2054,,original sound,divine_daniel21,False
7655051487361420558,democrats,https://www.tiktok.com/@democrats/video/7655051487361420558,TikTok video #7655051487361420558,,20260624,23,442500,40900,510,866,,original sound,skeletons.of.july,False
7655047879639305485,democrats,https://www.tiktok.com/@democrats/video/7655047879639305485,wow!,wow!,20260624,9,331900,31300,278,534,,squeak squeak,userlooserpooserkooserdooser,False
7655027702814100750,democrats,https://www.tiktok.com/@democrats/video/7655027702814100750,TikTok video #7655027702814100750,,20260624,10,108400,4102,52,20,,son original,➴,False
7655011127142780174,democrats,https://www.tiktok.com/@democrats/video/7655011127142780174,bffr 😭,bffr 😭,20260624,8,98700,4829,79,55,,original sound,maystxn,False
7655003143020776718,democrats,https://www.tiktok.com/@democrats/video/7655003143020776718,TikTok video #7655003143020776718,,20260624,43,892900,89500,212,465,,original sound,Megspam,False
7654765077089766670,democrats,https://www.tiktok.com/@democrats/video/7654765077089766670,TikTok video #7654765077089766670,,20260624,34,98200,3195,86,24,,original sound,film enthusiast,False
7654751407827963149,democrats,https://www.tiktok.com/@democrats/video/7654751407827963149,TikTok video #7654751407827963149,,20260624,46,107700,6642,93,88,,original sound,𖡎,False
7654700845157600526,democrats,https://www.tiktok.com/@democrats/video/7654700845157600526,🤨,🤨,20260623,15,2100000,227100,1312,15400,,30 Seconds for fricking trends,☀️🌟Sunni And His Friend!⭐⛅,False
7654643423357570318,democrats,https://www.tiktok.com/@democrats/video/7654643423357570318,TikTok video #7654643423357570318,,20260623,25,156500,8669,61,78,,оригинальный звук,сенька,False
7654622572985732365,democrats,https://www.tiktok.com/@democrats/video/7654622572985732365,evil,evil,20260623,14,146000,16300,217,333,,original sound,ilaz_editz,False
7654341892972268814,democrats,https://www.tiktok.com/@democrats/video/7654341892972268814,really makes you think 🤔,really makes you think 🤔,20260622,32,228800,11800,387,2169,,original sound,Democrats,False
7654306063482801422,democrats,https://www.tiktok.com/@democrats/video/7654306063482801422,TikTok video #7654306063482801422,,20260622,60,152300,7884,105,164,,she knows,moiseslyricsss,False
7654269976399908109,democrats,https://www.tiktok.com/@democrats/video/7654269976399908109,TikTok video #7654269976399908109,,20260622,23,742300,35900,829,574,,original sound,vinaZverse,False
7654243373334678797,democrats,https://www.tiktok.com/@democrats/video/7654243373334678797,trump’s reflecting pool is killing the ducklings.,trump’s reflecting pool is killing the ducklings.,20260622,14,887700,106100,765,2132,,original sound,guy ☆,False
7653838815093640462,democrats,https://www.tiktok.com/@democrats/video/7653838815093640462,😍,😍,20260621,10,290400,28200,373,561,,original sound,threeseveteen,False
7652836819150638350,democrats,https://www.tiktok.com/@democrats/video/7652836819150638350,TikTok video #7652836819150638350,,20260618,23,524000,17300,97,54,,orijinal ses,lyrics n vibe ✭,False
7652826185025522958,democrats,https://www.tiktok.com/@democrats/video/7652826185025522958,bruh,bruh,20260618,10,3300000,321100,1989,4638,,original sound,user83832082121,False
7652818356092816653,democrats,https://www.tiktok.com/@democrats/video/7652818356092816653,mayor mamdani gives the keys to the city to knicks mvp jalen brunson 💙🧡,mayor mamdani gives the keys to the city to knicks mvp jalen brunson 💙🧡,20260618,6,280300,4570,67,28,,GO NEW YORK GO NEW YORK GO,New York Knicks,False
7652799045232037134,democrats,https://www.tiktok.com/@democrats/video/7652799045232037134,real leadership 💙,real leadership 💙,20260618,73,293700,11900,158,204,,original sound,Democrats,False
7652781630888627469,democrats,https://www.tiktok.com/@democrats/video/7652781630888627469,🥹🫶,🥹🫶,20260618,12,375200,47900,457,504,,original sound,music 🎼,False
7652774769191849230,democrats,https://www.tiktok.com/@democrats/video/7652774769191849230,💙,💙,20260618,10,527300,93300,289,3127,,original sound,thelemonsqueeza,False
7652755291661929742,democrats,https://www.tiktok.com/@democrats/video/7652755291661929742,NASTY 🤮,NASTY 🤮,20260618,6,1300000,158600,808,6206,,original sound,tickle-Nick,False
7652469670003477774,democrats,https://www.tiktok.com/@democrats/video/7652469670003477774,OBAMA PRESIDENTIAL CENTER 🔜🔥,OBAMA PRESIDENTIAL CENTER 🔜🔥,20260617,12,2500000,632500,2320,21100,,original sound,natecaam,False
7652457956365176078,democrats,https://www.tiktok.com/@democrats/video/7652457956365176078,rarest species of chud ,rarest species of chud ,20260617,11,4400000,723400,6223,126100,,original sound,Lw,False
7652444423065718029,democrats,https://www.tiktok.com/@democrats/video/7652444423065718029,y’all hear that?,y’all hear that?,20260617,7,1300000,30600,1061,2034,,"Suspense, horror, piano and music box",takaya,False
7652435003996917005,democrats,https://www.tiktok.com/@democrats/video/7652435003996917005,nice and green 🤩,nice and green 🤩,20260617,42,173600,3718,68,221,,Complete silence no sound,Random stuff ✨🌈,False
7652421977696636174,democrats,https://www.tiktok.com/@democrats/video/7652421977696636174,nobody wants him!!!,nobody wants him!!!,20260617,7,209400,12900,105,1311,,original sound,lovrislands,False
7652402329806736654,democrats,https://www.tiktok.com/@democrats/video/7652402329806736654,these days i’ve got expectations!,these days i’ve got expectations!,20260617,10,164000,8865,125,128,,original sound,V ♒︎,False
7652369615753956622,democrats,https://www.tiktok.com/@democrats/video/7652369615753956622,wow,wow,20260617,7,161400,5694,172,821,,original sound,<333,False
7652097468087143693,democrats,https://www.tiktok.com/@democrats/video/7652097468087143693,today is world sea turtle day ,today is world sea turtle day ,20260616,17,222900,20900,206,845,,som original,Clara Silva,False
7652070440281672973,democrats,https://www.tiktok.com/@democrats/video/7652070440281672973,😭,😭,20260616,4,171400,5064,128,316,,original sound,Democrats,False
7652053344885787917,democrats,https://www.tiktok.com/@democrats/video/7652053344885787917,texas republicans endorse animal abuse.,texas republicans endorse animal abuse.,20260616,26,267800,31700,199,842,,oryginalny dźwięk,🪸Capy Songs🪸,False
7652043696728263949,democrats,https://www.tiktok.com/@democrats/video/7652043696728263949,the ballroom is costing you btw ,the ballroom is costing you btw ,20260616,10,435700,50600,590,1778,,Bloopin,Eddie EWI,False
7651757746143956238,democrats,https://www.tiktok.com/@democrats/video/7651757746143956238,omg,omg,20260615,9,3700000,743600,1239,83900,,original sound,Hollywood Wrapped ☕️,False
7651738423111322894,democrats,https://www.tiktok.com/@democrats/video/7651738423111322894,stunning 🤩,stunning 🤩,20260615,17,311400,23300,157,170,,original sound,𝘆𝗮𝗲,False
7651733392844705037,democrats,https://www.tiktok.com/@democrats/video/7651733392844705037,just scratching the surface ,just scratching the surface ,20260615,11,1500000,219200,1596,6537,,original sound,rufuapuma,False
7651721335101590797,democrats,https://www.tiktok.com/@democrats/video/7651721335101590797,vote him off omg,vote him off omg,20260615,20,3300000,525100,1308,163300,,original sound,Steff Todd,False
7651682445254806797,democrats,https://www.tiktok.com/@democrats/video/7651682445254806797,What do you think of the New World screwworm?,What do you think of the New World screwworm?,20260615,38,273200,7250,168,236,,suara asli - JaBossiRitonga,JaBossiRitonga,False
7651647663665974541,democrats,https://www.tiktok.com/@democrats/video/7651647663665974541,but obama’s tan suit was a problem…,but obama’s tan suit was a problem…,20260615,11,814700,99700,1375,3976,,original sound,emmitt,False
7651639595687218446,democrats,https://www.tiktok.com/@democrats/video/7651639595687218446,TikTok video #7651639595687218446,,20260615,41,2700000,357400,2004,98800,,original sound,🫧,False
7651243755499965710,democrats,https://www.tiktok.com/@democrats/video/7651243755499965710,the retirement home is calling ,the retirement home is calling ,20260614,10,23000000,3300000,46800,644300,,Cupcake happy birthday remix by cliffer,Son Segers,False
7650664911424490766,democrats,https://www.tiktok.com/@democrats/video/7650664911424490766,🔥,🔥,20260613,12,800300,62100,832,888,,original sound,lily,False
7650627484374797582,democrats,https://www.tiktok.com/@democrats/video/7650627484374797582,🫵🤣,🫵🤣,20260612,18,692100,33200,297,2650,,son original,sound_effects_paradise,False
7650615944082984205,democrats,https://www.tiktok.com/@democrats/video/7650615944082984205,BYE 👋 ,BYE 👋 ,20260612,15,701400,64500,501,1355,,original sound,asap rockstar,False
7650559726412942605,democrats,https://www.tiktok.com/@democrats/video/7650559726412942605,👑,👑,20260612,23,466500,32700,226,475,,som original - andrei,andrei,False
7650537458693704973,democrats,https://www.tiktok.com/@democrats/video/7650537458693704973,Whatever happened to peace through strength,Whatever happened to peace through strength,20260612,10,1300000,40900,2096,4631,,original sound,Democrats,False
7650528176774466830,democrats,https://www.tiktok.com/@democrats/video/7650528176774466830,hmm this is tough,hmm this is tough,20260612,9,626600,68000,1548,7936,,original sound,Democrats,False
7650214453023198478,democrats,https://www.tiktok.com/@democrats/video/7650214453023198478,hopecore,hopecore,20260611,19,667700,116500,640,9218,,original sound,Log 12,False
7650202285540183310,democrats,https://www.tiktok.com/@democrats/video/7650202285540183310,new achievements just dropped ,new achievements just dropped ,20260611,23,1600000,162000,1091,36900,,Mice on Venus,Nadx,False
7650193922869792013,democrats,https://www.tiktok.com/@democrats/video/7650193922869792013,Wonder who Americans like more 🤔,Wonder who Americans like more 🤔,20260611,9,372400,20100,142,335,,Quiet but dramatic music with strings(879088),Ryo M.,False
7650178603979640077,democrats,https://www.tiktok.com/@democrats/video/7650178603979640077,TEAM USA ⚽️🇺🇸,TEAM USA ⚽️🇺🇸,20260611,13,610200,66300,467,1276,,original sound,Lifeof_AK,False
7650157514213870862,democrats,https://www.tiktok.com/@democrats/video/7650157514213870862,is it supposed to do that ,is it supposed to do that ,20260611,8,322700,32200,423,4972,,original sound,Democrats,False
7649839768091512078,democrats,https://www.tiktok.com/@democrats/video/7649839768091512078,president of peace ,president of peace ,20260610,13,302300,29100,476,2090,,som original,Espacial_Phonk,False
7649822372622552333,democrats,https://www.tiktok.com/@democrats/video/7649822372622552333,TikTok video #7649822372622552333,,20260610,9,195600,7397,171,231,,original sound,oncearollerskatingbabe,False
7649816333814664462,democrats,https://www.tiktok.com/@democrats/video/7649816333814664462,BOOOO👎,BOOOO👎,20260610,40,168800,4759,103,123,,original sound,Democrats,False
7649810951549537550,democrats,https://www.tiktok.com/@democrats/video/7649810951549537550,send lindsey graham back to disney 🪄,send lindsey graham back to disney 🪄,20260610,8,156000,4831,70,77,,เสียงต้นฉบับ - 🍃 ☘️ 𝙴𝚖𝚒𝚕𝚢 ☘️ 🍃,🍃 ☘️ 𝙼𝚒𝚕𝚕𝚒𝚎  ☘️ 🍃,False
7649799936522865934,democrats,https://www.tiktok.com/@democrats/video/7649799936522865934,looks stupid af🥀,looks stupid af🥀,20260610,11,453600,45500,381,949,,original sound,mickiee,False
7649792846421118222,democrats,https://www.tiktok.com/@democrats/video/7649792846421118222,trump has opened up 1.6 million acres of the Alaskan Wildlife Refuge ...,trump has opened up 1.6 million acres of the Alaskan Wildlife Refuge to drill for oil,20260610,23,126600,9708,120,292,,original sound,𝓐,False
7649770577686777101,democrats,https://www.tiktok.com/@democrats/video/7649770577686777101,TikTok video #7649770577686777101,,20260610,27,122300,5968,62,34,,original sound,2000s Lyrics,False
7649560106341764365,democrats,https://www.tiktok.com/@democrats/video/7649560106341764365,TikTok video #7649560106341764365,,20260610,24,215900,27700,185,591,,оригинальный звук,USAVibesHub,False
7649488257679412494,democrats,https://www.tiktok.com/@democrats/video/7649488257679412494,"thank you, mr. president! ","thank you, mr. president! ",20260609,34,1900000,312100,2040,45700,,original sound,Cloud,False
7649454436850355469,democrats,https://www.tiktok.com/@democrats/video/7649454436850355469,the worst,the worst,20260609,8,1300000,106300,2086,7449,,Pluggnb ginuwine,Willare Beats,False
7649440565506903309,democrats,https://www.tiktok.com/@democrats/video/7649440565506903309,get his dumbass outta here 🗣️,get his dumbass outta here 🗣️,20260609,20,785300,137200,1946,8216,,sonido original,cosmicodee,False
7649420763941866766,democrats,https://www.tiktok.com/@democrats/video/7649420763941866766,TikTok video #7649420763941866766,,20260609,11,1300000,254200,578,49900,,original sound,Love Island,False
7649412323886533902,democrats,https://www.tiktok.com/@democrats/video/7649412323886533902,good morning!,good morning!,20260609,22,2800000,465100,3489,35000,,original sound,user11183909019,False
7649197336379378958,democrats,https://www.tiktok.com/@democrats/video/7649197336379378958,even his home town hates him 💀,even his home town hates him 💀,20260609,14,3600000,475800,5388,25900,,original sound,Democrats,False
7649159147136601357,democrats,https://www.tiktok.com/@democrats/video/7649159147136601357,🫶,🫶,20260608,24,1300000,323400,2027,9823,,CFB X Delta Dawn,TripleM,False
7649123524648488205,democrats,https://www.tiktok.com/@democrats/video/7649123524648488205,lmao,lmao,20260608,6,4300000,796000,2414,73700,,original sound,𝖒𝖔𝖘𝖘𝖞_𝖒𝖊𝖆𝖉𝖔𝖜𝖘,False
7649082509313035534,democrats,https://www.tiktok.com/@democrats/video/7649082509313035534,😭,😭,20260608,11,1200000,268200,2746,11000,,original sound,HighlightHub,False
7649057919740267789,democrats,https://www.tiktok.com/@democrats/video/7649057919740267789,☺️,☺️,20260608,10,3400000,484100,3360,184700,,original sound,★,False
7649044502228897038,democrats,https://www.tiktok.com/@democrats/video/7649044502228897038,💙,💙,20260608,7,141200,6490,86,86,,sonido original,The Greath Music C. Andre,False
7648027871553883405,democrats,https://www.tiktok.com/@democrats/video/7648027871553883405,TikTok video #7648027871553883405,,20260605,29,659900,66800,523,4226,,Some kind of supernova,aeryymu🐾,False
7648015319260269837,democrats,https://www.tiktok.com/@democrats/video/7648015319260269837,😩💔,😩💔,20260605,13,1000000,151200,378,18000,,original sound,hey,False
7647972199348899085,democrats,https://www.tiktok.com/@democrats/video/7647972199348899085,😭,😭,20260605,16,252800,22000,201,1770,,original sound,🪩,False
7647944656877112589,democrats,https://www.tiktok.com/@democrats/video/7647944656877112589,evil.,evil.,20260605,24,577100,101400,1208,10100,,som original,Songsftvibes Oficial,False
7647929410506509581,democrats,https://www.tiktok.com/@democrats/video/7647929410506509581,evil 🤝 evil,evil 🤝 evil,20260605,11,1500000,263500,1303,69000,,how deep is your love mitski ver,⭐️,False
7647645380967959821,democrats,https://www.tiktok.com/@democrats/video/7647645380967959821,trump fired the people in charge of handling this btw ,trump fired the people in charge of handling this btw ,20260604,7,1100000,150600,735,4245,,Soulful ahh beat,Willare Beats,False
7647621253544611086,democrats,https://www.tiktok.com/@democrats/video/7647621253544611086,the contrast is clear ,the contrast is clear ,20260604,16,1200000,180500,901,5467,,original sound,Bronccartieditz,False
7647611314084351245,democrats,https://www.tiktok.com/@democrats/video/7647611314084351245,TikTok video #7647611314084351245,,20260604,10,277100,13600,122,599,,original sound,DuneMovie,False
7647593526921841933,democrats,https://www.tiktok.com/@democrats/video/7647593526921841933,remember why 🤔,remember why 🤔,20260604,7,147500,10900,134,225,,เสียงต้นฉบับ - gxc,g,False
7647573460163529998,democrats,https://www.tiktok.com/@democrats/video/7647573460163529998,mogged,mogged,20260604,11,1300000,198600,447,4293,,som original,🌕𝖒𝖆𝖙🩸,False
7647256221354937613,democrats,https://www.tiktok.com/@democrats/video/7647256221354937613,BFF4L,BFF4L,20260603,9,1400000,160400,727,47600,,original sound,overlays,False
7647248370175593741,democrats,https://www.tiktok.com/@democrats/video/7647248370175593741,🫶,🫶,20260603,13,140900,6143,57,30,,Girls Like Girls from the Motion Picture,focusfeatures,False
7647219370422242574,democrats,https://www.tiktok.com/@democrats/video/7647219370422242574,and they still look dumb ,and they still look dumb ,20260603,32,567000,87300,453,7686,,Complete silence no sound,Random stuff ✨🌈,False
7647192422425840909,democrats,https://www.tiktok.com/@democrats/video/7647192422425840909,nightmare,nightmare,20260603,23,8200000,1200000,8291,72300,,original sound,Nicolee,False
7647162666133327117,democrats,https://www.tiktok.com/@democrats/video/7647162666133327117,TikTok video #7647162666133327117,,20260603,49,1200000,298000,1190,5657,,original sound,emoonlightss,False
7646981757975235853,democrats,https://www.tiktok.com/@democrats/video/7646981757975235853,TikTok video #7646981757975235853,,20260603,20,648100,147300,776,2834,,sonido original,vivi,False
7646980625718709517,democrats,https://www.tiktok.com/@democrats/video/7646980625718709517,TikTok video #7646980625718709517,,20260603,16,187400,16900,68,107,,original sound,belluvahoss,False
7646954515677170957,democrats,https://www.tiktok.com/@democrats/video/7646954515677170957,TikTok video #7646954515677170957,,20260603,24,165600,14300,166,107,,original sound,user11183909019,False
7646905558888385806,democrats,https://www.tiktok.com/@democrats/video/7646905558888385806,disgusting.,disgusting.,20260602,15,95800,6792,50,145,,original sound,coolgirlz,False
7646897238874115341,democrats,https://www.tiktok.com/@democrats/video/7646897238874115341,before he ruined it ,before he ruined it ,20260602,13,2200000,156000,1131,975,,original sound,𝐀 𝐒 𝐆 𝐕,False
7646888956558052622,democrats,https://www.tiktok.com/@democrats/video/7646888956558052622,worst bombshell ever,worst bombshell ever,20260602,10,319700,51500,179,7230,,original sound,user26531187546,False
7646864416675204365,democrats,https://www.tiktok.com/@democrats/video/7646864416675204365,💙,💙,20260602,12,420100,91100,366,1389,,original sound,aceford360,False
7646847528670924046,democrats,https://www.tiktok.com/@democrats/video/7646847528670924046,love will always win 🏳️‍🌈,love will always win 🏳️‍🌈,20260602,7,5000000,1100000,2828,22000,,I'll Believe in Anything,Wolf Parade,False
7646545713815506189,democrats,https://www.tiktok.com/@democrats/video/7646545713815506189,IS EVERYBODY HAVING A GOOD TIME?,IS EVERYBODY HAVING A GOOD TIME?,20260601,7,782800,149000,492,29100,,оригинальный звук,Msbackrooms,False
7646530361014504717,democrats,https://www.tiktok.com/@democrats/video/7646530361014504717,anything but helping americans ,anything but helping americans ,20260601,18,201900,25400,208,2207,,original sound,Democrats,False
7646516467281792270,democrats,https://www.tiktok.com/@democrats/video/7646516467281792270,the city that never sleeps 🫡,the city that never sleeps 🫡,20260601,19,122600,10900,112,348,,original sound,Michelle B. Rogers,False
7646507855176027406,democrats,https://www.tiktok.com/@democrats/video/7646507855176027406,THIS is how you lead 👏,THIS is how you lead 👏,20260601,21,94500,6700,53,72,,original sound,❀,False
7646490748803648781,democrats,https://www.tiktok.com/@democrats/video/7646490748803648781,HAPPY PRIDE MONTH 🏳️‍🌈,HAPPY PRIDE MONTH 🏳️‍🌈,20260601,13,224500,37100,532,2228,,Abracadabra,reavesaudios,False
7646460515581021453,democrats,https://www.tiktok.com/@democrats/video/7646460515581021453,LET’S GO TEXAS 🖤🤍,LET’S GO TEXAS 🖤🤍,20260601,16,76600,3012,50,46,,original sound,queenhottie👑,False
7646452051609701646,democrats,https://www.tiktok.com/@democrats/video/7646452051609701646,definitely 238 pounds 👍,definitely 238 pounds 👍,20260601,12,875100,85700,287,3701,,original sound,☆,False
7645418486877031694,democrats,https://www.tiktok.com/@democrats/video/7645418486877031694,america has been great all along 💙,america has been great all along 💙,20260529,22,319700,44800,315,808,,original sound,real,False
7645405964379639053,democrats,https://www.tiktok.com/@democrats/video/7645405964379639053,the horrors of Trump ,the horrors of Trump ,20260529,19,2300000,278800,2644,13300,,original sound,Klev,False
7645352303653817613,democrats,https://www.tiktok.com/@democrats/video/7645352303653817613,“MAHA” 🤗,“MAHA” 🤗,20260529,12,322000,40200,280,2885,,audio originale,MeK donalds🍔,False
7645340001433046285,democrats,https://www.tiktok.com/@democrats/video/7645340001433046285,lol,lol,20260529,11,2300000,335800,1130,96700,,original sound,kvnty perry 💋,False
7645069740808883469,democrats,https://www.tiktok.com/@democrats/video/7645069740808883469,TikTok video #7645069740808883469,,20260528,42,410900,50400,173,658,,original sound,UFO,False
7645058249611365646,democrats,https://www.tiktok.com/@democrats/video/7645058249611365646,the trump era will end,the trump era will end,20260528,26,377400,64500,221,1442,,original sound,🏹🧁,False
7645006710553218317,democrats,https://www.tiktok.com/@democrats/video/7645006710553218317,this is real btw ,this is real btw ,20260528,11,2800000,517900,1426,84000,,original sound,the gruniverse,False
7644997734037982478,democrats,https://www.tiktok.com/@democrats/video/7644997734037982478,fee fi fo fum,fee fi fo fum,20260528,16,158500,17000,327,1836,,original sound,Democrats,False
7644980788047383821,democrats,https://www.tiktok.com/@democrats/video/7644980788047383821,ugly inside and out 🙂‍↕️,ugly inside and out 🙂‍↕️,20260528,7,303800,51200,309,2160,,original sound,kimm,False
7644693575694847246,democrats,https://www.tiktok.com/@democrats/video/7644693575694847246,😄,😄,20260527,52,285500,30900,402,1317,,original sound,Democrats,False
7644677561703877902,democrats,https://www.tiktok.com/@democrats/video/7644677561703877902,bffr 😭,bffr 😭,20260527,7,570100,94500,560,9346,,Ashleys Song fvsionz flip on SoundCloud and YT,fvsionz,False
7644626871564422413,democrats,https://www.tiktok.com/@democrats/video/7644626871564422413,🔮,🔮,20260527,8,1300000,152800,1198,26200,,original sound,umzcapitals,False
7644618325728808206,democrats,https://www.tiktok.com/@democrats/video/7644618325728808206,horror movie ,horror movie ,20260527,11,958400,137900,612,18100,,original sound - @kritiano,@kritiano,False
7644595425051151630,democrats,https://www.tiktok.com/@democrats/video/7644595425051151630,TikTok video #7644595425051151630,,20260527,42,303500,20500,168,488,,legendary ahh sound,☆Tumpula☆,False
7644292727076654350,democrats,https://www.tiktok.com/@democrats/video/7644292727076654350,😱,😱,20260526,10,8400000,969100,6940,57800,,som original,☆Songs,False
7644283048384662797,democrats,https://www.tiktok.com/@democrats/video/7644283048384662797,🤢,🤢,20260526,13,2300000,476300,2214,60000,,evil fat lady,miss big fat movie star,False
7644255511407381774,democrats,https://www.tiktok.com/@democrats/video/7644255511407381774,must’ve been the wind,must’ve been the wind,20260526,15,6300000,1500000,3653,142100,,original sound,hailey,False
7644246493687287053,democrats,https://www.tiktok.com/@democrats/video/7644246493687287053,uh oh ,uh oh ,20260526,9,376200,57000,489,2236,,original sound,pwr.hungry,False
7644211949693127950,democrats,https://www.tiktok.com/@democrats/video/7644211949693127950,mamdani’s new york knicks to the finals 🗣️,mamdani’s new york knicks to the finals 🗣️,20260526,12,705000,100800,189,2068,,som original,void hiro 🕸️,False
7642799556580707597,democrats,https://www.tiktok.com/@democrats/video/7642799556580707597,Do you know who’s controlling your algorithm?,Do you know who’s controlling your algorithm?,20260522,35,205100,14400,142,490,,Stateside Zara Larsson Official Instrumental,Dan Swift Del Rey,False
7642772334234848525,democrats,https://www.tiktok.com/@democrats/video/7642772334234848525,wow,wow,20260522,10,570500,51300,807,4612,,original sound - MYLOVEKHO😘,Lethy Sy,False
7642761637618781453,democrats,https://www.tiktok.com/@democrats/video/7642761637618781453,horrific.,horrific.,20260522,17,216000,23900,214,549,,original sound,𝚕𝚘𝚟𝚎𝚛𝚐𝚒𝚛𝚕,False
7642732267571350798,democrats,https://www.tiktok.com/@democrats/video/7642732267571350798,"According to all known laws of aviation, there is no way a bee should...","According to all known laws of aviation, there is no way a bee should be able to fly. Its wings are too small to get its fat little body off the ground. The bee, of course, flies anyway because bees don't care what humans think is impossible. Yellow, black. Yellow, black. Yellow, black. Yellow, black. Ooh, black and yellow! Let's shake it up a little. Barry! Breakfast is ready! Coming! Hang on a second. Hello? - Barry? - Adam? - Can you believe this is happening? - I can't. I'll pick you up. Looking sharp. Use the stairs. Your father paid good money for those. Sorry. I'm excited. Here's the graduate. We're very proud of you, son. A perfect report card, all B's. Very proud. Ma! I got a thing going here. - You got lint on your fuzz. - Ow! That's me! - Wave to us! We'll be in row 118,000. - Bye! Barry, I told you, stop flying in the house! - Hey, Adam. - Hey, Barry. - Is that fuzz gel? - A little. Special day, graduation. Never thought I'd make it. Three days grade school, three days high school. Those were awkward. Three days college. I'm glad I took a day and hitchhiked around the hive. You did come back different. - Hi, Barry. - Artie, growing a mustache? Looks good. - Hear about Frankie? - Yeah. - You going to the funeral? - No, I'm not going. Everybody knows, sting someone, you die. Don't waste it on a squirrel. Such a hothead. I guess he could have just gotten out of the way. I love this incorporating an amusement park into our day. That's why we don't need vacations. Boy, quite a bit of pomp... under the circumstances. - Well, Adam, today we are men. - We are! - Bee-men. - Amen! Hallelujah! Students, faculty, distinguished bees, please welcome Dean Buzzwell. Welcome, New Hive City graduating class of... ...9:15. That concludes our ceremonies. And begins your career at Honex Industries! Will we pick ourjob today? I heard it's just orientation. Heads up! Here we go. Keep your hands and antennas inside the tram at all times. -Wonder what it'll be like? - A little scary. Welcome to Honex, a division of Honesco and a part of the Hexagon Group. This is it! Wow. Wow. We know that you, as a bee, have worked your whole life to get to the point where you can work for your whole life. Honey begins when our valiant Pollen Jocks bring the nectar to the hive. Our top-secret formula is automatically color-corrected, scent-adjusted and bubble-contoured into this soothing sweet syrup with its distinctive golden glow you know as... Honey! - That girl was hot. She's my cousin! - She is? - Yes, we're all cousins. - Right. You're right. - At Honex, we constantly strive to improve every aspect of bee existence. These bees are stress-testing a new helmet technology. - What do you think he makes? - Not enough. Here we have our latest advancement, the Krelman. - What does that do? - Catches that little strand of honey that hangs after you pour it. Saves us millions. Can anyone work on the Krelman? Of course. Most bee jobs are small ones. But bees know that every small job, if it's done well, means a lot. But choose carefully because you'll stay in the job you pick for the rest of your life. The same job the rest of your life? I didn't know that. What's the difference? You'll be happy to know that bees, as a species, haven't had one day off in 27 million years. So you'll just work us to death? We'll sure try. Wow! That blew my mind! ""What's the difference?"" How can you say that? One job forever? That's an insane choice to have to make. I'm relieved. Now we only have to make one decision in life. But, Adam, how could they never have told us that? Why would you question anything? We're bees. We're the most perfectly functioning society on Earth. You ever think maybe things work a little too well here? Like what? Give me one example. I don't know. But you know what I'm talking about. Please clear the gate. Royal Nectar Force on approach. Wait a second. Check it out. - Hey, those are Pollen Jocks! - Wow. I've never seen them this close.  ",20260522,11,237900,22500,139,645,,оригинальный звук,𝕤𝕚𝕣.𝕖𝕣𝕠𝕜,False
7642725048809278734,democrats,https://www.tiktok.com/@democrats/video/7642725048809278734,34 felonies btw ,34 felonies btw ,20260522,12,2200000,488400,1066,24300,,Complete silence no sound,Random stuff ✨🌈,False
7642430250562948365,democrats,https://www.tiktok.com/@democrats/video/7642430250562948365,wild statement ,wild statement ,20260521,14,242000,20300,213,1476,,original sound,NintendoNostalgia,False
7642421924164832526,democrats,https://www.tiktok.com/@democrats/video/7642421924164832526,heartbreaking.,heartbreaking.,20260521,23,7100000,1500000,10700,57000,,original sound,r,False
7642405713662233870,democrats,https://www.tiktok.com/@democrats/video/7642405713662233870,he dgaf ,he dgaf ,20260521,15,308100,17400,193,517,,original sound,Democrats,False
7642399168492866829,democrats,https://www.tiktok.com/@democrats/video/7642399168492866829,TikTok video #7642399168492866829,,20260521,32,104600,3378,44,49,,original sound,𝙩𝙖𝙩𝙞 ˙⋆✮,False
7642366388253854990,democrats,https://www.tiktok.com/@democrats/video/7642366388253854990,💙,💙,20260521,39,122100,6910,55,161,,original sound,lily!,False
7642076013937134861,democrats,https://www.tiktok.com/@democrats/video/7642076013937134861,wtf,wtf,20260520,6,509500,33600,861,4609,,original sound,Democrats,False
7642017832938622222,democrats,https://www.tiktok.com/@democrats/video/7642017832938622222,trump is killing our wildlife.,trump is killing our wildlife.,20260520,18,6500000,1500000,5737,69400,,original sound,blue,False
7642009304131800334,democrats,https://www.tiktok.com/@democrats/video/7642009304131800334,Not very “America First”,Not very “America First”,20260520,19,646500,44400,837,15000,,original sound,Democrats,False
7642001331426725133,democrats,https://www.tiktok.com/@democrats/video/7642001331426725133,LFG TINA KOTEK,LFG TINA KOTEK,20260520,19,91200,3176,122,79,,suara asli - luthfiokeer,!_Luthfi★™,False
7641994694855085325,democrats,https://www.tiktok.com/@democrats/video/7641994694855085325,TikTok video #7641994694855085325,,20260520,30,73200,1501,22,20,,original sound,文 | 𝐌𝐮𝐬𝐢𝐜 𝐀𝐥𝐬𝐚 😈🎧,False
7641969528536075533,democrats,https://www.tiktok.com/@democrats/video/7641969528536075533,CHARLES BOOKER FOR SENATE 🫡,CHARLES BOOKER FOR SENATE 🫡,20260520,19,71400,2182,58,33,,suara asli,s queen _26,False
7641965174177451278,democrats,https://www.tiktok.com/@democrats/video/7641965174177451278,TikTok video #7641965174177451278,,20260520,36,81300,5523,47,56,,sonido original,pzfkwrld,False
7641960126546562317,democrats,https://www.tiktok.com/@democrats/video/7641960126546562317,KEISHA FOR GOV 🩷,KEISHA FOR GOV 🩷,20260520,9,58600,1640,26,32,,original sound,9KYUO☆,False
7641955408977890574,democrats,https://www.tiktok.com/@democrats/video/7641955408977890574,TikTok video #7641955408977890574,,20260520,24,75300,5108,66,24,,original sound,m ﾒ𝟶,False
7641760326362352909,democrats,https://www.tiktok.com/@democrats/video/7641760326362352909,TikTok video #7641760326362352909,,20260520,11,108200,5826,89,50,,оригинальный звук,𝕤𝕚𝕣.𝕖𝕣𝕠𝕜,False
7641750046240705806,democrats,https://www.tiktok.com/@democrats/video/7641750046240705806,LET’S GO SENATOR OSSOFF!!!,LET’S GO SENATOR OSSOFF!!!,20260519,13,135800,12500,146,576,,original sound,Fairy 🧚,False
7641744839721241870,democrats,https://www.tiktok.com/@democrats/video/7641744839721241870,TikTok video #7641744839721241870,,20260519,36,77300,4759,62,33,,sonido original,Vibra Musical,False
7641656539094224142,democrats,https://www.tiktok.com/@democrats/video/7641656539094224142,oh!,oh!,20260519,12,159600,18400,207,1780,,original sound,soundeffectpack,False
7641620942518570254,democrats,https://www.tiktok.com/@democrats/video/7641620942518570254,🌊,🌊,20260519,8,1200000,165100,1176,73500,,som original,Wiskape,False
7641294807649864974,democrats,https://www.tiktok.com/@democrats/video/7641294807649864974,“I worked all day and can’t feed my family”,“I worked all day and can’t feed my family”,20260518,33,2300000,395100,1170,8068,,original sound,Democrats,False
7641269804896226573,democrats,https://www.tiktok.com/@democrats/video/7641269804896226573,really makes you think 🤔 ,really makes you think 🤔 ,20260518,9,182400,11800,89,210,,original sound,soy,False
7641259921287286029,democrats,https://www.tiktok.com/@democrats/video/7641259921287286029,😬,😬,20260518,6,10000000,2000000,4918,98000,,son original,LePtitMilo,False
7640231964745780494,democrats,https://www.tiktok.com/@democrats/video/7640231964745780494,RAHHHHH 🦅,RAHHHHH 🦅,20260515,13,1300000,208700,1102,3059,,sonido original,EDUARDO RUIZ,False
7640188253198437645,democrats,https://www.tiktok.com/@democrats/video/7640188253198437645,today is endangered species day.,today is endangered species day.,20260515,22,11900000,2300000,12000,72800,,оригинальный звук,Brilliant vanilla,False
7640153969410575629,democrats,https://www.tiktok.com/@democrats/video/7640153969410575629,on an official fbi trip btw,on an official fbi trip btw,20260515,10,246700,15900,144,267,,original sound,dantethehater,False
7639856397445795086,democrats,https://www.tiktok.com/@democrats/video/7639856397445795086,gentle giants 😢,gentle giants 😢,20260514,14,201700,24900,223,955,,original sound,𝕶𝖊𝖎𝖗𝖆,False
7639806789394926862,democrats,https://www.tiktok.com/@democrats/video/7639806789394926862,thought it was snorlax 😞,thought it was snorlax 😞,20260514,5,422300,35700,373,5844,,Originalton,geppi,False
7639778723901803790,democrats,https://www.tiktok.com/@democrats/video/7639778723901803790,🥀,🥀,20260514,18,176200,14100,161,650,,som original,caly,False
7639761215152999693,democrats,https://www.tiktok.com/@democrats/video/7639761215152999693,💙⚽️,💙⚽️,20260514,27,461300,48500,379,1912,,Wavin Flag KNAAN,JYDNSY,False
7639553184674876685,democrats,https://www.tiktok.com/@democrats/video/7639553184674876685,TikTok video #7639553184674876685,,20260514,8,116200,4018,46,23,,original sound,evanddot,False
7639507733787512077,democrats,https://www.tiktok.com/@democrats/video/7639507733787512077,the trump administration is destroying their homes 💔,the trump administration is destroying their homes 💔,20260513,18,1900000,226400,485,9643,,original sound,°❀⋆,False
7639443884464033037,democrats,https://www.tiktok.com/@democrats/video/7639443884464033037,horrible.,horrible.,20260513,13,1600000,188200,985,6937,,original sound,MADS,False
7639410417407724814,democrats,https://www.tiktok.com/@democrats/video/7639410417407724814,giddy up 😞,giddy up 😞,20260513,14,285600,45200,230,4586,,som original,driel,False
7639401449520172301,democrats,https://www.tiktok.com/@democrats/video/7639401449520172301,lol,lol,20260513,51,3500000,469900,1901,188200,,original sound,Tiktok,False
7639184313489247502,democrats,https://www.tiktok.com/@democrats/video/7639184313489247502,ew,ew,20260513,7,511700,91500,1692,10000,,Creepy and simple horror background music(1070744),howlingindicator,False
7639128096775458062,democrats,https://www.tiktok.com/@democrats/video/7639128096775458062,TikTok video #7639128096775458062,,20260512,18,1400000,250400,878,3740,,som original,void hiro 🕸️,False
7639083596531174670,democrats,https://www.tiktok.com/@democrats/video/7639083596531174670,TikTok video #7639083596531174670,,20260512,7,320100,42100,361,5875,,original sound,v🐞,False
7639074194503781646,democrats,https://www.tiktok.com/@democrats/video/7639074194503781646,Wow.,Wow.,20260512,6,801500,49900,1402,6342,,original sound,Democrats,False
7639055010889862414,democrats,https://www.tiktok.com/@democrats/video/7639055010889862414,🤮,🤮,20260512,8,1200000,203300,1070,37300,,i was lighting before the thunder,Frasuant,False
7639028702294150413,democrats,https://www.tiktok.com/@democrats/video/7639028702294150413,lmao,lmao,20260512,17,274200,28600,237,3565,,son original - Reverse.Soundeffects,Reverse.soundeffects,False
7638748153394580750,democrats,https://www.tiktok.com/@democrats/video/7638748153394580750,yikes,yikes,20260511,8,248200,41300,277,732,,f i n e s l o w e d n r e v e r b,moo,False
7638703926480538894,democrats,https://www.tiktok.com/@democrats/video/7638703926480538894,ew,ew,20260511,10,259900,16700,483,3056,,original sound,Democrats,False
7638667459540667662,democrats,https://www.tiktok.com/@democrats/video/7638667459540667662,wow.,wow.,20260511,47,103300,7562,52,88,,original sound,Democrats,False
7638656045476318478,democrats,https://www.tiktok.com/@democrats/video/7638656045476318478,😭,😭,20260511,8,1300000,174500,1737,11700,,original sound,trav,False
7637585522679991565,democrats,https://www.tiktok.com/@democrats/video/7637585522679991565,TikTok video #7637585522679991565,,20260508,17,7200000,759100,1910,32000,,original sound,𝓔𝓭𝓲𝓽𝓼𝓼,False
7637567975020563726,democrats,https://www.tiktok.com/@democrats/video/7637567975020563726,whatever you say man,whatever you say man,20260508,15,449800,43900,382,1524,,original sound - moon,moon,False
7637543542394539277,democrats,https://www.tiktok.com/@democrats/video/7637543542394539277,TikTok video #7637543542394539277,,20260508,23,901900,52900,300,907,,Take a slice,𝐏𝐡𝐚𝐧𝐭𝐨𝐦,False
7637533126666882317,democrats,https://www.tiktok.com/@democrats/video/7637533126666882317,wtf,wtf,20260508,7,472400,33800,362,620,,original sound,Democrats,False
7637253089459703053,democrats,https://www.tiktok.com/@democrats/video/7637253089459703053,TikTok video #7637253089459703053,,20260507,10,173600,6805,129,193,,原聲,</3²,False
7637235280960818446,democrats,https://www.tiktok.com/@democrats/video/7637235280960818446,🤯,🤯,20260507,10,1400000,245400,1429,48900,,original sound,Denn Subs,False
7637229400378952974,democrats,https://www.tiktok.com/@democrats/video/7637229400378952974,chat we’re cooked ,chat we’re cooked ,20260507,9,389300,63700,285,3913,,original sound,Kim McFarland,False
7637190006167129358,democrats,https://www.tiktok.com/@democrats/video/7637190006167129358,get him off the road,get him off the road,20260507,8,597200,99000,462,29600,,original sound - Nostalgia in Videogames,Nostalgia in Videogames,False
7637169889672826126,democrats,https://www.tiktok.com/@democrats/video/7637169889672826126,TikTok video #7637169889672826126,,20260507,34,1400000,164600,695,3541,,Originalton,the_phonkface,False
7636907372904041741,democrats,https://www.tiktok.com/@democrats/video/7636907372904041741,😱,😱,20260506,15,185800,14900,158,703,,original sound - catharsis,catharsis,False
7636897782045035789,democrats,https://www.tiktok.com/@democrats/video/7636897782045035789,TikTok video #7636897782045035789,,20260506,60,1000000,128500,232,3904,,original sound,i,False
7636865137181232397,democrats,https://www.tiktok.com/@democrats/video/7636865137181232397,what is he taking about?  ,what is he taking about?  ,20260506,38,527000,51400,634,9762,,original sound,Democrats,False
7636850908080426254,democrats,https://www.tiktok.com/@democrats/video/7636850908080426254,😬,😬,20260506,18,994200,24800,310,932,,original sound,Democrats,False
7636838945459883277,democrats,https://www.tiktok.com/@democrats/video/7636838945459883277,life can be beautiful,life can be beautiful,20260506,11,326700,64400,629,3135,,som original,.,False
7636812489178598670,democrats,https://www.tiktok.com/@democrats/video/7636812489178598670,no one wants to see all that,no one wants to see all that,20260506,8,212700,22500,430,2859,,original sound,BH kubz 🇬🇧🦴🗿🏟️,False
7636760631743499534,democrats,https://www.tiktok.com/@democrats/video/7636760631743499534,TikTok video #7636760631743499534,,20260506,55,143600,15700,129,133,,original sound,lochie,False
7636575602035805454,democrats,https://www.tiktok.com/@democrats/video/7636575602035805454,SENATOR SHERROD BROWN🔜,SENATOR SHERROD BROWN🔜,20260506,12,97900,2755,43,17,,Jackie and Wilson,usnhdbdhshhd82837737,False
7636564265515683085,democrats,https://www.tiktok.com/@democrats/video/7636564265515683085,TikTok video #7636564265515683085,,20260506,59,118300,3625,38,56,,original sound,brevmagtok,False
7636560014995492110,democrats,https://www.tiktok.com/@democrats/video/7636560014995492110,TikTok video #7636560014995492110,,20260505,34,242500,35100,442,1515,,som original,Henri,False
7636512852118916366,democrats,https://www.tiktok.com/@democrats/video/7636512852118916366,fatty alert  ,fatty alert  ,20260505,10,3700000,759700,1216,155900,,الصوت الأصلي,محمد بن إبراهيم,False
7636471251443125517,democrats,https://www.tiktok.com/@democrats/video/7636471251443125517,our national mammal btw ,our national mammal btw ,20260505,19,1100000,220400,1462,8885,,оригинальный звук,ly 🦢,False
7636446455665904910,democrats,https://www.tiktok.com/@democrats/video/7636446455665904910,trumps fault btw ,trumps fault btw ,20260505,16,194300,19200,91,1578,,original sound - solo.mp3,solo.mp3,False
7636435703932505357,democrats,https://www.tiktok.com/@democrats/video/7636435703932505357,must’ve been the wind ,must’ve been the wind ,20260505,8,655100,87900,375,4142,,original sound - Lighty,Lighty,False
7636151499847912717,democrats,https://www.tiktok.com/@democrats/video/7636151499847912717,🤔,🤔,20260504,7,719200,116900,564,12100,,original sound,päroddoboingo,False
7636139135991958798,democrats,https://www.tiktok.com/@democrats/video/7636139135991958798,TikTok video #7636139135991958798,,20260504,26,688400,86100,375,31100,,original sound,el ⋆˚꩜｡,False
7636094757554408718,democrats,https://www.tiktok.com/@democrats/video/7636094757554408718,💙,💙,20260504,14,493000,101600,204,2784,,original sound,Juliette,False
7636082547277024526,democrats,https://www.tiktok.com/@democrats/video/7636082547277024526,TikTok video #7636082547277024526,,20260504,39,135300,5260,56,62,,Sea Swallow Me,☆ Audios ☆,False
7636059685249993998,democrats,https://www.tiktok.com/@democrats/video/7636059685249993998,TikTok video #7636059685249993998,,20260504,59,985600,156700,1936,31700,,original sound,AnyWorldButOurs,False
7636051340166237453,democrats,https://www.tiktok.com/@democrats/video/7636051340166237453,so cute ❤️,so cute ❤️,20260504,9,3300000,517900,777,46500,,audio originale,katy crave 🔥,False
7635030706372037901,democrats,https://www.tiktok.com/@democrats/video/7635030706372037901,someone turn off the mic 😭,someone turn off the mic 😭,20260501,22,357200,23900,301,466,,original sound,Democrats,False
7635007464324336910,democrats,https://www.tiktok.com/@democrats/video/7635007464324336910,hopecore,hopecore,20260501,13,1400000,296700,1260,17600,,audio originale,nss magazine,False
7634988561607052557,democrats,https://www.tiktok.com/@democrats/video/7634988561607052557,😋,😋,20260501,9,4700000,597800,3455,206400,,original sound,SAEO,False
7634974457416731918,democrats,https://www.tiktok.com/@democrats/video/7634974457416731918,😭,😭,20260501,8,727100,110600,596,21600,,HONEY TUNG TUNG SAHUR IS GOOD,MemeScreens,False
7634966014593125646,democrats,https://www.tiktok.com/@democrats/video/7634966014593125646,simpler times ,simpler times ,20260501,14,1100000,218200,504,11300,,original sound,FFS,False
7634652615137152270,democrats,https://www.tiktok.com/@democrats/video/7634652615137152270,TikTok video #7634652615137152270,,20260430,27,295100,23900,183,2114,,original sound,ᥫ᭡,False
7634640586930146574,democrats,https://www.tiktok.com/@democrats/video/7634640586930146574,brighter days ahead,brighter days ahead,20260430,11,1100000,162700,709,1624,,original sound,Inspect,False
7634624246337064205,democrats,https://www.tiktok.com/@democrats/video/7634624246337064205,💙,💙,20260430,22,671400,146100,885,7767,,original sound,music_lyrics_edits1,False
7634604414606560526,democrats,https://www.tiktok.com/@democrats/video/7634604414606560526,TikTok video #7634604414606560526,,20260430,36,164000,6769,71,123,,IF YOU SEE THIS FOLLOW ME,Female Rap Verses,False
7634596568313646350,democrats,https://www.tiktok.com/@democrats/video/7634596568313646350,Trump did this,Trump did this,20260430,24,134400,6685,76,77,,original sound,Democrats,False
7634581359821901070,democrats,https://www.tiktok.com/@democrats/video/7634581359821901070,our garden state governor 💙,our garden state governor 💙,20260430,9,126700,6011,75,26,,original sound,lex⸆⸉,False
7634238648321363214,democrats,https://www.tiktok.com/@democrats/video/7634238648321363214,always snoozing ,always snoozing ,20260429,6,646200,124400,677,10100,,original sound,Hydros,False
7634207060241976589,democrats,https://www.tiktok.com/@democrats/video/7634207060241976589,TikTok video #7634207060241976589,,20260429,320,559200,75800,492,5342,,original sound,T,False
7633920441626660110,democrats,https://www.tiktok.com/@democrats/video/7633920441626660110,TikTok video #7633920441626660110,,20260428,187,208600,10700,223,111,,"Mozart/Requiem ""Lacrimosa""(1394506)",Mint,False
7633899393447365902,democrats,https://www.tiktok.com/@democrats/video/7633899393447365902,senile ,senile ,20260428,23,206100,16600,286,1470,,Complete silence no sound,Random stuff ✨🌈,False
7633885301483638029,democrats,https://www.tiktok.com/@democrats/video/7633885301483638029,💔,💔,20260428,7,7200000,1600000,3685,248700,,original sound - solo.mp3,solo.mp3,False
7633554529841106190,democrats,https://www.tiktok.com/@democrats/video/7633554529841106190,TikTok video #7633554529841106190,,20260427,6,225400,11200,364,313,,original sound,PieterJohnsen,False
7633537950147431693,democrats,https://www.tiktok.com/@democrats/video/7633537950147431693,erm…,erm…,20260427,11,440100,43000,659,11900,,original sound,Democrats,False
7633494732756241677,democrats,https://www.tiktok.com/@democrats/video/7633494732756241677,don’t sleep on her 🤧,don’t sleep on her 🤧,20260427,10,155700,14300,125,153,,original sound,PokéBag,False
7632724142462078222,democrats,https://www.tiktok.com/@democrats/video/7632724142462078222,inspiring the next generation of leaders 🫶,inspiring the next generation of leaders 🫶,20260425,9,187600,6737,87,59,,peakland saga,luhh_stu,False
7632435857957326094,democrats,https://www.tiktok.com/@democrats/video/7632435857957326094,TikTok video #7632435857957326094,,20260424,11,379800,21600,119,347,,use this sound,druski 😝,False
7632428464586427661,democrats,https://www.tiktok.com/@democrats/video/7632428464586427661,TikTok video #7632428464586427661,,20260424,23,265200,10600,75,247,,paul,َ,False
7632077087683235086,democrats,https://www.tiktok.com/@democrats/video/7632077087683235086,TikTok video #7632077087683235086,,20260423,43,824000,97500,585,2841,,original sound,Megspam,False
7632030551234317581,democrats,https://www.tiktok.com/@democrats/video/7632030551234317581,drinking buddies! ,drinking buddies! ,20260423,22,315200,23500,63,2393,,original sound,DJ Mgod,False
7631977388389207310,democrats,https://www.tiktok.com/@democrats/video/7631977388389207310,umm,umm,20260423,6,673700,26000,586,7233,,original sound,Democrats,False
7631702006524054798,democrats,https://www.tiktok.com/@democrats/video/7631702006524054798,happy earth day 🌎 ,happy earth day 🌎 ,20260422,17,427600,58200,291,1353,,original sound - ~Lyrics~,M.,False
7631678097808493838,democrats,https://www.tiktok.com/@democrats/video/7631678097808493838,VIRGINIA WITH THE REDISTRICTING W 🔥,VIRGINIA WITH THE REDISTRICTING W 🔥,20260422,11,771800,90300,599,2531,,original sound,1ts.wrx,False
7631627976345505038,democrats,https://www.tiktok.com/@democrats/video/7631627976345505038,breathing like a dog ,breathing like a dog ,20260422,62,1000000,83500,1219,24500,,original sound,Democrats,False
7631385369388322062,democrats,https://www.tiktok.com/@democrats/video/7631385369388322062,👏,👏,20260422,58,717800,74600,605,1779,,fck off,_bogachka_,False
7631329250418691341,democrats,https://www.tiktok.com/@democrats/video/7631329250418691341,powerful if you think about it ,powerful if you think about it ,20260421,8,534300,43800,463,6517,,Sunshine Lollipops and Rainbows by Lesley Gore,Mr. Mild Social Anxiety,False
7631300294206360845,democrats,https://www.tiktok.com/@democrats/video/7631300294206360845,trump trivia ,trump trivia ,20260421,16,45300000,8100000,20800,958500,,Kahoot,MrCrashFox,False
7631225658886180109,democrats,https://www.tiktok.com/@democrats/video/7631225658886180109,🤢,🤢,20260421,6,949800,103300,225,13500,,Originalton,aboutfufu,False
7630974791670975757,democrats,https://www.tiktok.com/@democrats/video/7630974791670975757,TikTok video #7630974791670975757,,20260420,24,458200,22000,213,444,,original sound,gentle motif,False
7630963261160181006,democrats,https://www.tiktok.com/@democrats/video/7630963261160181006,legalize it ,legalize it ,20260420,8,9000000,1500000,6826,139600,,original sound - Maria.Marie,Maria.Marie,False
7630956000463293709,democrats,https://www.tiktok.com/@democrats/video/7630956000463293709,TikTok video #7630956000463293709,,20260420,23,3500000,418600,2279,116900,,som original,ShadowWayDriver,False
7630910369883589902,democrats,https://www.tiktok.com/@democrats/video/7630910369883589902,goat,goat,20260420,17,1700000,384000,535,16900,,original sound,naima,False
7630879934939974925,democrats,https://www.tiktok.com/@democrats/video/7630879934939974925,yikes,yikes,20260420,11,356800,23500,150,590,,rattlin bog,maddog,False
7630846149515087117,democrats,https://www.tiktok.com/@democrats/video/7630846149515087117,TikTok video #7630846149515087117,,20260420,13,681800,89100,438,13000,,original sound,✨Walter the Catt✨,False
7630233802261990670,democrats,https://www.tiktok.com/@democrats/video/7630233802261990670,💙,💙,20260418,28,5000000,924500,2037,91400,,original sound,Democrats,False
7630223198595943693,democrats,https://www.tiktok.com/@democrats/video/7630223198595943693,real leaders ,real leaders ,20260418,9,1600000,296500,1103,14400,,som original,user34976877295,False
7629813150950493454,democrats,https://www.tiktok.com/@democrats/video/7629813150950493454,he’s old as fart ,he’s old as fart ,20260417,6,475400,41200,348,2511,,son original,memes sound box,False
7629785946514361614,democrats,https://www.tiktok.com/@democrats/video/7629785946514361614,💖,💖,20260417,18,304400,20300,205,478,,original sound,★,False
7629750053208444174,democrats,https://www.tiktok.com/@democrats/video/7629750053208444174,hello???,hello???,20260417,10,225300,5764,80,179,,original sound,Democrats,False
7629740582532861198,democrats,https://www.tiktok.com/@democrats/video/7629740582532861198,TikTok video #7629740582532861198,,20260417,75,267800,13700,107,506,,original sound,🫧stormist808🌪️🧧🏮🩸🛁🪴🪟⛈,False
7629529112532569357,democrats,https://www.tiktok.com/@democrats/video/7629529112532569357,TikTok video #7629529112532569357,,20260417,44,222000,8186,63,53,,original sound,★,False
7629486285538823437,democrats,https://www.tiktok.com/@democrats/video/7629486285538823437,the american pope 🇺🇸,the american pope 🇺🇸,20260416,22,384900,44300,228,985,,original sound,n ᢉ𐭩,False
7629416411542129933,democrats,https://www.tiktok.com/@democrats/video/7629416411542129933,peek-a-boo,peek-a-boo,20260416,9,12500000,2300000,4672,201100,,original sound,noelle !,False
7629408785815162125,democrats,https://www.tiktok.com/@democrats/video/7629408785815162125,TikTok video #7629408785815162125,,20260416,22,848200,82900,148,285,,how to never stop being sad,favsoundds,False
7629397192947649806,democrats,https://www.tiktok.com/@democrats/video/7629397192947649806,😵‍💫,😵‍💫,20260416,11,2800000,352500,787,21300,,original sound,𝜗𝜚⋆₊˚,False
7629386565575249165,democrats,https://www.tiktok.com/@democrats/video/7629386565575249165,our lord and savior Samuel L. Jackson ,our lord and savior Samuel L. Jackson ,20260416,39,1700000,180400,1448,28800,,original sound,Democrats,False
7629074203962051854,democrats,https://www.tiktok.com/@democrats/video/7629074203962051854,💙,💙,20260415,10,179800,10900,45,95,,original sound,𝐿𝑢𝑙𝑢,False
7629058917166828813,democrats,https://www.tiktok.com/@democrats/video/7629058917166828813,uhhh???,uhhh???,20260415,14,510200,28500,779,2635,,original sound,Democrats,False
7629020971978050829,democrats,https://www.tiktok.com/@democrats/video/7629020971978050829,TikTok video #7629020971978050829,,20260415,9,671800,63900,175,829,,original sound,↻ ◁ II ▷ ↺,False
7629011265993608462,democrats,https://www.tiktok.com/@democrats/video/7629011265993608462,thanks trump 😀,thanks trump 😀,20260415,12,3100000,778100,1672,61100,,Mount Everest,🌺,False
7629001931800825101,democrats,https://www.tiktok.com/@democrats/video/7629001931800825101,and the crowd goes mild,and the crowd goes mild,20260415,11,481500,41600,1572,1869,,original sound,SOUND COLLECTION,False
7628782065730718990,democrats,https://www.tiktok.com/@democrats/video/7628782065730718990,TikTok video #7628782065730718990,,20260415,10,290200,7722,31,39,,original sound,Curlsforgirls,False
7628745928396115214,democrats,https://www.tiktok.com/@democrats/video/7628745928396115214,wow,wow,20260414,14,660100,73500,255,1068,,original sound,Democrats,False
7628685675247734030,democrats,https://www.tiktok.com/@democrats/video/7628685675247734030,bff’s,bff’s,20260414,6,2400000,360700,1119,45700,,original sound,zydariusss,False
7628666598760385806,democrats,https://www.tiktok.com/@democrats/video/7628666598760385806,looking ugly per usual  ,looking ugly per usual  ,20260414,9,387700,55400,228,8320,,original sound,ʚ♡ɞ,False
7628379832585293069,democrats,https://www.tiktok.com/@democrats/video/7628379832585293069,TikTok video #7628379832585293069,,20260413,26,2300000,233000,805,19700,,Greys Anatomy original intro,songsyouforgotabout,False
7628366298103155981,democrats,https://www.tiktok.com/@democrats/video/7628366298103155981,bruh  ,bruh  ,20260413,8,391200,40200,127,2333,,original sound,Nelly Furtado,False
7628308629204094222,democrats,https://www.tiktok.com/@democrats/video/7628308629204094222,TikTok video #7628308629204094222,,20260413,21,895100,124900,214,3370,,original sound,Edit audios <3,False
7628270777112038669,democrats,https://www.tiktok.com/@democrats/video/7628270777112038669,a class act 👏,a class act 👏,20260413,22,747200,92100,204,2004,,original sound,Democrats,False
7628265412429499661,democrats,https://www.tiktok.com/@democrats/video/7628265412429499661,even the pope??,even the pope??,20260413,58,191200,13700,188,737,,original sound,Democrats,False
7627515966011804942,democrats,https://www.tiktok.com/@democrats/video/7627515966011804942,welcome home ❤️🇺🇸,welcome home ❤️🇺🇸,20260411,12,1000000,180800,228,3623,,som original,diesper,False
7627312238671432974,democrats,https://www.tiktok.com/@democrats/video/7627312238671432974,🚀🇺🇸,🚀🇺🇸,20260411,21,560400,88500,360,2391,,som original,ka,False
7627256230351867149,democrats,https://www.tiktok.com/@democrats/video/7627256230351867149,yes exactly,yes exactly,20260410,7,1200000,134400,231,4497,,original sound,Addison Rae,False
7627206740626525453,democrats,https://www.tiktok.com/@democrats/video/7627206740626525453,TikTok video #7627206740626525453,,20260410,21,623000,52900,110,1272,,original sound,ᴋɪʀsᴛʏ,False
7627191660107140366,democrats,https://www.tiktok.com/@democrats/video/7627191660107140366,omg 😳 ,omg 😳 ,20260410,52,3900000,496500,1871,94200,,original sound,Democrats,False
7627141553311550734,democrats,https://www.tiktok.com/@democrats/video/7627141553311550734,it’s about the mets baby!!!,it’s about the mets baby!!!,20260410,7,772500,62600,324,2541,,original sound,KingpinMets,False
7626883722784066829,democrats,https://www.tiktok.com/@democrats/video/7626883722784066829,we will always choose each other 🇺🇸,we will always choose each other 🇺🇸,20260409,30,1200000,246900,244,5607,,original sound,mads 🐄,False
7626865346833681678,democrats,https://www.tiktok.com/@democrats/video/7626865346833681678,TikTok video #7626865346833681678,,20260409,14,270600,15500,119,205,,suara asli - CapCut Templates,CapCut Templates,False
7626842934557609229,democrats,https://www.tiktok.com/@democrats/video/7626842934557609229,👀,👀,20260409,12,6500000,670800,2188,67600,,original sound,Democrats,False
7626838269917105422,democrats,https://www.tiktok.com/@democrats/video/7626838269917105422,omg,omg,20260409,13,3200000,210900,1376,21700,,original sound,Democrats,False
7626812815013154062,democrats,https://www.tiktok.com/@democrats/video/7626812815013154062,the senator astronaut from arizona 🫡 ,the senator astronaut from arizona 🫡 ,20260409,17,146200,8311,47,55,,som original,𝓜,False
7626801424776563982,democrats,https://www.tiktok.com/@democrats/video/7626801424776563982,🤮,🤮,20260409,9,501600,74600,350,10200,,original sound,𝐓𝐄𝐌𝐏𝐋𝐀𝐓𝐄 𝐖𝐑𝐋𝐃,False
7626773797567319310,democrats,https://www.tiktok.com/@democrats/video/7626773797567319310,TikTok video #7626773797567319310,,20260409,15,796800,163500,247,1357,,original sound,Lauren,False
7626765061524098317,democrats,https://www.tiktok.com/@democrats/video/7626765061524098317,TikTok video #7626765061524098317,,20260409,17,1500000,130800,1424,20200,,original sound,‍ned,False
7626513198199344398,democrats,https://www.tiktok.com/@democrats/video/7626513198199344398,💙,💙,20260408,11,626300,112500,416,2585,,original sound,dotfos,False
7626496309322632461,democrats,https://www.tiktok.com/@democrats/video/7626496309322632461,poor jd 😞,poor jd 😞,20260408,23,231400,19700,121,669,,Chopin Nocturne No. 2 Piano Mono,moshimo sound design,False
7626485049998789901,democrats,https://www.tiktok.com/@democrats/video/7626485049998789901,horrific.,horrific.,20260408,38,194100,6897,92,133,,original sound,Democrats,False
7626455434840313101,democrats,https://www.tiktok.com/@democrats/video/7626455434840313101,⛳️🏌️‍♂️,⛳️🏌️‍♂️,20260408,14,131700,9324,66,136,,original sound,🎧ྀི,False
7626432996895182093,democrats,https://www.tiktok.com/@democrats/video/7626432996895182093,TikTok video #7626432996895182093,,20260408,11,1700000,305000,1112,61600,,original sound,shay,False
7626418601683193101,democrats,https://www.tiktok.com/@democrats/video/7626418601683193101,TikTok video #7626418601683193101,,20260408,23,165900,5042,44,43,,original sound,Xw0ziLyrics,False
7626200910082870541,democrats,https://www.tiktok.com/@democrats/video/7626200910082870541,TikTok video #7626200910082870541,,20260408,26,198400,20600,193,341,,original sound,nj.audios,False
7626128177030630669,democrats,https://www.tiktok.com/@democrats/video/7626128177030630669,he’s deranged ,he’s deranged ,20260407,40,275200,14200,114,1065,,my little winter (slowed),Willix,False
7626118663124307214,democrats,https://www.tiktok.com/@democrats/video/7626118663124307214,blood on their hands,blood on their hands,20260407,44,4000000,541100,1049,51100,,som original,letrasdorock,False
7626043474625711373,democrats,https://www.tiktok.com/@democrats/video/7626043474625711373,TikTok video #7626043474625711373,,20260407,60,529100,19400,185,916,,som original,GG Song🎵,False
7626034869637811470,democrats,https://www.tiktok.com/@democrats/video/7626034869637811470,lol,lol,20260407,8,364900,13700,161,1112,,origineel geluid,BackinTime✨,False
7625784976897740045,democrats,https://www.tiktok.com/@democrats/video/7625784976897740045,delivering for New York,delivering for New York,20260406,10,3400000,404800,881,6083,,original sound,𝙋𝙃𝙊𝙉𝙆 𝙃𝙓,False
7625737478850333965,democrats,https://www.tiktok.com/@democrats/video/7625737478850333965,TikTok video #7625737478850333965,,20260406,43,250500,27000,130,383,,original sound,Megspam,False
7625701872204139790,democrats,https://www.tiktok.com/@democrats/video/7625701872204139790,it won’t despawn ,it won’t despawn ,20260406,7,1500000,272600,967,65200,,original sound,Jor,False
7625680005233642765,democrats,https://www.tiktok.com/@democrats/video/7625680005233642765,⁉️,⁉️,20260406,22,346700,20600,426,2850,,original sound,Democrats,False
7625663604154699022,democrats,https://www.tiktok.com/@democrats/video/7625663604154699022,TikTok video #7625663604154699022,,20260406,7,643700,115100,187,1911,,original sound,Dre ⭐️,False
7624638984311819533,democrats,https://www.tiktok.com/@democrats/video/7624638984311819533,this show sucks ,this show sucks ,20260403,21,285700,16500,429,262,,original sound,Democrats,False
7624629091114749198,democrats,https://www.tiktok.com/@democrats/video/7624629091114749198,inspiring a nation 🫩,inspiring a nation 🫩,20260403,21,163300,5868,89,121,,original sound,Democrats,False
7624613636056583437,democrats,https://www.tiktok.com/@democrats/video/7624613636056583437,😞,😞,20260403,7,452400,67400,246,1577,,original sound,The Pyramid Experiments,False
7624605730292681998,democrats,https://www.tiktok.com/@democrats/video/7624605730292681998,TikTok video #7624605730292681998,,20260403,17,601700,35800,711,3459,,orijinal ses,L,False
7624586166704147725,democrats,https://www.tiktok.com/@democrats/video/7624586166704147725,worst president oat,worst president oat,20260403,8,298500,27900,184,782,,original sound,GivingTheLyrics,False
7624550472308788493,democrats,https://www.tiktok.com/@democrats/video/7624550472308788493,yikes,yikes,20260403,22,189100,11800,70,67,,original sound,Democrats,False
7624540072989199629,democrats,https://www.tiktok.com/@democrats/video/7624540072989199629,🤢,🤢,20260403,25,619600,85300,655,14600,,original sound,thesavbananas,False
7624522667827252494,democrats,https://www.tiktok.com/@democrats/video/7624522667827252494,🗣️,🗣️,20260403,15,162600,31100,148,1748,,original sound,cdlyrics,False
7624256298489531661,democrats,https://www.tiktok.com/@democrats/video/7624256298489531661,sad! ,sad! ,20260402,26,1100000,118400,849,4904,,original sound,best songs 🔛🔝,False
7624246160529640717,democrats,https://www.tiktok.com/@democrats/video/7624246160529640717,what the fuck?,what the fuck?,20260402,24,200200,9198,153,488,,original sound,Democrats,False
7624241592030842125,democrats,https://www.tiktok.com/@democrats/video/7624241592030842125,👍,👍,20260402,5,1300000,164500,742,8126,,Meow meow meow meow,𝐊𝐫𝐚𝐦 𖠱yer𖠣,False
7624232393641069838,democrats,https://www.tiktok.com/@democrats/video/7624232393641069838,TikTok video #7624232393641069838,,20260402,18,1500000,113500,214,1687,,original sound,★,False
7624224388845456653,democrats,https://www.tiktok.com/@democrats/video/7624224388845456653,TikTok video #7624224388845456653,,20260402,40,150500,7517,60,120,,goodbye sabrina carpenter,not lexie,False
7624183354262473998,democrats,https://www.tiktok.com/@democrats/video/7624183354262473998,TikTok video #7624183354262473998,,20260402,8,115800,5645,80,86,,original sound,Freeform,False
7624175455733697805,democrats,https://www.tiktok.com/@democrats/video/7624175455733697805,📈,📈,20260402,72,76000,3498,65,279,,original sound,The 615 House,False
7624161071196114189,democrats,https://www.tiktok.com/@democrats/video/7624161071196114189,someone tell him to stfu,someone tell him to stfu,20260402,11,321500,40100,106,4710,,Céline sauce,#1 🪴Marilyn Thornhill fan𝜗𝜚,False
7623910951393234190,democrats,https://www.tiktok.com/@democrats/video/7623910951393234190,just not true btw,just not true btw,20260401,39,585200,33000,1119,3968,,original sound,Democrats,False
7623898673075834126,democrats,https://www.tiktok.com/@democrats/video/7623898673075834126,wtf,wtf,20260401,11,324100,13400,169,1375,,original sound,Democrats,False
7623891549335620878,democrats,https://www.tiktok.com/@democrats/video/7623891549335620878,TikTok video #7623891549335620878,,20260401,29,100900,5212,34,61,,original sound,Jordan Stone,False
7623884474085920013,democrats,https://www.tiktok.com/@democrats/video/7623884474085920013,he’s repulsive ,he’s repulsive ,20260401,17,1600000,265200,400,17400,,original sound,￴￴￴ ￴￴  ￴￴ ￴￴ ￴￴￴ ￴￴ ￴￴ ￴￴￴,False
7623859480505093390,democrats,https://www.tiktok.com/@democrats/video/7623859480505093390,this land was made for you and me.,this land was made for you and me.,20260401,18,1000000,95900,1660,2447,,original sound,e,False
7623815452342373645,democrats,https://www.tiktok.com/@democrats/video/7623815452342373645,💙🇺🇸,💙🇺🇸,20260401,9,156600,23400,76,150,,sonido original - Hugo Vermello,Hugo Vermello,False
7623510828318215438,democrats,https://www.tiktok.com/@democrats/video/7623510828318215438,ms. rachel on 🔝,ms. rachel on 🔝,20260331,8,128200,7729,63,75,,original sound,Baby Tate,False
7623473495770434830,democrats,https://www.tiktok.com/@democrats/video/7623473495770434830,lol,lol,20260331,16,695800,110900,1451,5292,,original sound,Lorelei,False
7623464272366013710,democrats,https://www.tiktok.com/@democrats/video/7623464272366013710,a brighter future is ahead of us ☀️,a brighter future is ahead of us ☀️,20260331,12,1900000,389300,714,5400,,Shake it out,<𝟹,False
7623450167315844365,democrats,https://www.tiktok.com/@democrats/video/7623450167315844365,TikTok video #7623450167315844365,,20260331,6,2900000,240200,1119,66900,,original sound,Crackingupp || 200K,False
7623436649359346957,democrats,https://www.tiktok.com/@democrats/video/7623436649359346957,TikTok video #7623436649359346957,,20260331,25,499600,29300,262,829,,original sound,MEGAMIX,False
7623146874492570893,democrats,https://www.tiktok.com/@democrats/video/7623146874492570893,???,???,20260330,7,984800,117600,430,2622,,suara asli - weeee,𝙆𝙞𝙣𝙜`icibos,False
7623136713904377101,democrats,https://www.tiktok.com/@democrats/video/7623136713904377101,priorities ig ,priorities ig ,20260330,9,328800,44100,148,3263,,tale as old as time,𝘢𝘶𝘳𝘰𝘳𝘢,False
7623087468312595725,democrats,https://www.tiktok.com/@democrats/video/7623087468312595725,lol,lol,20260330,23,602900,88500,846,9147,,original sound,kancho bhai 🥷❣️,False
7623078034194582797,democrats,https://www.tiktok.com/@democrats/video/7623078034194582797,‼️,‼️,20260330,70,116900,10900,69,234,,original sound,Democrats,False
7623057478145608974,democrats,https://www.tiktok.com/@democrats/video/7623057478145608974,no kings in america. ,no kings in america. ,20260330,29,1400000,290100,480,26700,,original sound,miao☆,False
7622061785251613965,democrats,https://www.tiktok.com/@democrats/video/7622061785251613965,doing anything but lowering gas prices 😭,doing anything but lowering gas prices 😭,20260327,12,234000,9023,147,522,,original sound,cheeseylukegta,False
7622053260085431565,democrats,https://www.tiktok.com/@democrats/video/7622053260085431565,there’s still $24.2 billion left btw ,there’s still $24.2 billion left btw ,20260327,21,387500,29900,125,2082,,original sound - wang.audios,wang.audios,False
7621988586321235214,democrats,https://www.tiktok.com/@democrats/video/7621988586321235214,❤️,❤️,20260327,8,1300000,157400,575,7498,,original sound,Democrats,False
7621974746049039629,democrats,https://www.tiktok.com/@democrats/video/7621974746049039629,💔,💔,20260327,12,220700,20200,150,986,,sonido original,vivi,False
7621951612210138382,democrats,https://www.tiktok.com/@democrats/video/7621951612210138382,this guy is so fucking horny,this guy is so fucking horny,20260327,60,481900,44900,206,7775,,original sound,Democrats,False
7621694492504083725,democrats,https://www.tiktok.com/@democrats/video/7621694492504083725,with the exception of satoru gojo ofc,with the exception of satoru gojo ofc,20260326,36,11100000,1600000,7907,488700,,Delirious,ｘｕｎ,False
7621677416338967822,democrats,https://www.tiktok.com/@democrats/video/7621677416338967822,😭,😭,20260326,6,1400000,228900,1004,19300,,Originalton,goffyberni,False
7621670661198581005,democrats,https://www.tiktok.com/@democrats/video/7621670661198581005,💙,💙,20260326,7,235100,31100,169,254,,original sound,Kathsladybug,False
7621647327828249870,democrats,https://www.tiktok.com/@democrats/video/7621647327828249870,"it’s opening day, america 🇺🇸🦅","it’s opening day, america 🇺🇸🦅",20260326,10,223000,19700,96,264,,original sound,dean 𐂂,False
7621608443677248781,democrats,https://www.tiktok.com/@democrats/video/7621608443677248781,🫩,🫩,20260326,7,5300000,409800,4345,100600,,original sound,Democrats,False
7621597898156936462,democrats,https://www.tiktok.com/@democrats/video/7621597898156936462,lol,lol,20260326,14,590700,57000,411,9287,,original sound,v.k.dixon,False
7621319994973900046,democrats,https://www.tiktok.com/@democrats/video/7621319994973900046,nov 2026 🔜,nov 2026 🔜,20260325,12,117800,5402,52,52,,Bedtime,Meep,False
7621311182506413325,democrats,https://www.tiktok.com/@democrats/video/7621311182506413325,"thank you, mayor mamdani!","thank you, mayor mamdani!",20260325,16,500300,86800,151,2075,,My little chompers,idiot,False
7621303438902578445,democrats,https://www.tiktok.com/@democrats/video/7621303438902578445,wtf? ,wtf? ,20260325,24,670100,43300,1033,3814,,original sound,Democrats,False
7621282572986813709,democrats,https://www.tiktok.com/@democrats/video/7621282572986813709,you’ll always find your way back home ✨,you’ll always find your way back home ✨,20260325,12,558900,83000,161,16800,,original sound,OG Disney Channel Throwbacks,False
7621220373815774478,democrats,https://www.tiktok.com/@democrats/video/7621220373815774478,???,???,20260325,10,1700000,234600,1031,36300,,original sound - BBC News,BBC News,False
7620988685454019853,democrats,https://www.tiktok.com/@democrats/video/7620988685454019853,@Republicans 🫵🤣,@Republicans 🫵🤣,20260325,59,328500,53800,243,1126,,original sound,On The Radar Radio,False
7620970172563705101,democrats,https://www.tiktok.com/@democrats/video/7620970172563705101,wow ,wow ,20260324,10,280400,28300,244,1290,,original sound,Chief Green Screens,False
7620942287706672397,democrats,https://www.tiktok.com/@democrats/video/7620942287706672397,we can go up!,we can go up!,20260324,11,2700000,456900,1231,11900,,original sound,🧚‍♀️,False
7620890034069163278,democrats,https://www.tiktok.com/@democrats/video/7620890034069163278,TikTok video #7620890034069163278,,20260324,15,500400,32000,251,1748,,i was lighting before the thunder,Frasuant,False
7620876997039754509,democrats,https://www.tiktok.com/@democrats/video/7620876997039754509,don’t look away.,don’t look away.,20260324,21,2800000,711300,1232,23800,,original sound,𝐀 𝐒 𝐆 𝐕,False
7620859301090839822,democrats,https://www.tiktok.com/@democrats/video/7620859301090839822,TikTok video #7620859301090839822,,20260324,20,147800,13800,88,158,,original sound,🇺🇸TK_125🇺🇸,False
7620562369420201229,democrats,https://www.tiktok.com/@democrats/video/7620562369420201229,TikTok video #7620562369420201229,,20260323,96,771400,57100,401,10000,,original sound,miefomik,False
7620551306268134670,democrats,https://www.tiktok.com/@democrats/video/7620551306268134670,🤢,🤢,20260323,15,627700,33100,403,1980,,original sound,Democrats,False
7620480771899329805,democrats,https://www.tiktok.com/@democrats/video/7620480771899329805,"he’s talking about sending armed, untrained ICE agents to airports btw ","he’s talking about sending armed, untrained ICE agents to airports btw ",20260323,10,190800,9688,122,1101,,original sound,Democrats,False
7620471493272554765,democrats,https://www.tiktok.com/@democrats/video/7620471493272554765,16 years of the Affordable Care Act 💙,16 years of the Affordable Care Act 💙,20260323,10,379300,73300,233,3506,,sonido original,Melsita ✨🫀,False
7620453279532731662,democrats,https://www.tiktok.com/@democrats/video/7620453279532731662,TikTok video #7620453279532731662,,20260323,49,942300,97000,322,2867,,orijinal ses,alls,False
7619429652423118094,democrats,https://www.tiktok.com/@democrats/video/7619429652423118094,TikTok video #7619429652423118094,,20260320,47,556700,44400,207,1186,,original sound,stvrnaudio,False
7619421820365573390,democrats,https://www.tiktok.com/@democrats/video/7619421820365573390,😃,😃,20260320,17,717600,75200,239,4429,,original sound,Sam Jorden,False
7619412273106275598,democrats,https://www.tiktok.com/@democrats/video/7619412273106275598,first ever office of community safety ✅,first ever office of community safety ✅,20260320,13,387500,42900,202,391,,original sound,All-Star FX,False
7619354527233297677,democrats,https://www.tiktok.com/@democrats/video/7619354527233297677,new decrepit hand pic dropped 😍,new decrepit hand pic dropped 😍,20260320,8,319600,34700,282,5916,,original sound,Craygar,False
7619342107492371725,democrats,https://www.tiktok.com/@democrats/video/7619342107492371725,real american patriots 🇺🇸,real american patriots 🇺🇸,20260320,23,178300,12800,57,253,,original sound - polina,polina,False
7619081010180918541,democrats,https://www.tiktok.com/@democrats/video/7619081010180918541,lol ,lol ,20260319,24,266500,20600,131,1530,,original sound,Democrats,False
7619040255521393934,democrats,https://www.tiktok.com/@democrats/video/7619040255521393934,TikTok video #7619040255521393934,,20260319,26,222400,25200,131,379,,original sound,౨ৎ,False
7619031736239934733,democrats,https://www.tiktok.com/@democrats/video/7619031736239934733,TikTok video #7619031736239934733,,20260319,33,163700,4950,73,71,,original sound,𝐀 𝐒 𝐆 𝐕,False
7618997895030770958,democrats,https://www.tiktok.com/@democrats/video/7618997895030770958,it’s the same story 23 years later,it’s the same story 23 years later,20260319,12,150700,7481,64,140,,som original,👾,False
7618713256340884750,democrats,https://www.tiktok.com/@democrats/video/7618713256340884750,sure pal ,sure pal ,20260318,8,516800,63100,226,1106,,original sound,soundeffectpack,False
7618700073496579341,democrats,https://www.tiktok.com/@democrats/video/7618700073496579341,in jerome we trust 🫡,in jerome we trust 🫡,20260318,16,198000,15800,194,682,,original sound,angelsae.audios,False
7618680247763930381,democrats,https://www.tiktok.com/@democrats/video/7618680247763930381,horrible.,horrible.,20260318,18,230200,26100,206,496,,original sound,delaudios,False
7618672946566991118,democrats,https://www.tiktok.com/@democrats/video/7618672946566991118,💙,💙,20260318,17,804800,173500,496,13900,,Originalton,𝄞,False
7618644705584237838,democrats,https://www.tiktok.com/@democrats/video/7618644705584237838,this guy is in charge of the FCC btw,this guy is in charge of the FCC btw,20260318,7,189100,12100,121,766,,Bloopin,Eddie EWI,False
7618632122722422029,democrats,https://www.tiktok.com/@democrats/video/7618632122722422029,yikes!,yikes!,20260318,7,351900,32200,116,799,,original sound,Sam Allais,False
7618622848541789454,democrats,https://www.tiktok.com/@democrats/video/7618622848541789454,the “pro peace ticket” 🤨,the “pro peace ticket” 🤨,20260318,11,207600,24000,308,1083,,original sound,veryveryvinny,False
7618612905147141389,democrats,https://www.tiktok.com/@democrats/video/7618612905147141389,she’s not wrong ,she’s not wrong ,20260318,16,401400,64500,138,3385,,original sound,Democrats,False
7618576633036836109,democrats,https://www.tiktok.com/@democrats/video/7618576633036836109,JULIANA STRATTON FOR SENATE ‼️,JULIANA STRATTON FOR SENATE ‼️,20260318,7,90500,3566,34,35,,original sound,𝓪𝓶𝓫𝓮𝓻 ♫,False
7618420006728011022,democrats,https://www.tiktok.com/@democrats/video/7618420006728011022,TikTok video #7618420006728011022,,20260318,39,128200,9072,72,128,,оригинальный звук,𝔞𝔫𝔤𝔢𝔩♱,False
7618389067306175757,democrats,https://www.tiktok.com/@democrats/video/7618389067306175757,LFG,LFG,20260318,7,121700,4851,61,132,,original sound,lyrik ✍🏽,False
7618383360712363277,democrats,https://www.tiktok.com/@democrats/video/7618383360712363277,TikTok video #7618383360712363277,,20260318,59,223500,21700,426,345,,original sound,chill.vibes,False
7618346695700581646,democrats,https://www.tiktok.com/@democrats/video/7618346695700581646,TikTok video #7618346695700581646,,20260317,59,988700,88900,181,4337,,som original,ChippiChawa,False
7618337930691628301,democrats,https://www.tiktok.com/@democrats/video/7618337930691628301,🪄,🪄,20260317,9,410200,74500,186,5431,,original sound - Movieclips,Movieclips,False
7618329192752499982,democrats,https://www.tiktok.com/@democrats/video/7618329192752499982,bruh ,bruh ,20260317,9,514500,13300,145,462,,original sound,Democrats,False
7618323842498366733,democrats,https://www.tiktok.com/@democrats/video/7618323842498366733,🍀,🍀,20260317,7,229300,27600,97,1506,,Irish Obama Yahuah,erikwagner,False
7618276157858794766,democrats,https://www.tiktok.com/@democrats/video/7618276157858794766,TikTok video #7618276157858794766,,20260317,24,239900,20200,152,2336,,Originalton,editss,False
7617983005038103822,democrats,https://www.tiktok.com/@democrats/video/7617983005038103822,😁,😁,20260316,26,2200000,257300,808,68900,,original sound,cheddariniii,False
7617937199874477326,democrats,https://www.tiktok.com/@democrats/video/7617937199874477326,👀,👀,20260316,137,239100,4402,82,119,,original sound,Democrats,False
7617911383870442765,democrats,https://www.tiktok.com/@democrats/video/7617911383870442765,🤭,🤭,20260316,8,31800000,3900000,7820,389000,,original sound,Kensington,False
7617879614437739789,democrats,https://www.tiktok.com/@democrats/video/7617879614437739789,TikTok video #7617879614437739789,,20260316,15,1300000,190600,1065,7255,,original sound,Jey ☄︎₊˚⊹☆,False
7617871425642302733,democrats,https://www.tiktok.com/@democrats/video/7617871425642302733,go new york go!,go new york go!,20260316,12,516100,55300,194,1718,,original sound,David,False
7617863458805009678,democrats,https://www.tiktok.com/@democrats/video/7617863458805009678,lol,lol,20260316,18,14100000,2000000,9519,729500,,original sound,Phoenix-san,False
7617699154541808910,democrats,https://www.tiktok.com/@democrats/video/7617699154541808910,‼️,‼️,20260316,48,437400,46800,140,698,,original sound,Democrats,False
7617662351759723789,democrats,https://www.tiktok.com/@democrats/video/7617662351759723789,👏,👏,20260316,16,304400,23700,186,416,,original sound,Democrats,False
7616863951904607501,democrats,https://www.tiktok.com/@democrats/video/7616863951904607501,unbelievable.,unbelievable.,20260313,17,1700000,168100,2082,5785,,original sound - radiohuey,radiohuey,False
7616836417104219406,democrats,https://www.tiktok.com/@democrats/video/7616836417104219406,🤨,🤨,20260313,6,789900,65300,263,3301,,original sound,🫧stormist808🌪️🧧🏮🩸🛁🪴🪟⛈,False
7616773987221196045,democrats,https://www.tiktok.com/@democrats/video/7616773987221196045,the math isn’t mathing ,the math isn’t mathing ,20260313,7,1200000,147400,559,4756,,Bonka,bonkas2k,False
7616489200485027086,democrats,https://www.tiktok.com/@democrats/video/7616489200485027086,$2 billion A DAY,$2 billion A DAY,20260312,17,429100,30600,267,1877,,original sound,ʙᴜʀᴘʏ,False
7616481093855890702,democrats,https://www.tiktok.com/@democrats/video/7616481093855890702,it’s the same old theme,it’s the same old theme,20260312,23,4000000,516800,1515,22300,,original sound,song_lyrics12342,False
7616471212125867277,democrats,https://www.tiktok.com/@democrats/video/7616471212125867277,must smell crazy in there,must smell crazy in there,20260312,9,8100000,704500,1849,85100,,Every day bro sped up,ro’,False
7616419638489992462,democrats,https://www.tiktok.com/@democrats/video/7616419638489992462,nasty ,nasty ,20260312,9,16300000,1400000,5038,342400,,original sound,ᴮᴷ,False
7616403268218014989,democrats,https://www.tiktok.com/@democrats/video/7616403268218014989,why?,why?,20260312,10,2200000,317900,914,21000,,original sound,Macbeth,False
7616394922098265357,democrats,https://www.tiktok.com/@democrats/video/7616394922098265357,gross,gross,20260312,9,424900,37000,238,1175,,original sound,iron.audios,False
7616123069316353293,democrats,https://www.tiktok.com/@democrats/video/7616123069316353293,a new day will come ,a new day will come ,20260311,44,459800,53900,258,2692,,original sound,Rylee,False
7616107936934350093,democrats,https://www.tiktok.com/@democrats/video/7616107936934350093,horrible.,horrible.,20260311,15,527700,41100,366,2468,,original sound,Democrats,False
7616079052666948877,democrats,https://www.tiktok.com/@democrats/video/7616079052666948877,TikTok video #7616079052666948877,,20260311,58,185400,4045,68,129,,original sound,GuilloryFamily,False
7616062468099493134,democrats,https://www.tiktok.com/@democrats/video/7616062468099493134,😬,😬,20260311,6,199800,5710,58,117,,And why arent you in uniform,SpongeBob,False
7616026533899128077,democrats,https://www.tiktok.com/@democrats/video/7616026533899128077,😭 👞 ,😭 👞 ,20260311,12,2300000,55500,341,4735,,original sound,2000s pop hits,False
7616016811015818510,democrats,https://www.tiktok.com/@democrats/video/7616016811015818510,TikTok video #7616016811015818510,,20260311,51,240100,9927,91,208,,original sound,🦇🦇,False
7615757238908505374,democrats,https://www.tiktok.com/@democrats/video/7615757238908505374,the maga agenda,the maga agenda,20260310,20,13600000,2700000,5943,207300,,original sound,madz ★,False
7615718919067798797,democrats,https://www.tiktok.com/@democrats/video/7615718919067798797,TikTok video #7615718919067798797,,20260310,48,1000000,195900,874,40700,,original sound,applelyrics,False
7615712696696130830,democrats,https://www.tiktok.com/@democrats/video/7615712696696130830,TikTok video #7615712696696130830,,20260310,22,450300,31900,170,1095,,original sound,𓉸ྀི,False
7615682622404054285,democrats,https://www.tiktok.com/@democrats/video/7615682622404054285,TikTok video #7615682622404054285,,20260310,10,320600,25200,206,1232,,原聲,</3²,False
7615669662189128973,democrats,https://www.tiktok.com/@democrats/video/7615669662189128973,déjà vu.,déjà vu.,20260310,13,358000,37800,156,469,,son original,dailyclassicaldrop,False
7615661536606047502,democrats,https://www.tiktok.com/@democrats/video/7615661536606047502,TikTok video #7615661536606047502,,20260310,60,558600,51900,78,550,,original sound,Oklahoman Outlaw,False
7615398862764739854,democrats,https://www.tiktok.com/@democrats/video/7615398862764739854,our kennedys 💙,our kennedys 💙,20260309,15,960500,165700,442,8224,,original sound,rem,False
7615381904333769998,democrats,https://www.tiktok.com/@democrats/video/7615381904333769998,yikes…,yikes…,20260309,9,1300000,142600,410,4309,,suono originale,quartzis,False
7615361012253936909,democrats,https://www.tiktok.com/@democrats/video/7615361012253936909,common themes,common themes,20260309,30,1500000,63800,331,2386,,ominous,insensible,False
7615341443640544525,democrats,https://www.tiktok.com/@democrats/video/7615341443640544525,The cost of Trump’s war falls on you. ,The cost of Trump’s war falls on you. ,20260309,132,180900,8564,135,282,,original sound,Democrats,False
7615311118193478925,democrats,https://www.tiktok.com/@democrats/video/7615311118193478925,TikTok video #7615311118193478925,,20260309,50,8200000,721000,623,8885,,original sound,𝐇𝐨𝐥𝐥𝐲,False
7615279092862127374,democrats,https://www.tiktok.com/@democrats/video/7615279092862127374,TikTok video #7615279092862127374,,20260309,14,463900,44400,296,983,,original sound,Underwood=Heisman,False
7614300811316841742,democrats,https://www.tiktok.com/@democrats/video/7614300811316841742,TikTok video #7614300811316841742,,20260307,42,713900,51300,659,1414,,original sound - Meme Soundboard - DJ Lunatique,Meme Effects,False
7614292357772594446,democrats,https://www.tiktok.com/@democrats/video/7614292357772594446,hmmmm,hmmmm,20260306,7,266100,6210,59,65,,original sound,overlays,False
7614284932348644622,democrats,https://www.tiktok.com/@democrats/video/7614284932348644622,american girls 🇺🇸,american girls 🇺🇸,20260306,14,2000000,441300,803,31900,,original sound,fatia,False
7614278160795880717,democrats,https://www.tiktok.com/@democrats/video/7614278160795880717,an elementary school.,an elementary school.,20260306,9,173500,6320,81,131,,sonido original,Gianfranco,False
7614190938604227854,democrats,https://www.tiktok.com/@democrats/video/7614190938604227854,kristi noem’s replacement btw ,kristi noem’s replacement btw ,20260306,7,172400,4381,66,128,,original sound,Lam,False
7614165268436290829,democrats,https://www.tiktok.com/@democrats/video/7614165268436290829,TikTok video #7614165268436290829,,20260306,59,1300000,73900,725,2351,,som original,erique,False
7613889966241795341,democrats,https://www.tiktok.com/@democrats/video/7613889966241795341,womp womp,womp womp,20260305,11,319900,12800,100,495,,original sound,ava,False
7613880610238631182,democrats,https://www.tiktok.com/@democrats/video/7613880610238631182,TikTok video #7613880610238631182,,20260305,15,924200,75400,221,3231,,original sound,evi,False
7613873408639552781,democrats,https://www.tiktok.com/@democrats/video/7613873408639552781,🥳,🥳,20260305,10,174000,6189,49,66,,original sound,Nyourfacetv,False
7613843624777895182,democrats,https://www.tiktok.com/@democrats/video/7613843624777895182,is this winning???,is this winning???,20260305,8,2200000,122700,1382,6774,,suara asli - 𖠋,𖠋,False
7613835812546923790,democrats,https://www.tiktok.com/@democrats/video/7613835812546923790,TikTok video #7613835812546923790,,20260305,27,1500000,230100,582,15200,,Team Rocket Motto,wintendo_prime,False
7613790359415573774,democrats,https://www.tiktok.com/@democrats/video/7613790359415573774,TikTok video #7613790359415573774,,20260305,3600,257300,13400,162,1577,,оригинальный звук,Психология Ислама,False
7613528432546303263,democrats,https://www.tiktok.com/@democrats/video/7613528432546303263,SOMEBODY WAKE HIM,SOMEBODY WAKE HIM,20260304,9,1800000,221900,1360,26800,,AUUGHHH,Wartiors in 6,False
7613515230978575646,democrats,https://www.tiktok.com/@democrats/video/7613515230978575646,we deserve the truth.,we deserve the truth.,20260304,17,4500000,803900,3266,49800,,original sound,ky,False
7613473896527973663,democrats,https://www.tiktok.com/@democrats/video/7613473896527973663,this is his war. ,this is his war. ,20260304,23,688600,69900,1377,3494,,Originalton,musicッ,False
7613446041186094367,democrats,https://www.tiktok.com/@democrats/video/7613446041186094367,TikTok video #7613446041186094367,,20260304,38,8900000,1400000,4204,39600,,original sound,Maya Adams 🎻,False
7613436656116452639,democrats,https://www.tiktok.com/@democrats/video/7613436656116452639,JAMES TALARICO FOR SENATE ‼️,JAMES TALARICO FOR SENATE ‼️,20260304,17,182900,8379,63,129,,original sound,user11183909019,False
7613428541056732446,democrats,https://www.tiktok.com/@democrats/video/7613428541056732446,TikTok video #7613428541056732446,,20260304,59,566100,93200,599,1799,,original sound,Pendejo Chino🪐,False
7613397388157406494,democrats,https://www.tiktok.com/@democrats/video/7613397388157406494,SENATOR ROY COOPER 🔜,SENATOR ROY COOPER 🔜,20260304,12,567100,81600,245,3564,,dracula ft jennie,scarlett 𐙚,False
7613244233343913247,democrats,https://www.tiktok.com/@democrats/video/7613244233343913247,TikTok video #7613244233343913247,,20260304,39,618000,84100,375,1584,,оригинальный звук,𝔞𝔫𝔤𝔢𝔩♱,False
7613216216492068127,democrats,https://www.tiktok.com/@democrats/video/7613216216492068127,TikTok video #7613216216492068127,,20260304,59,162700,6384,48,27,,original sound,Shhlyrics,False
7613157791884184863,democrats,https://www.tiktok.com/@democrats/video/7613157791884184863,found the files ,found the files ,20260303,5,2000000,241400,1173,22700,,dźwięk oryginalny,Nimfa Edek🦜,False
7613107391483088159,democrats,https://www.tiktok.com/@democrats/video/7613107391483088159,TikTok video #7613107391483088159,,20260303,60,1500000,78300,984,2181,,som original,DM,False
7612777213506653453,democrats,https://www.tiktok.com/@democrats/video/7612777213506653453,👬,👬,20260302,20,565700,68600,379,4145,,original sound,Emi,False
7612763400371850509,democrats,https://www.tiktok.com/@democrats/video/7612763400371850509,all they do is lie. ,all they do is lie. ,20260302,17,409700,29200,369,788,,оригинальный звук,Психология Ислама,False
7612737661467397389,democrats,https://www.tiktok.com/@democrats/video/7612737661467397389,liar.,liar.,20260302,18,9200000,1300000,3557,75400,,оригінальний звук,𝕮𝖑𝖆𝖘𝖘𝖎𝖈𝖆𝖑 𝕸𝖚𝖈𝖎𝖈,False
7612729466237783309,democrats,https://www.tiktok.com/@democrats/video/7612729466237783309,TikTok video #7612729466237783309,,20260302,7,1500000,130800,1660,22200,,original sound,lemon,False
7611973216839503117,democrats,https://www.tiktok.com/@democrats/video/7611973216839503117,disgraceful.,disgraceful.,20260228,7,1000000,92400,719,4814,,original sound,Democrats,False
7611957491215142158,democrats,https://www.tiktok.com/@democrats/video/7611957491215142158,residential buildings.,residential buildings.,20260228,13,593500,49000,667,2164,,original sound,Democrats,False
7611949691688733965,democrats,https://www.tiktok.com/@democrats/video/7611949691688733965,TikTok video #7611949691688733965,,20260228,24,500500,27400,271,826,,original sound,radiofart,False
7611656972483529997,democrats,https://www.tiktok.com/@democrats/video/7611656972483529997,dawg 😳,dawg 😳,20260227,16,1400000,96400,401,3474,,original sound,xsmabenderx,False
7611649197267356941,democrats,https://www.tiktok.com/@democrats/video/7611649197267356941,???,???,20260227,6,883400,38300,459,2816,,original sound,Democrats,False
7611615973258349838,democrats,https://www.tiktok.com/@democrats/video/7611615973258349838,lol,lol,20260227,7,475600,72600,345,4779,,Azealia Banks . 212 instrumental,pusiquita,False
7611551946922609933,democrats,https://www.tiktok.com/@democrats/video/7611551946922609933,"one year later, and survivors are still searching for answers.","one year later, and survivors are still searching for answers.",20260227,20,519400,85000,143,797,,original sound,UFO,False
7611300447911038222,democrats,https://www.tiktok.com/@democrats/video/7611300447911038222,🤫,🤫,20260226,11,884800,130100,182,5615,,original sound,☆,False
7611292590322797837,democrats,https://www.tiktok.com/@democrats/video/7611292590322797837,TikTok video #7611292590322797837,,20260226,60,2100000,186700,271,2002,,original sound,LyricScape,False
7611262690916322573,democrats,https://www.tiktok.com/@democrats/video/7611262690916322573,😬,😬,20260226,9,373900,47000,144,2040,,original sound,lyrical999,False
7611248239307689230,democrats,https://www.tiktok.com/@democrats/video/7611248239307689230,TikTok video #7611248239307689230,,20260226,27,591100,56000,91,478,,original sound,em,False
7611181161313766670,democrats,https://www.tiktok.com/@democrats/video/7611181161313766670,TikTok video #7611181161313766670,,20260226,37,5700000,1100000,2426,40300,,White blank page Mumford and sons,videtismee,False
7610931734774942989,democrats,https://www.tiktok.com/@democrats/video/7610931734774942989,yikes!,yikes!,20260225,21,387300,42300,294,1694,,original sound,lyrically,False
7610922483289492749,democrats,https://www.tiktok.com/@democrats/video/7610922483289492749,TikTok video #7610922483289492749,,20260225,57,131200,5341,28,49,,eredeti hang,starsoverlays,False
7610914293541768461,democrats,https://www.tiktok.com/@democrats/video/7610914293541768461,🤔,🤔,20260225,34,342900,54400,229,3415,,original sound,girldogblunt,False
7610895050834218254,democrats,https://www.tiktok.com/@democrats/video/7610895050834218254,real medal holder 🥇,real medal holder 🥇,20260225,17,606000,116100,175,2811,,original sound,risa ﾒ𝟶,False
7610841220847373581,democrats,https://www.tiktok.com/@democrats/video/7610841220847373581,👑,👑,20260225,37,238800,22900,147,736,,original sound,Democrats,False
7610672775539199246,democrats,https://www.tiktok.com/@democrats/video/7610672775539199246,‼️,‼️,20260225,52,117600,6943,54,88,,original sound,Democrats,False
7610666751545675021,democrats,https://www.tiktok.com/@democrats/video/7610666751545675021,👏👏,👏👏,20260225,35,154300,15300,112,328,,original sound,Democrats,False
7610661963303095566,democrats,https://www.tiktok.com/@democrats/video/7610661963303095566,do you feel protected?,do you feel protected?,20260225,8,2100000,428800,2505,13400,,original sound,Dixie ☕︎,False
7610652858307923213,democrats,https://www.tiktok.com/@democrats/video/7610652858307923213,TikTok video #7610652858307923213,,20260225,8,179000,16300,104,338,,original sound,squidward testicles,False
7610635375165443341,democrats,https://www.tiktok.com/@democrats/video/7610635375165443341,TikTok video #7610635375165443341,,20260225,23,576600,77400,168,445,,Let Down,reavesaudios,False
7610627220981288206,democrats,https://www.tiktok.com/@democrats/video/7610627220981288206,"thank you, rep. green.","thank you, rep. green.",20260225,23,163600,15300,61,147,,Welcome To The Store (STEM pad),Homegrown / BMGPM,False
7610587060726009101,democrats,https://www.tiktok.com/@democrats/video/7610587060726009101,lol,lol,20260225,12,187200,13900,131,648,,original sound,Democrats,False
7610573846256684302,democrats,https://www.tiktok.com/@democrats/video/7610573846256684302,🤩,🤩,20260224,7,75800,4040,47,23,,original sound,Chief Green Screens,False
7610484140323982606,democrats,https://www.tiktok.com/@democrats/video/7610484140323982606,TikTok video #7610484140323982606,,20260224,15,517800,58900,395,4524,,original sound,Jey ☄︎₊˚⊹☆,False
7610472599730146574,democrats,https://www.tiktok.com/@democrats/video/7610472599730146574,TikTok video #7610472599730146574,,20260224,16,1000000,102200,382,8069,,original sound,𝓪𝓶𝓫𝓮𝓻 ♫,False
7610457568904793357,democrats,https://www.tiktok.com/@democrats/video/7610457568904793357,💙,💙,20260224,10,711700,86000,157,1433,,original sound - æ,æ,False
7610195311138508046,democrats,https://www.tiktok.com/@democrats/video/7610195311138508046,trump and tariffs explained 😃,trump and tariffs explained 😃,20260223,27,736400,82100,416,4845,,original sound,𝗮𝗿𝗶𝘃𝘂𝗾 ☘︎︎,False
7610184974561512718,democrats,https://www.tiktok.com/@democrats/video/7610184974561512718,🫵🤣,🫵🤣,20260223,25,307100,51700,160,4516,,yelda by yhapojj CYBER SPEED,cyberundergr0und,False
7610091893074038030,democrats,https://www.tiktok.com/@democrats/video/7610091893074038030,picked last for dodgeball vibes ,picked last for dodgeball vibes ,20260223,9,494100,58600,356,1936,,Kortezeats,KortezEats,False
7610064087791209742,democrats,https://www.tiktok.com/@democrats/video/7610064087791209742,"thank you, Team USA 🇺🇸💙","thank you, Team USA 🇺🇸💙",20260223,10,495400,100000,339,847,,original sound,𝕤𝕚𝕣.𝕖𝕣𝕠𝕜,False
7609089282539638030,democrats,https://www.tiktok.com/@democrats/video/7609089282539638030,🤢,🤢,20260220,13,4000000,544200,2608,171900,,original sound,lvstfm ﾒ’𝟶⁷,False
7609062959163215117,democrats,https://www.tiktok.com/@democrats/video/7609062959163215117,yikes!,yikes!,20260220,20,576900,71900,600,2213,,original sound,🌿𝓟𝓪𝓵𝓮𝓸_𝓜𝓪𝓼𝓽𝓮𝓻🌿,False
7609057032078986510,democrats,https://www.tiktok.com/@democrats/video/7609057032078986510,TikTok video #7609057032078986510,,20260220,13,402000,25100,195,939,,original sound,xcx,False
7608954841922161934,democrats,https://www.tiktok.com/@democrats/video/7608954841922161934,😱,😱,20260220,9,2600000,356100,568,39200,,original sound,Charli XCX,False
7608732176846294285,democrats,https://www.tiktok.com/@democrats/video/7608732176846294285,AMERICA’S OWN ALYSA LIU,AMERICA’S OWN ALYSA LIU,20260220,13,7000000,1400000,1045,24500,,original sound,eggaudios,False
7608722734062800142,democrats,https://www.tiktok.com/@democrats/video/7608722734062800142,he’s all over those files ,he’s all over those files ,20260219,19,319800,15800,107,713,,original sound,Democrats,False
7608694930357112077,democrats,https://www.tiktok.com/@democrats/video/7608694930357112077,😞,😞,20260219,6,346400,25000,158,1331,,original sound,Songs lyrics,False
7608684519067045133,democrats,https://www.tiktok.com/@democrats/video/7608684519067045133,yikes 😬 ,yikes 😬 ,20260219,284,215000,4566,64,91,,original sound,Democrats,False
7608638548744473870,democrats,https://www.tiktok.com/@democrats/video/7608638548744473870,😴,😴,20260219,9,307500,18900,237,1720,,1oneam where you at lullaby,ligington,False
7608611428081224973,democrats,https://www.tiktok.com/@democrats/video/7608611428081224973,🌊,🌊,20260219,17,355100,27900,223,3260,,Thomas Thick of it intro,Randomly DVD collector,False
7608603519829970189,democrats,https://www.tiktok.com/@democrats/video/7608603519829970189,think he got the message? ,think he got the message? ,20260219,12,986300,128100,849,8538,,Atomized Language,yasuhiro soda,False
7608591910810307853,democrats,https://www.tiktok.com/@democrats/video/7608591910810307853,🤪,🤪,20260219,11,307900,28900,231,2680,,original sound,Teeth Mouthy 🍉,False
7608345151064313101,democrats,https://www.tiktok.com/@democrats/video/7608345151064313101,TikTok video #7608345151064313101,,20260218,60,917600,55700,504,2475,,she knows,moiseslyricsss,False
7608333632536677646,democrats,https://www.tiktok.com/@democrats/video/7608333632536677646,🇺🇸,🇺🇸,20260218,26,246100,14700,158,1051,,son original,Songs lyrics👾,False
7608312716545051917,democrats,https://www.tiktok.com/@democrats/video/7608312716545051917,pete hegseth’s featured prayer service speaker btw,pete hegseth’s featured prayer service speaker btw,20260218,22,455400,25900,961,3914,,original sound,Democrats,False
7608293284552772878,democrats,https://www.tiktok.com/@democrats/video/7608293284552772878,don’t poke the bear ,don’t poke the bear ,20260218,19,231200,12900,125,288,,original sound,hads | just a fanpage,False
7608269973282098445,democrats,https://www.tiktok.com/@democrats/video/7608269973282098445,quinn hughes just saw the scariest ghost yet,quinn hughes just saw the scariest ghost yet,20260218,9,2300000,298600,1384,44300,,For K Part 2 by Lana Del Rey,nic,False
7608237139918163214,democrats,https://www.tiktok.com/@democrats/video/7608237139918163214,yikes ,yikes ,20260218,12,395200,45800,160,1473,,оригинальный звук,Trixie,False
7607955507684429069,democrats,https://www.tiktok.com/@democrats/video/7607955507684429069,the real mvp of the all-star game,the real mvp of the all-star game,20260217,43,807300,92800,429,16000,,original sound,Democrats,False
7607942236361280782,democrats,https://www.tiktok.com/@democrats/video/7607942236361280782,limitless if it was evil ,limitless if it was evil ,20260217,14,9500000,1600000,6514,553800,,Gojo creating hollow purple,MrBeep,False
7607935660825005325,democrats,https://www.tiktok.com/@democrats/video/7607935660825005325,TikTok video #7607935660825005325,,20260217,21,12700000,1300000,5201,297700,,original sound,𝘢𝘭𝘦𝘴𝘴𝘺𝘢 ♫︎,False
7607913381508467982,democrats,https://www.tiktok.com/@democrats/video/7607913381508467982,🥰,🥰,20260217,20,3600000,429900,863,29600,,original sound,cool boi,False
7607870480313240845,democrats,https://www.tiktok.com/@democrats/video/7607870480313240845,TikTok video #7607870480313240845,,20260217,28,663100,103000,210,727,,original sound,Sam Cooke,False
7607480479171775758,democrats,https://www.tiktok.com/@democrats/video/7607480479171775758,🇺🇸💪,🇺🇸💪,20260216,11,1400000,189200,1254,7513,,Originalton,prod.by.lmar,False
7606768016453373197,democrats,https://www.tiktok.com/@democrats/video/7606768016453373197,💖,💖,20260214,20,7100000,786700,1918,111000,,original sound,Democrats,False
7606480427557211405,democrats,https://www.tiktok.com/@democrats/video/7606480427557211405,the face of MAHA ???,the face of MAHA ???,20260213,7,1200000,140400,561,28600,,original sound - Upward News 🚨,Upward News 🚨,False
7606465080334585102,democrats,https://www.tiktok.com/@democrats/video/7606465080334585102,secretary of homeland security throwing a fit over her blanket btw ,secretary of homeland security throwing a fit over her blanket btw ,20260213,8,791800,101200,218,1169,,original sound,Lena Odell,False
7606440448948718861,democrats,https://www.tiktok.com/@democrats/video/7606440448948718861,new fnaf gameplay just dropped ,new fnaf gameplay just dropped ,20260213,16,2800000,618900,1488,142300,,Join Us For A Bite,:D,False
7606431331072969998,democrats,https://www.tiktok.com/@democrats/video/7606431331072969998,💙,💙,20260213,24,1200000,261000,463,6860,,original sound - ⋆⁺₊⋆ ☾⋆⁺₊⋆,⋆⁺₊⋆ ☾⋆⁺₊⋆,False
7606423950469434638,democrats,https://www.tiktok.com/@democrats/video/7606423950469434638,TikTok video #7606423950469434638,,20260213,48,651000,59300,253,5179,,Better in stereo,𝐧𝐢𝐜𝐤𝐝𝐢𝐬𝐧𝐞𝐲,False
7606401198937099534,democrats,https://www.tiktok.com/@democrats/video/7606401198937099534,🤨,🤨,20260213,5,776800,65400,200,2221,,original sound,Jordan,False
7606389839285603597,democrats,https://www.tiktok.com/@democrats/video/7606389839285603597,TikTok video #7606389839285603597,,20260213,20,851900,24900,152,247,,original sound - polina,polina,False
7606119492204104974,democrats,https://www.tiktok.com/@democrats/video/7606119492204104974,TikTok video #7606119492204104974,,20260212,21,516700,17600,245,462,,original sound,۶ৎ,False
7606108941348588814,democrats,https://www.tiktok.com/@democrats/video/7606108941348588814,whatever you say man,whatever you say man,20260212,7,934500,92900,484,14200,,Originalton,musicッ,False
7606093425145924878,democrats,https://www.tiktok.com/@democrats/video/7606093425145924878,😞,😞,20260212,6,296100,17500,262,1329,,original sound,Jodiepegler🏳️‍🌈🌈,False
7606066329040309517,democrats,https://www.tiktok.com/@democrats/video/7606066329040309517,?????,?????,20260212,7,2500000,234200,2161,74300,,original sound,Democrats,False
7606054529578077454,democrats,https://www.tiktok.com/@democrats/video/7606054529578077454,AMERICA’S WOMENS HOCKEY TEAM 🇺🇸🦅,AMERICA’S WOMENS HOCKEY TEAM 🇺🇸🦅,20260212,24,495300,76300,155,3676,,Originalton - 𝓭 𝓫 𝓴 𝓮 𝓭 𝓲 𝓽 𝔃,𝓭 𝓫 𝓴 𝓮 𝓭 𝓲 𝓽 𝔃,False
7606038660236053774,democrats,https://www.tiktok.com/@democrats/video/7606038660236053774,TikTok video #7606038660236053774,,20260212,20,612500,82300,192,2932,,original sound,🇺🇸TK_125🇺🇸,False
7606004147694931213,democrats,https://www.tiktok.com/@democrats/video/7606004147694931213,lol,lol,20260212,6,551100,78600,199,4494,,original sound,nadia 🦋🌀 ᖭི༏ᖫྀ,False
7605727313413541134,democrats,https://www.tiktok.com/@democrats/video/7605727313413541134,😬,😬,20260211,10,1900000,284000,815,28900,,drip,yasuhiro soda,False
7605709243043351822,democrats,https://www.tiktok.com/@democrats/video/7605709243043351822,lmao,lmao,20260211,9,603600,37900,139,349,,original sound,Deano,False
7605700990314056974,democrats,https://www.tiktok.com/@democrats/video/7605700990314056974,lol,lol,20260211,7,13900000,2100000,4454,372100,,original sound,￶,False
7605689346426932494,democrats,https://www.tiktok.com/@democrats/video/7605689346426932494,TikTok video #7605689346426932494,,20260211,42,8300000,1300000,2138,22200,,original sound,UFO,False
7605675212218338574,democrats,https://www.tiktok.com/@democrats/video/7605675212218338574,the senator from georgia 🫡,the senator from georgia 🫡,20260211,12,276000,19200,150,316,,original sound,g ✩°｡⋆⸜ 🎧✮,False
7605657279567908110,democrats,https://www.tiktok.com/@democrats/video/7605657279567908110,yikes!,yikes!,20260211,17,2900000,278700,950,7121,,original sound,Democrats,False
7605349229556550925,democrats,https://www.tiktok.com/@democrats/video/7605349229556550925,america’s greatest,america’s greatest,20260210,11,1300000,95200,278,2383,,Bass dadada,️,False
7605329185778797838,democrats,https://www.tiktok.com/@democrats/video/7605329185778797838,TikTok video #7605329185778797838,,20260210,41,1700000,187900,249,5541,,som original,⋆.˚✮🎧✮˚.⋆,False
7605319822494207246,democrats,https://www.tiktok.com/@democrats/video/7605319822494207246,❤️,❤️,20260210,18,2900000,639400,1159,10600,,original sound,landfill,False
7605262444524604685,democrats,https://www.tiktok.com/@democrats/video/7605262444524604685,TikTok video #7605262444524604685,,20260210,17,902400,59500,327,1511,,orijinal ses,L,False
7605003418888867085,democrats,https://www.tiktok.com/@democrats/video/7605003418888867085,TikTok video #7605003418888867085,,20260209,59,1500000,127800,206,3685,,American Nights by Zach Bryan,Zach Bryan Snippets,False
7604994830472613133,democrats,https://www.tiktok.com/@democrats/video/7604994830472613133,🔥💪🇺🇸 ,🔥💪🇺🇸 ,20260209,11,13300000,2600000,3368,266000,,AMERICAAA,Ryan,False
7604986326412217613,democrats,https://www.tiktok.com/@democrats/video/7604986326412217613,unbelievable.,unbelievable.,20260209,11,5800000,501800,2312,84200,,original sound,Democrats,False
7604964681895267598,democrats,https://www.tiktok.com/@democrats/video/7604964681895267598,TikTok video #7604964681895267598,,20260209,60,1700000,270600,972,11700,,original sound,☾⋆｡𖦹 °✩,False
7604948677811129613,democrats,https://www.tiktok.com/@democrats/video/7604948677811129613,TikTok video #7604948677811129613,,20260209,29,1200000,136400,218,3008,,original sound,❦,False
7604930709349846285,democrats,https://www.tiktok.com/@democrats/video/7604930709349846285,yikes,yikes,20260209,8,2100000,228400,2140,10800,,original sound,911onABC,False
7604899888035302669,democrats,https://www.tiktok.com/@democrats/video/7604899888035302669,🫵🤣,🫵🤣,20260209,9,4500000,616700,937,23400,,admire the perc,Esteban,False
7604892996319956237,democrats,https://www.tiktok.com/@democrats/video/7604892996319956237,TikTok video #7604892996319956237,,20260209,60,2000000,369400,399,3597,,sonido original,Jhey :),False
7604687850508012814,democrats,https://www.tiktok.com/@democrats/video/7604687850508012814,❤️,❤️,20260209,55,15300000,2800000,4227,54600,,original sound,Democrats,False
7604677719682469134,democrats,https://www.tiktok.com/@democrats/video/7604677719682469134,representation matters.,representation matters.,20260209,13,2900000,560600,718,7080,,original sound,Democrats,False
7604647624234257677,democrats,https://www.tiktok.com/@democrats/video/7604647624234257677,🔥,🔥,20260208,82,12900000,2600000,3637,73700,,original sound,Democrats,False
7603859153852976398,democrats,https://www.tiktok.com/@democrats/video/7603859153852976398,disgusting ,disgusting ,20260206,10,40400000,6000000,48100,722300,,sonido original,Gianfranco,False
7603835999562501390,democrats,https://www.tiktok.com/@democrats/video/7603835999562501390,and the crowd went mild ,and the crowd went mild ,20260206,16,5300000,650700,1814,19800,,original sound - LYRICS VISIONS,LYRICS VISIONS,False
7603825519104150798,democrats,https://www.tiktok.com/@democrats/video/7603825519104150798,anyways…,anyways…,20260206,16,7600000,1500000,3575,49700,,original sound - akamarch,akamarch,False
7603810912302075149,democrats,https://www.tiktok.com/@democrats/video/7603810912302075149,TikTok video #7603810912302075149,,20260206,60,1600000,268000,866,2723,,son original,4ZUTH·,False
7603795690744974605,democrats,https://www.tiktok.com/@democrats/video/7603795690744974605,😱,😱,20260206,13,628100,33500,84,1379,,original sound,Autumn 🍂,False
7603778617570594062,democrats,https://www.tiktok.com/@democrats/video/7603778617570594062,interesting tactic ,interesting tactic ,20260206,8,7200000,1300000,1475,62300,,الصوت الأصلي,𝐄𝐭𝐢𝐜𝐚 𝐓𝐢𝐤𝐓𝐨𝐤,False
7603768796544830733,democrats,https://www.tiktok.com/@democrats/video/7603768796544830733,"one for all, team usa 🇺🇸 ","one for all, team usa 🇺🇸 ",20260206,26,2000000,357300,222,7638,,original sound,mads 🐄,False
7603517356060511502,democrats,https://www.tiktok.com/@democrats/video/7603517356060511502,call it the trump effect ,call it the trump effect ,20260205,17,802000,71200,342,11800,,original sound,Sliving,False
7603505519420017934,democrats,https://www.tiktok.com/@democrats/video/7603505519420017934,😬,😬,20260205,9,4700000,998400,1575,93300,,original sound,☆Katie☆,False
7603478129264364814,democrats,https://www.tiktok.com/@democrats/video/7603478129264364814,bruh,bruh,20260205,21,2400000,368800,737,24900,,original sound,Slander____Sounds,False
7603452730941656334,democrats,https://www.tiktok.com/@democrats/video/7603452730941656334,mogged,mogged,20260205,19,2200000,343500,500,20500,,Work Remix,reavesaudios,False
7603420473858313485,democrats,https://www.tiktok.com/@democrats/video/7603420473858313485,🔥,🔥,20260205,11,4300000,486700,1031,37700,,original sound,𝕸𝖔𝖘𝖙 𝕸𝖊𝖙𝖆𝖑,False
7603155656123763982,democrats,https://www.tiktok.com/@democrats/video/7603155656123763982,really makes you think,really makes you think,20260204,13,5400000,332500,926,18200,,original sound,Southern Utah Museum of Art,False
7603134429913009422,democrats,https://www.tiktok.com/@democrats/video/7603134429913009422,hmmmm,hmmmm,20260204,16,2700000,267500,578,18600,,original sound,anya <3,False
7603120877638569230,democrats,https://www.tiktok.com/@democrats/video/7603120877638569230,safest january in new york city’s record brought to you by mayor mamd...,safest january in new york city’s record brought to you by mayor mamdani 🗽,20260204,14,1000000,123600,250,2761,,original sound,o_steddz_ajayclips,False
7603051545030135053,democrats,https://www.tiktok.com/@democrats/video/7603051545030135053,TikTok video #7603051545030135053,,20260204,21,1700000,109000,517,2519,,original sound,. ♬ ❦,False
7603038454250802446,democrats,https://www.tiktok.com/@democrats/video/7603038454250802446,disgusting.,disgusting.,20260204,26,3600000,236700,2671,13800,,original sound,Democrats,False
7602757950070902030,democrats,https://www.tiktok.com/@democrats/video/7602757950070902030,on top of the other 34,on top of the other 34,20260203,6,1700000,234200,802,20800,,original sound,✨~Odysseus~✨,False
7602748936880786701,democrats,https://www.tiktok.com/@democrats/video/7602748936880786701,TikTok video #7602748936880786701,,20260203,22,4000000,520200,2584,10600,,original sound,𝐕𝐀𝐋 𝐀𝐔𝐃𝐈𝐎𝐒 ୨୧,False
7602719823155498254,democrats,https://www.tiktok.com/@democrats/video/7602719823155498254,🤨,🤨,20260203,25,1200000,139500,628,40800,,bunyi asal - tai zi shun dan isaac,rayen_ibran,False
7602710699533454605,democrats,https://www.tiktok.com/@democrats/video/7602710699533454605,🫶,🫶,20260203,13,963100,162900,406,2923,,original sound,kay ☽,False
7602416668383530254,democrats,https://www.tiktok.com/@democrats/video/7602416668383530254,🙌,🙌,20260202,16,2200000,463000,524,9434,,sonido original,DAC😈,False
7602394381173230861,democrats,https://www.tiktok.com/@democrats/video/7602394381173230861,finding comfort in community 💙,finding comfort in community 💙,20260202,29,608300,77200,182,1741,,original sound,lenkerlyrics,False
7602372991732714807,democrats,https://www.tiktok.com/@democrats/video/7602372991732714807,TikTok video #7602372991732714807,,20260202,35,2500000,386600,421,3251,,original sound,landfill,False
7602332185965645070,democrats,https://www.tiktok.com/@democrats/video/7602332185965645070,competing for # 1 bootlicker,competing for # 1 bootlicker,20260202,11,674900,63300,156,5883,,original sound,☆,False
7602303927110913293,democrats,https://www.tiktok.com/@democrats/video/7602303927110913293,TikTok video #7602303927110913293,,20260202,38,10000000,1300000,1459,14800,,original sound,SpedUpSongs</3,False
7602291391917477133,democrats,https://www.tiktok.com/@democrats/video/7602291391917477133,🔥,🔥,20260202,50,661600,69500,196,1315,,original sound,Democrats,False
7601272807565085966,democrats,https://www.tiktok.com/@democrats/video/7601272807565085966,💙,💙,20260130,24,1600000,208200,536,17000,,original sound,Kahan HQ,False
7601258003228101902,democrats,https://www.tiktok.com/@democrats/video/7601258003228101902,TikTok video #7601258003228101902,,20260130,13,1500000,128000,711,12800,,sonido original,She’s_Danyyy,False
7601215872602017037,democrats,https://www.tiktok.com/@democrats/video/7601215872602017037,TikTok video #7601215872602017037,,20260130,26,616900,15300,96,136,,original sound,•Lynoverlays•,False
7601204673407651085,democrats,https://www.tiktok.com/@democrats/video/7601204673407651085,😁,😁,20260130,11,9300000,1300000,7574,422200,,dźwięk oryginalny,Konrad,False
7601169342121774350,democrats,https://www.tiktok.com/@democrats/video/7601169342121774350,wtf???,wtf???,20260130,42,850800,21700,282,4886,,original sound,Democrats,False
7600884362032221453,democrats,https://www.tiktok.com/@democrats/video/7600884362032221453,meeting recap ,meeting recap ,20260129,12,2400000,314500,814,70400,,original sound - The Video Game Jukebox,The Video Game Jukebox,False
7600852716755143950,democrats,https://www.tiktok.com/@democrats/video/7600852716755143950,❄️,❄️,20260129,18,473800,28800,115,528,,original sound,corvfx,False
7600840793766546743,democrats,https://www.tiktok.com/@democrats/video/7600840793766546743,lol,lol,20260129,18,4500000,441100,2529,53400,,original sound,angelic,False
7600831275540221198,democrats,https://www.tiktok.com/@democrats/video/7600831275540221198,thank you mother monster ,thank you mother monster ,20260129,64,482000,44400,209,920,,original sound,Democrats,False
7600819978756984077,democrats,https://www.tiktok.com/@democrats/video/7600819978756984077,America has spoken 🗣️,America has spoken 🗣️,20260129,9,3800000,302100,401,5504,,оригинальный звук,demieditzof,False
7600798193747545358,democrats,https://www.tiktok.com/@democrats/video/7600798193747545358,👏,👏,20260129,41,331700,7406,48,40,,original sound,Democrats,False
7600565865150483743,democrats,https://www.tiktok.com/@democrats/video/7600565865150483743,🤮,🤮,20260128,17,19900000,2400000,11700,382500,,original sound,Democrats,False
7600538048601820446,democrats,https://www.tiktok.com/@democrats/video/7600538048601820446,indomitable human spirit ,indomitable human spirit ,20260128,13,425800,23500,125,401,,original sound,Pete,False
7600526132361841951,democrats,https://www.tiktok.com/@democrats/video/7600526132361841951,💙,💙,20260128,30,684200,96800,191,1846,,original sound,posieswhims,False
7600495209897659679,democrats,https://www.tiktok.com/@democrats/video/7600495209897659679,TikTok video #7600495209897659679,,20260128,11,18700000,2100000,5451,145900,,original sound,Gavin Newsom,False
7600160897453067551,democrats,https://www.tiktok.com/@democrats/video/7600160897453067551,🙌,🙌,20260127,79,489900,24200,104,948,,original sound,Democrats,False
7600136466001448223,democrats,https://www.tiktok.com/@democrats/video/7600136466001448223,TikTok video #7600136466001448223,,20260127,51,1400000,92600,311,2105,,original sound,🦇🦇,False
7600126614847982879,democrats,https://www.tiktok.com/@democrats/video/7600126614847982879,❤️,❤️,20260127,15,4200000,907600,957,13900,,original sound,quinn,False
7600082781711895838,democrats,https://www.tiktok.com/@democrats/video/7600082781711895838,do i wanna know?,do i wanna know?,20260127,33,22700000,4400000,4814,210200,,original sound,faye,False
7600056744156482846,democrats,https://www.tiktok.com/@democrats/video/7600056744156482846,‼️,‼️,20260127,84,341600,18400,88,437,,original sound,Democrats,False
7599738993818815775,democrats,https://www.tiktok.com/@democrats/video/7599738993818815775,TikTok video #7599738993818815775,,20260126,16,1600000,107800,779,3679,,succession theme song slowed,swag.,False
7599735718503550239,democrats,https://www.tiktok.com/@democrats/video/7599735718503550239,TikTok video #7599735718503550239,,20260126,20,411500,19400,67,190,,original sound,user11183909019,False
7599692473224449310,democrats,https://www.tiktok.com/@democrats/video/7599692473224449310,American heroes.,American heroes.,20260126,49,725200,87300,237,1179,,original sound,Liam Boyle,False
7599671240445447454,democrats,https://www.tiktok.com/@democrats/video/7599671240445447454,"The parents of Alex Pretti, the man shot and killed by Trump’s federa...","The parents of Alex Pretti, the man shot and killed by Trump’s federal agents in Minneapolis, remembering their son. ",20260126,39,472200,53400,324,553,,original sound,𝑬𝒅𝒊𝒕𝒆𝒅 𝑨𝒖𝒅𝒊𝒐𝒔 ♡,False
7599344682857975071,democrats,https://www.tiktok.com/@democrats/video/7599344682857975071,??????,??????,20260125,17,152600,3196,22,80,,original sound,Democrats,False
7599038136915660046,democrats,https://www.tiktok.com/@democrats/video/7599038136915660046,TikTok video #7599038136915660046,,20260124,58,1700000,238900,1563,6358,,original sound,Dixie ☕︎,False
7598999272465403149,democrats,https://www.tiktok.com/@democrats/video/7598999272465403149,enough is enough.,enough is enough.,20260124,22,571500,32000,205,437,,original sound,Democrats,False
7598976255186259214,democrats,https://www.tiktok.com/@democrats/video/7598976255186259214,TikTok video #7598976255186259214,,20260124,15,1600000,199800,1989,8122,,original sound,Jey ☄︎₊˚⊹☆,False
7598697901384043789,democrats,https://www.tiktok.com/@democrats/video/7598697901384043789,american horror story ,american horror story ,20260123,28,9600000,1900000,4712,332300,,sonido original,ALE-HOP,False
7598689439535107341,democrats,https://www.tiktok.com/@democrats/video/7598689439535107341,imagine leaving your house looking like that ,imagine leaving your house looking like that ,20260123,12,1000000,148600,874,25800,,original sound,cecigreyauthor,False
7598678964772621581,democrats,https://www.tiktok.com/@democrats/video/7598678964772621581,miss him 💔,miss him 💔,20260123,20,9900000,1700000,4009,96100,,original sound,claire ☆,False
7598644108080581943,democrats,https://www.tiktok.com/@democrats/video/7598644108080581943,lean with it,lean with it,20260123,9,3100000,502600,495,66700,,son original,##,False
7598625689708875022,democrats,https://www.tiktok.com/@democrats/video/7598625689708875022,Ted Cruz stays in TX during a storm: mission impossible ,Ted Cruz stays in TX during a storm: mission impossible ,20260123,10,566100,54900,101,5127,,original sound - nouvelism,nouvelle ♰,False
7598563403573103927,democrats,https://www.tiktok.com/@democrats/video/7598563403573103927,🪩,🪩,20260123,22,5100000,785000,2963,174300,,original sound,fangirl media co.,False
7598296637143846157,democrats,https://www.tiktok.com/@democrats/video/7598296637143846157,stonks ,stonks ,20260122,13,360800,17100,107,1248,,original sound,Silence,False
7598275581452569870,democrats,https://www.tiktok.com/@democrats/video/7598275581452569870,👑,👑,20260122,22,357900,27800,102,265,,original sound,May⸆⸉  ོ,False
7598228132469984525,democrats,https://www.tiktok.com/@democrats/video/7598228132469984525,TikTok video #7598228132469984525,,20260122,17,9500000,780800,8294,145800,,suono originale,F_V,False
7597968255562665229,democrats,https://www.tiktok.com/@democrats/video/7597968255562665229,🤨,🤨,20260121,11,682500,60300,301,4662,,original sound,Mario 🍄,False
7597912272689728781,democrats,https://www.tiktok.com/@democrats/video/7597912272689728781,mogged,mogged,20260121,13,6800000,1000000,3417,85400,,original sound,maddie,False
7597884853618593038,democrats,https://www.tiktok.com/@democrats/video/7597884853618593038,👑,👑,20260121,118,306200,9293,61,54,,original sound,Democrats,False
7597872229052845326,democrats,https://www.tiktok.com/@democrats/video/7597872229052845326,😈,😈,20260121,26,14800000,2100000,7023,366300,,original sound,Democrats,False
7597867080133791031,democrats,https://www.tiktok.com/@democrats/video/7597867080133791031,your newest @Democratic Governors 💙,your newest @Democratic Governors 💙,20260121,23,278900,13900,102,56,,som original,✭,False
7597556973168561463,democrats,https://www.tiktok.com/@democrats/video/7597556973168561463,❤️,❤️,20260120,34,2100000,347400,395,9553,,Take Me To Church,regen.,False
7597537444870901047,democrats,https://www.tiktok.com/@democrats/video/7597537444870901047,miss him,miss him,20260120,38,536800,64100,326,1405,,Scott street x i know the end,michà,False
7597525859309849869,democrats,https://www.tiktok.com/@democrats/video/7597525859309849869,a year of chaos ,a year of chaos ,20260120,42,637500,74500,311,2652,,detuned bass,HavocHarpa - Channing,False
7597505904593997070,democrats,https://www.tiktok.com/@democrats/video/7597505904593997070,"Congratulations, Governor! 💙","Congratulations, Governor! 💙",20260120,74,461900,61800,161,1044,,original sound,noahksticks,False
7597481444935503159,democrats,https://www.tiktok.com/@democrats/video/7597481444935503159,Governor Sherrill 💙,Governor Sherrill 💙,20260120,13,205700,6849,40,37,,original sound,jade 🎧,False
7597463504194424119,democrats,https://www.tiktok.com/@democrats/video/7597463504194424119,trump’s first year in office.,trump’s first year in office.,20260120,27,35100000,6200000,14900,391800,,original sound,𝓑𝓻𝔂 🌞,False
7596414117934566711,democrats,https://www.tiktok.com/@democrats/video/7596414117934566711,🥹💙,🥹💙,20260117,56,652600,80100,521,1392,,Originalton,Anime 🎴,False
7596402762666085646,democrats,https://www.tiktok.com/@democrats/video/7596402762666085646,🙌,🙌,20260117,58,243700,8006,68,160,,original sound,Democrats,False
7596376708756933901,democrats,https://www.tiktok.com/@democrats/video/7596376708756933901,Governor Spanberger 👑,Governor Spanberger 👑,20260117,15,252500,13400,101,182,,original sound,rheyekn,False
7596097777050848567,democrats,https://www.tiktok.com/@democrats/video/7596097777050848567,🫵🤣,🫵🤣,20260116,24,1100000,185000,819,20300,,original sound,Alex,False
7596077331526044941,democrats,https://www.tiktok.com/@democrats/video/7596077331526044941,😬,😬,20260116,6,650100,80100,471,4045,,original sound,nxEDITZ,False
7596069279062084877,democrats,https://www.tiktok.com/@democrats/video/7596069279062084877,TikTok video #7596069279062084877,,20260116,37,3300000,391100,2525,12800,,White blank page Mumford and sons,videtismee,False
7595997496606821687,democrats,https://www.tiktok.com/@democrats/video/7595997496606821687,nobody deserves this. ,nobody deserves this. ,20260116,70,963700,157800,1171,15100,,original sound,Democrats,False
7595984095822351671,democrats,https://www.tiktok.com/@democrats/video/7595984095822351671,TikTok video #7595984095822351671,,20260116,35,2600000,317600,1059,15200,,original sound - Jan Lei Mahusay 🕶,Jan,False
7595703959684189495,democrats,https://www.tiktok.com/@democrats/video/7595703959684189495,hole milk??,hole milk??,20260115,9,512600,29100,268,1024,,original sound,Democrats,False
7595685046456012087,democrats,https://www.tiktok.com/@democrats/video/7595685046456012087,why is the gallon of milk left open…,why is the gallon of milk left open…,20260115,10,761400,116600,518,12800,,original sound,Apodle,False
7595664972865096974,democrats,https://www.tiktok.com/@democrats/video/7595664972865096974,TikTok video #7595664972865096974,,20260115,46,2400000,317900,1191,38800,,original sound,✧,False
7595656759310568718,democrats,https://www.tiktok.com/@democrats/video/7595656759310568718,💙,💙,20260115,36,319900,27300,185,669,,original sound,ellouise’s overlays,False
7595619919564197134,democrats,https://www.tiktok.com/@democrats/video/7595619919564197134,lol,lol,20260115,22,4600000,607100,2225,62700,,original sound - solo.mp3,solo.mp3,False
7595336611672378638,democrats,https://www.tiktok.com/@democrats/video/7595336611672378638,what are they hiding???,what are they hiding???,20260114,6,1800000,256000,882,18400,,original sound,Democrats,False
7595296004786687246,democrats,https://www.tiktok.com/@democrats/video/7595296004786687246,😐,😐,20260114,11,1500000,175700,419,9534,,original sound,Madi🪽,False
7595267427894676749,democrats,https://www.tiktok.com/@democrats/video/7595267427894676749,TikTok video #7595267427894676749,,20260114,14,1200000,133600,1416,2598,,original sound - blvcktxrch,blvcktxrch,False
7595245643094822199,democrats,https://www.tiktok.com/@democrats/video/7595245643094822199,🫦,🫦,20260114,30,4700000,652700,1806,170000,,original sound - Multi Fandom Edits,Multi Fandom Edits,False
7594944152769531191,democrats,https://www.tiktok.com/@democrats/video/7594944152769531191,😀,😀,20260113,20,12600000,1900000,13700,333700,,som original,ju,False
7594914316281842958,democrats,https://www.tiktok.com/@democrats/video/7594914316281842958,oh!,oh!,20260113,10,3200000,568700,2897,48500,,som original,𝑷𝒆𝒅𝒓𝒂𝒅𝒂𝒔🎵,False
7594874303984717070,democrats,https://www.tiktok.com/@democrats/video/7594874303984717070,lol,lol,20260113,8,13600000,2700000,7300,427300,,original sound,Pouis Parcoux,False
7594601735361006862,democrats,https://www.tiktok.com/@democrats/video/7594601735361006862,do you know this guy? ,do you know this guy? ,20260112,28,836900,70600,384,7413,,оригинальный звук,𝔞𝔫𝔤𝔢𝔩♱,False
7594569527816391950,democrats,https://www.tiktok.com/@democrats/video/7594569527816391950,jerome POWELL 💜,jerome POWELL 💜,20260112,12,5200000,761900,1671,29700,,original sound - tfa,tfa,False
7594557736654785805,democrats,https://www.tiktok.com/@democrats/video/7594557736654785805,🗣️,🗣️,20260112,33,353100,8465,70,54,,original sound,Democrats,False
7594519212467522871,democrats,https://www.tiktok.com/@democrats/video/7594519212467522871,TikTok video #7594519212467522871,,20260112,6,475200,30100,122,1772,,original sound,Heston James,False
7594506820627008782,democrats,https://www.tiktok.com/@democrats/video/7594506820627008782,🗽,🗽,20260112,10,533800,62300,175,2487,,original sound,SLVT4MEN,False
7594484955242056973,democrats,https://www.tiktok.com/@democrats/video/7594484955242056973,TikTok video #7594484955242056973,,20260112,87,329100,21700,169,193,,original sound,2000s Kids theme song throwbac,False
7593844541233417485,democrats,https://www.tiktok.com/@democrats/video/7593844541233417485,oh 😀,oh 😀,20260110,9,577400,66200,469,3304,,sonido original,Out_of_liminal,False
7593456105020312887,democrats,https://www.tiktok.com/@democrats/video/7593456105020312887,‼️,‼️,20260109,21,488800,44000,300,679,,original sound,Democrats,False
7593438373340138765,democrats,https://www.tiktok.com/@democrats/video/7593438373340138765,💔,💔,20260109,24,2600000,474800,1540,9984,,Bad News by Zach Bryan,Zach Bryan Archive,False
7593107965335358733,democrats,https://www.tiktok.com/@democrats/video/7593107965335358733,Wow.,Wow.,20260108,55,710700,92500,354,2276,,original sound,Democrats,False
7593083433690172727,democrats,https://www.tiktok.com/@democrats/video/7593083433690172727,"-george orwell, 1984 ","-george orwell, 1984 ",20260108,22,852700,111300,351,3443,,original sound,radiofart,False
7593069162080046349,democrats,https://www.tiktok.com/@democrats/video/7593069162080046349,💙,💙,20260108,15,1200000,174200,281,3028,,original sound,jess,False
7593026503428803853,democrats,https://www.tiktok.com/@democrats/video/7593026503428803853,TikTok video #7593026503428803853,,20260108,90,3400000,585200,1640,9807,,original sound,Isaiah Sheffield,False
7592717506557660429,democrats,https://www.tiktok.com/@democrats/video/7592717506557660429,TikTok video #7592717506557660429,,20260107,15,1200000,121200,1683,2467,,original sound,Jey ☄︎₊˚⊹☆,False
7592674810874973495,democrats,https://www.tiktok.com/@democrats/video/7592674810874973495,PSA🗣️,PSA🗣️,20260107,22,6500000,1600000,4472,220000,,som original,Levizinkk,False
7592390946931756302,democrats,https://www.tiktok.com/@democrats/video/7592390946931756302,listen here dingbat ,listen here dingbat ,20260106,28,4200000,1000000,2096,158000,,original sound,Democrats,False
7592376231518096695,democrats,https://www.tiktok.com/@democrats/video/7592376231518096695,it’s about the oil ,it’s about the oil ,20260106,8,952900,58200,458,1362,,original sound,sugartwirls,False
7592362051603877134,democrats,https://www.tiktok.com/@democrats/video/7592362051603877134,TikTok video #7592362051603877134,,20260106,43,41500000,5700000,17200,751100,,оригинальный звук,Vivien,False
7592345215596334350,democrats,https://www.tiktok.com/@democrats/video/7592345215596334350,🤨,🤨,20260106,8,20400000,2600000,19300,587200,,Originalton,musicッ,False
7592298862635650359,democrats,https://www.tiktok.com/@democrats/video/7592298862635650359,🙂‍↕️,🙂‍↕️,20260106,15,3200000,500200,581,6257,,original sound,𝓖 ྀིྀིྀིྀིྀི,False
7592006131753454862,democrats,https://www.tiktok.com/@democrats/video/7592006131753454862,❤️,❤️,20260105,6,2700000,661000,1182,21200,,original sound,fio,False
7591952697700470071,democrats,https://www.tiktok.com/@democrats/video/7591952697700470071,TikTok video #7591952697700470071,,20260105,16,1200000,142600,1024,1898,,swinging pipe,unsettling,False
7591922013875326221,democrats,https://www.tiktok.com/@democrats/video/7591922013875326221,TikTok video #7591922013875326221,,20260105,60,1400000,88100,527,1257,,sonido original,iMUSIC,False
7590524720664169783,democrats,https://www.tiktok.com/@democrats/video/7590524720664169783,🔥,🔥,20260101,48,503500,26200,312,166,,original sound,Democrats,False
7590454513903881486,democrats,https://www.tiktok.com/@democrats/video/7590454513903881486,mayor mamdani 🫡,mayor mamdani 🫡,20260101,21,8400000,1700000,2356,29100,,original sound,🍓,False
7590402369926548791,democrats,https://www.tiktok.com/@democrats/video/7590402369926548791,ZOHRAN INAUGURATION NEW YEAR’S DAY 🟠,ZOHRAN INAUGURATION NEW YEAR’S DAY 🟠,20260101,13,3100000,549400,670,16500,,original sound,Lyrical Lemonade,False
7588952044166270263,democrats,https://www.tiktok.com/@democrats/video/7588952044166270263,On to 2026 🌊,On to 2026 🌊,20251228,25,620900,55300,567,777,,suara asli - TRENDING TEMPLATE,TRENDING TEMPLATE,False
7588598709408058637,democrats,https://www.tiktok.com/@democrats/video/7588598709408058637,💙,💙,20251227,16,2300000,460600,816,26700,,original sound,maritsa,False
7587845993815706893,democrats,https://www.tiktok.com/@democrats/video/7587845993815706893,TikTok video #7587845993815706893,,20251225,20,517400,42000,355,198,,original sound,ellzlyrics★,False
7585994944293244215,democrats,https://www.tiktok.com/@democrats/video/7585994944293244215,😭,😭,20251220,7,6900000,783300,612,12100,,original sound,jj³³,False
7585679845342940471,democrats,https://www.tiktok.com/@democrats/video/7585679845342940471,this casting is crazy 😭,this casting is crazy 😭,20251219,14,4000000,583600,1101,126600,,original sound,The Hunger Games,False
7585649245294726455,democrats,https://www.tiktok.com/@democrats/video/7585649245294726455,since we’re doing the hunger games ,since we’re doing the hunger games ,20251219,13,3900000,669700,2118,146400,,original sound,★,False
7585620159532993806,democrats,https://www.tiktok.com/@democrats/video/7585620159532993806,TikTok video #7585620159532993806,,20251219,21,7000000,777500,1921,32100,,original sound,zombvaudios,False
7585594631757253901,democrats,https://www.tiktok.com/@democrats/video/7585594631757253901,a message brought to you all the way from the capitol!,a message brought to you all the way from the capitol!,20251219,16,3800000,404100,1382,92200,,original sound,Democrats,False
7585347911802686775,democrats,https://www.tiktok.com/@democrats/video/7585347911802686775,onward to 2026 🌊 ,onward to 2026 🌊 ,20251218,23,762900,95600,329,1416,,original sound,renzbeyyyy,False
7585331371258793230,democrats,https://www.tiktok.com/@democrats/video/7585331371258793230,is he good lol,is he good lol,20251218,9,557100,40600,371,2780,,Original sound,miguel𖣂,False
7585318114066287886,democrats,https://www.tiktok.com/@democrats/video/7585318114066287886,Trump 🤝 Snow,Trump 🤝 Snow,20251218,21,5100000,739600,1815,83300,,original sound,𝐇𝐨𝐥𝐥𝐲,False
7585270900002409741,democrats,https://www.tiktok.com/@democrats/video/7585270900002409741,TikTok video #7585270900002409741,,20251218,19,9100000,998400,4277,203200,,som original,Ariel di Angelo,False
7585254340558966030,democrats,https://www.tiktok.com/@democrats/video/7585254340558966030,this is real btw ,this is real btw ,20251218,17,657000,58700,472,11200,,original sound,Life.motivation,False
7585206330248449293,democrats,https://www.tiktok.com/@democrats/video/7585206330248449293,can’t have shit anymore 😭 ,can’t have shit anymore 😭 ,20251218,9,1400000,149500,223,6063,,original sound,originalsoundfromtrends,False
7584948430473137422,democrats,https://www.tiktok.com/@democrats/video/7584948430473137422,awkward ,awkward ,20251217,8,416700,35700,242,1995,,Whai shew .TH. slide show sound,Foxer,False
7584920072758611213,democrats,https://www.tiktok.com/@democrats/video/7584920072758611213,the ψ t̶̠͍͈̝́͊̾̅r̵͓͎̀̐ư̸̦̈́̎̒m̴̥͍̭̅̏͗͝p̷̩̻̓̒ ψ administration,the ψ t̶̠͍͈̝́͊̾̅r̵͓͎̀̐ư̸̦̈́̎̒m̴̥͍̭̅̏͗͝p̷̩̻̓̒ ψ administration,20251217,15,2200000,266400,1468,60800,,suara asli - Yusmi_Ianto,iyusmi_,False
7584912138708323639,democrats,https://www.tiktok.com/@democrats/video/7584912138708323639,💙🎄,💙🎄,20251217,62,245900,20700,156,167,,original sound,Democrats,False
7584886840650501389,democrats,https://www.tiktok.com/@democrats/video/7584886840650501389,😃,😃,20251217,11,2200000,357700,1452,47800,,Originalton,⋆｡‧˚ʚ🍓ɞ˚‧｡⋆,False
7584879016012696846,democrats,https://www.tiktok.com/@democrats/video/7584879016012696846,TikTok video #7584879016012696846,,20251217,62,276400,12100,107,239,,original sound,Woodyz,False
7584562400473435406,democrats,https://www.tiktok.com/@democrats/video/7584562400473435406,😴,😴,20251216,13,428600,34100,362,2468,,original sound,britt_bbrown,False
7584554273279659277,democrats,https://www.tiktok.com/@democrats/video/7584554273279659277,🫡,🫡,20251216,18,417200,55300,258,2875,,original sound,maddie,False
7584488152799137079,democrats,https://www.tiktok.com/@democrats/video/7584488152799137079,TikTok video #7584488152799137079,,20251216,60,363100,12300,98,248,,she knows,moiseslyricsss,False
7584475172132949303,democrats,https://www.tiktok.com/@democrats/video/7584475172132949303,TikTok video #7584475172132949303,,20251216,40,5300000,394500,5170,24900,,original sound,Charli XCX,False
7584212918900657422,democrats,https://www.tiktok.com/@democrats/video/7584212918900657422,🙂,🙂,20251215,19,800100,91200,391,2197,,оригинальный звук - freemancontcept,freemancontcept,False
7584183445933362446,democrats,https://www.tiktok.com/@democrats/video/7584183445933362446,𝓽𝓱𝓮𝔂'𝓻𝓮 𝓶𝓾𝓵𝓽𝓲𝓹𝓵𝔂𝓲𝓷𝓰 🎩 #hattheory ,𝓽𝓱𝓮𝔂'𝓻𝓮 𝓶𝓾𝓵𝓽𝓲𝓹𝓵𝔂𝓲𝓷𝓰 🎩 #hattheory ,20251215,16,223700,8639,108,660,,πρωτότυπος ήχος,⚔️⚔️⚔️⚔️,False
7584165059618819383,democrats,https://www.tiktok.com/@democrats/video/7584165059618819383,sad 😢 ,sad 😢 ,20251215,8,8300000,1100000,2086,101700,,stay,*ੈ✩‧₊˚,False
7584137903568178446,democrats,https://www.tiktok.com/@democrats/video/7584137903568178446,the war on Christmas is finally over 😍,the war on Christmas is finally over 😍,20251215,32,179200,5334,49,185,,Polar Express,❄️🎄- Toby -🎄❄️,False
7583147979331194126,democrats,https://www.tiktok.com/@democrats/video/7583147979331194126,🔥,🔥,20251213,86,365100,20400,248,340,,original sound,Democrats,False
7583087797246971149,democrats,https://www.tiktok.com/@democrats/video/7583087797246971149,TikTok video #7583087797246971149,,20251212,36,629900,47700,403,638,,Polar Express,❄️🎄- Toby -🎄❄️,False
7583041359087684878,democrats,https://www.tiktok.com/@democrats/video/7583041359087684878,TikTok video #7583041359087684878,,20251212,13,827600,85500,385,692,,original sound,mara,False
7583008024415980814,democrats,https://www.tiktok.com/@democrats/video/7583008024415980814,TikTok video #7583008024415980814,,20251212,34,2200000,115300,626,9249,,som original - luannzkxss,luannzkxss,False
7582728140405869837,democrats,https://www.tiktok.com/@democrats/video/7582728140405869837,🤩,🤩,20251211,26,1100000,156500,690,3649,,original sound - jak3fx,jak3fx,False
7582673970185456909,democrats,https://www.tiktok.com/@democrats/video/7582673970185456909,Wow.,Wow.,20251211,72,5900000,905300,1313,35000,,original sound,Democrats,False
7582663936961432887,democrats,https://www.tiktok.com/@democrats/video/7582663936961432887,💔,💔,20251211,16,2600000,364300,903,34100,,original sound,🐍charlie🪽,False
7582653296758902029,democrats,https://www.tiktok.com/@democrats/video/7582653296758902029,TikTok video #7582653296758902029,,20251211,10,977300,137600,556,3583,,original sound,♡Ivy♡,False
7582618893110316343,democrats,https://www.tiktok.com/@democrats/video/7582618893110316343,❄️❄️,❄️❄️,20251211,7,1500000,227900,1210,11300,,original sound,riley,False
7582377060778216759,democrats,https://www.tiktok.com/@democrats/video/7582377060778216759,TikTok video #7582377060778216759,,20251210,66,13000000,1700000,3281,236700,,no lie,‍,False
7582363195193576717,democrats,https://www.tiktok.com/@democrats/video/7582363195193576717,🌊,🌊,20251210,18,4400000,838400,1813,37600,,original sound - katseyefilms,katseyefilms,False
7582346255616052493,democrats,https://www.tiktok.com/@democrats/video/7582346255616052493,bruh,bruh,20251210,14,341900,15400,193,908,,original sound - Good Sounds,Good Sounds,False
7582336970983001358,democrats,https://www.tiktok.com/@democrats/video/7582336970983001358,TikTok video #7582336970983001358,,20251210,36,8200000,564500,7601,45200,,me and the devil,enraged rebel,False
7582326064190393655,democrats,https://www.tiktok.com/@democrats/video/7582326064190393655,TikTok video #7582326064190393655,,20251210,47,650400,73000,372,862,,original sound,DJ Discretion,False
7582287529118879031,democrats,https://www.tiktok.com/@democrats/video/7582287529118879031,🤭,🤭,20251210,11,2000000,246700,1371,35800,,original sound,soph ★,False
7582273677325077815,democrats,https://www.tiktok.com/@democrats/video/7582273677325077815,won by 19 points.,won by 19 points.,20251210,19,324900,25200,97,456,,оригинальный звук,꧁𝕊𝕠𝕦𝕝꧂,False
7582263812745743630,democrats,https://www.tiktok.com/@democrats/video/7582263812745743630,🤨,🤨,20251210,8,14800000,2400000,9274,636000,,original sound,Democrats,False
7582055511177186573,democrats,https://www.tiktok.com/@democrats/video/7582055511177186573,mayor of miami mayor eileen higgins 👑,mayor of miami mayor eileen higgins 👑,20251210,6,248900,11000,88,165,,original sound,⁉️,False
7582040897886473527,democrats,https://www.tiktok.com/@democrats/video/7582040897886473527,uhhh,uhhh,20251210,8,6800000,508100,5062,163700,,original sound,Democrats,False
7582020839063817485,democrats,https://www.tiktok.com/@democrats/video/7582020839063817485,TikTok video #7582020839063817485,,20251210,60,370900,44600,242,818,,original sound,konsalyrics,False
7582000220800584974,democrats,https://www.tiktok.com/@democrats/video/7582000220800584974,😳,😳,20251209,11,188900,6583,85,83,,original sound,Democrats,False
7581989079928130871,democrats,https://www.tiktok.com/@democrats/video/7581989079928130871,lol,lol,20251209,6,272100,24600,136,510,,original sound - Random Nobody,RandomVibesOnly,False
7581950617761942797,democrats,https://www.tiktok.com/@democrats/video/7581950617761942797,lol,lol,20251209,12,379600,52800,112,4326,,original sound,T4YAMOUR,False
7581934434715176206,democrats,https://www.tiktok.com/@democrats/video/7581934434715176206,😀,😀,20251209,8,181900,11900,53,203,,original sound,The Observation Mezzanine,False
7581651346214931725,democrats,https://www.tiktok.com/@democrats/video/7581651346214931725,TikTok video #7581651346214931725,,20251209,5,314800,17700,191,817,,suono originale,Guido mista,False
7581583411882577166,democrats,https://www.tiktok.com/@democrats/video/7581583411882577166,TikTok video #7581583411882577166,,20251208,45,149300,3833,84,79,,sonido original,supr3me 💸,False
7581578034654825742,democrats,https://www.tiktok.com/@democrats/video/7581578034654825742,interesting,interesting,20251208,18,165700,5221,45,120,,original sound,Democrats,False
7581569875240406286,democrats,https://www.tiktok.com/@democrats/video/7581569875240406286,🤨,🤨,20251208,7,539900,81300,225,3127,,original sound,Christina!💞,False
7581543060719389965,democrats,https://www.tiktok.com/@democrats/video/7581543060719389965,TikTok video #7581543060719389965,,20251208,8,3300000,528400,616,34800,,original sound,goodcoochiemonster,False
7580486685742337335,democrats,https://www.tiktok.com/@democrats/video/7580486685742337335,not round here partner 🦅,not round here partner 🦅,20251205,16,1400000,84100,1105,9929,,original sound,Democrats,False
7580435206256069901,democrats,https://www.tiktok.com/@democrats/video/7580435206256069901,👑,👑,20251205,17,11600000,2300000,1755,39100,,original sound,eggaudios,False
7580418247015615757,democrats,https://www.tiktok.com/@democrats/video/7580418247015615757,"“but I have to do it, right?” ","“but I have to do it, right?” ",20251205,6,3300000,656700,493,52300,,nhạc nền - anh_anh,angel_nunah 🎧🎼,False
7580149809017867533,democrats,https://www.tiktok.com/@democrats/video/7580149809017867533,the leaked messages where JD gets completely ignored in the gc at 2am 😭,the leaked messages where JD gets completely ignored in the gc at 2am 😭,20251204,10,491800,25700,120,1398,,original sound,e,False
7580128082661575991,democrats,https://www.tiktok.com/@democrats/video/7580128082661575991,bruh ,bruh ,20251204,12,363600,16300,115,1963,,original sound,yuckap,False
7580117594997312782,democrats,https://www.tiktok.com/@democrats/video/7580117594997312782,lol,lol,20251204,8,285600,7758,127,196,,Sunday Night Football theme song,NFL,False
7580109631352016142,democrats,https://www.tiktok.com/@democrats/video/7580109631352016142,😭,😭,20251204,9,9800000,1800000,6874,86700,,original sound - Jknight,Jknight,False
7580055782612405518,democrats,https://www.tiktok.com/@democrats/video/7580055782612405518,oh!,oh!,20251204,17,236900,4401,96,82,,original sound,Democrats,False
7580044057712299278,democrats,https://www.tiktok.com/@democrats/video/7580044057712299278,???,???,20251204,14,267100,8214,261,365,,original sound,Democrats,False
7579375428100541751,democrats,https://www.tiktok.com/@democrats/video/7579375428100541751,🐀,🐀,20251202,28,1200000,161100,686,35500,,suono originale,dani,False
7579327885698206990,democrats,https://www.tiktok.com/@democrats/video/7579327885698206990,🥀,🥀,20251202,37,810500,110600,543,18400,,original sound,Democrats,False
7579318474288188685,democrats,https://www.tiktok.com/@democrats/video/7579318474288188685,158 posts in one night btw ,158 posts in one night btw ,20251202,11,214000,14900,122,623,,original sound,badmoviesrus,False
7579307432036355383,democrats,https://www.tiktok.com/@democrats/video/7579307432036355383,have you ever tried this one? 🖕,have you ever tried this one? 🖕,20251202,6,1500000,139900,403,8099,,original sound,𝚊𝚕𝚏𝚒𝚎,False
7579293806370000142,democrats,https://www.tiktok.com/@democrats/video/7579293806370000142,TikTok video #7579293806370000142,,20251202,18,260300,20200,443,125,,Like Jennie,reavesaudios,False
7579022844877737271,democrats,https://www.tiktok.com/@democrats/video/7579022844877737271,no place like home 🇺🇸 ,no place like home 🇺🇸 ,20251201,11,4300000,898600,1390,16500,,original sound,daisy 🦕💿,False
7578966621495119117,democrats,https://www.tiktok.com/@democrats/video/7578966621495119117,biggest takeaway from this year,biggest takeaway from this year,20251201,11,398000,42900,119,333,,original sound,𝒶𝓂𝒶𝒾 🌀☀️,False
7578940789405863223,democrats,https://www.tiktok.com/@democrats/video/7578940789405863223,TikTok video #7578940789405863223,,20251201,18,2800000,447900,1542,39800,,ALL I WANT FOR CHRISTMAS XTAKE ME THRU DERE,DJ Vic,False
7578931260404403469,democrats,https://www.tiktok.com/@democrats/video/7578931260404403469,was the east wing not enough?? ,was the east wing not enough?? ,20251201,7,4800000,571900,3098,147400,,original sound,gasoline,False
7578905276179434766,democrats,https://www.tiktok.com/@democrats/video/7578905276179434766,clearly touched a nerve,clearly touched a nerve,20251201,11,277700,19500,130,804,,original sound,Democrats,False
7577465529624022286,democrats,https://www.tiktok.com/@democrats/video/7577465529624022286,TikTok video #7577465529624022286,,20251127,18,333600,27600,243,105,,original sound,✦,False
7577458665775516983,democrats,https://www.tiktok.com/@democrats/video/7577458665775516983,thankful for the leaders fighting for good 💙,thankful for the leaders fighting for good 💙,20251127,18,706300,160000,406,4502,,original sound,thoroughbreds2017,False
7577053447401311501,democrats,https://www.tiktok.com/@democrats/video/7577053447401311501,123 RELEASE EM,123 RELEASE EM,20251126,13,1500000,254100,914,15100,,original sound,Neace Robinson (Funeral Stud),False
7576696978810162487,democrats,https://www.tiktok.com/@democrats/video/7576696978810162487,and then he did,and then he did,20251125,7,797800,95600,227,19600,,original sound,15econdReviews,False
7576687687533448461,democrats,https://www.tiktok.com/@democrats/video/7576687687533448461,😀,😀,20251125,43,581600,96400,413,4188,,original sound,trueromanced,False
7576345548114971917,democrats,https://www.tiktok.com/@democrats/video/7576345548114971917,TikTok video #7576345548114971917,,20251124,20,2100000,303400,692,11200,,original sound,Ry,False
7576322170155011341,democrats,https://www.tiktok.com/@democrats/video/7576322170155011341,🇺🇸,🇺🇸,20251124,33,692300,152900,399,3445,,original sound - anythingoesatp😂💖,anythingoesatp😂💖,False
7576311658063105335,democrats,https://www.tiktok.com/@democrats/video/7576311658063105335,hmm…,hmm…,20251124,6,536800,29600,151,825,,original sound,user20747473,False
7575618564195912973,democrats,https://www.tiktok.com/@democrats/video/7575618564195912973,lol ,lol ,20251122,14,4700000,878200,3764,141800,,original sound,We Don’t Wanna Grow Up Podcast,False
7575318125642648846,democrats,https://www.tiktok.com/@democrats/video/7575318125642648846,😳,😳,20251121,10,3400000,361200,1062,40500,,original sound,Democrats,False
7575313156214426894,democrats,https://www.tiktok.com/@democrats/video/7575313156214426894,TikTok video #7575313156214426894,,20251121,6,2100000,223300,710,16100,,original sound,H8bud ✌️,False
7575309456595012919,democrats,https://www.tiktok.com/@democrats/video/7575309456595012919,lol,lol,20251121,19,617300,41100,242,1536,,som original,Jotaceaudios,False
7575304136485342478,democrats,https://www.tiktok.com/@democrats/video/7575304136485342478,mogged,mogged,20251121,11,2500000,302500,1448,40600,,orijinal ses,ruya,False
7575292672047385870,democrats,https://www.tiktok.com/@democrats/video/7575292672047385870,We approve this message. ,We approve this message. ,20251121,9,3600000,372500,1210,35200,,original sound,Democrats,False
7575281669054221581,democrats,https://www.tiktok.com/@democrats/video/7575281669054221581,TikTok video #7575281669054221581,,20251121,14,224200,5331,42,92,,original sound,User07771_,False
7575259155590581559,democrats,https://www.tiktok.com/@democrats/video/7575259155590581559,TikTok video #7575259155590581559,,20251121,16,551200,49700,2106,949,,My House X Bow Down,reavesaudios,False
7575251050966388023,democrats,https://www.tiktok.com/@democrats/video/7575251050966388023,are we great yet? ,are we great yet? ,20251121,50,206100,6546,62,64,,original sound,Democrats,False
7575230665340308749,democrats,https://www.tiktok.com/@democrats/video/7575230665340308749,🤨,🤨,20251121,35,317900,19000,168,576,,original sound,Democrats,False
7574895725071420685,democrats,https://www.tiktok.com/@democrats/video/7574895725071420685,early voting in TN-7 is open until November 26th!,early voting in TN-7 is open until November 26th!,20251120,21,569300,59700,308,601,,original sound,maddie,False
7574865362496343310,democrats,https://www.tiktok.com/@democrats/video/7574865362496343310,the cruelty is the point.,the cruelty is the point.,20251120,25,2100000,322300,1298,21000,,original sound,Am🪲🎸,False
7574852499060919607,democrats,https://www.tiktok.com/@democrats/video/7574852499060919607,TikTok video #7574852499060919607,,20251120,60,529700,27500,983,660,,ominous,insensible,False
7574585408512740663,democrats,https://www.tiktok.com/@democrats/video/7574585408512740663,🇺🇸,🇺🇸,20251119,20,1300000,146100,1104,12500,,original sound,[𝐻𝑜𝑏𝑒],False
7574577323677093175,democrats,https://www.tiktok.com/@democrats/video/7574577323677093175,🫡,🫡,20251119,11,977600,101500,324,4098,,original sound - lead the way,lead the way,False
7574567478609677623,democrats,https://www.tiktok.com/@democrats/video/7574567478609677623,"“While the billionaire boys’ club gets away with crimes, thousands of...","“While the billionaire boys’ club gets away with crimes, thousands of Tennesseans are being crushed by higher costs.” 🔥@Rep. Aftyn Behn ",20251119,25,403400,8062,209,217,,original sound,Democrats,False
7574510689079889207,democrats,https://www.tiktok.com/@democrats/video/7574510689079889207,🤨🤨,🤨🤨,20251119,11,19100000,2900000,7475,626000,,sonido original,𝐅𝐫𝐞𝐧𝐮𝐱™,False
7574501832731413815,democrats,https://www.tiktok.com/@democrats/video/7574501832731413815,This is who Trump is hurting. ,This is who Trump is hurting. ,20251119,440,439500,13100,240,1002,,original sound,Democrats,False
7574485216027364621,democrats,https://www.tiktok.com/@democrats/video/7574485216027364621,mogged,mogged,20251119,11,16700000,2500000,7926,426300,,original sound - click24s,click24s,False
7574190813320613175,democrats,https://www.tiktok.com/@democrats/video/7574190813320613175,release the files,release the files,20251118,16,3400000,673500,1024,42400,,original sound,m <3,False
7574179640089005325,democrats,https://www.tiktok.com/@democrats/video/7574179640089005325,#corruption ,#corruption ,20251118,8,3000000,53400,1366,5408,,son original,##,False
7574162793234959630,democrats,https://www.tiktok.com/@democrats/video/7574162793234959630,TikTok video #7574162793234959630,,20251118,123,3200000,446700,1685,66000,,original sound,gasoline,False
7574154390001519886,democrats,https://www.tiktok.com/@democrats/video/7574154390001519886,TikTok video #7574154390001519886,,20251118,8,5700000,856200,3064,156500,,original sound - Nick,Nick,False
7574150225896475918,democrats,https://www.tiktok.com/@democrats/video/7574150225896475918,time and place!!!,time and place!!!,20251118,6,637500,78400,179,14700,,original sound,Dylan G.,False
7574140777429781815,democrats,https://www.tiktok.com/@democrats/video/7574140777429781815,oof,oof,20251118,120,251100,6742,129,286,,original sound,Democrats,False
7574137089072041230,democrats,https://www.tiktok.com/@democrats/video/7574137089072041230,what did he say??,what did he say??,20251118,18,253900,5542,111,442,,original sound,Democrats,False
7574116950251425037,democrats,https://www.tiktok.com/@democrats/video/7574116950251425037,lol,lol,20251118,32,480900,51200,245,7647,,original sound,Democrats,False
7574105843235360055,democrats,https://www.tiktok.com/@democrats/video/7574105843235360055,TikTok video #7574105843235360055,,20251118,58,298600,34200,137,393,,original sound - radiohuey,radiohuey,False
7574091832288660749,democrats,https://www.tiktok.com/@democrats/video/7574091832288660749,uhhh what,uhhh what,20251118,54,244400,8271,257,1893,,original sound,Democrats,False
7573874145050791223,democrats,https://www.tiktok.com/@democrats/video/7573874145050791223,what is bro talking about 😭😭,what is bro talking about 😭😭,20251118,58,473700,28300,1145,6609,,original sound,Democrats,False
7573830342520425783,democrats,https://www.tiktok.com/@democrats/video/7573830342520425783,TikTok video #7573830342520425783,,20251117,21,566400,24000,214,863,,Carnival,reavesaudios,False
7573792169689992503,democrats,https://www.tiktok.com/@democrats/video/7573792169689992503,TikTok video #7573792169689992503,,20251117,23,797300,63800,670,1855,,original sound,kai 🎧,False
7573782624607522062,democrats,https://www.tiktok.com/@democrats/video/7573782624607522062,TikTok video #7573782624607522062,,20251117,30,7200000,1000000,4135,127800,,original sound,⋆,False
7573770479178108215,democrats,https://www.tiktok.com/@democrats/video/7573770479178108215,🤭,🤭,20251117,12,4400000,666300,2544,192700,,sonido original,Veka Plantillas,False
7573754991123451191,democrats,https://www.tiktok.com/@democrats/video/7573754991123451191,and now trump’s trying to take it away,and now trump’s trying to take it away,20251117,29,280000,16000,95,296,,original sound,Democrats,False
7573733825805602061,democrats,https://www.tiktok.com/@democrats/video/7573733825805602061,TikTok video #7573733825805602061,,20251117,16,1300000,134000,1346,9577,,original sound - Ryles,𝗥𝗬𝗟𝗘𝗦,False
7573722349636308238,democrats,https://www.tiktok.com/@democrats/video/7573722349636308238,TikTok video #7573722349636308238,,20251117,23,169300,4249,29,14,,original sound,lily,False
7573706516432178446,democrats,https://www.tiktok.com/@democrats/video/7573706516432178446,he could’ve released the files already btw ,he could’ve released the files already btw ,20251117,26,18100000,2300000,3487,74600,,original sound,violet𓆱𐂂,False
7572659339165502733,democrats,https://www.tiktok.com/@democrats/video/7572659339165502733,hope there were no dogs on set ,hope there were no dogs on set ,20251114,9,1600000,157800,476,3413,,original sound,Aaron💕,False
7572600710685003021,democrats,https://www.tiktok.com/@democrats/video/7572600710685003021,TikTok video #7572600710685003021,,20251114,8,1200000,100400,291,2083,,original sound,I..say..let..it..die,False
7572340464615984439,democrats,https://www.tiktok.com/@democrats/video/7572340464615984439,“i’m zohran” 🥹,“i’m zohran” 🥹,20251113,17,434500,32600,135,312,,original sound - æ,æ,False
7572319079852182798,democrats,https://www.tiktok.com/@democrats/video/7572319079852182798,disgusting ,disgusting ,20251113,25,1900000,263200,363,8830,,original sound,eni,False
7572312059363200270,democrats,https://www.tiktok.com/@democrats/video/7572312059363200270,woah 🤯 ,woah 🤯 ,20251113,10,15400000,3200000,5736,472100,,original sound,Jenjen,False
7572280442498354487,democrats,https://www.tiktok.com/@democrats/video/7572280442498354487,sick.,sick.,20251113,16,817200,98000,458,13700,,strangers ethel cain,cverlxys,False
7572254557544271159,democrats,https://www.tiktok.com/@democrats/video/7572254557544271159,TikTok video #7572254557544271159,,20251113,60,8700000,712000,2189,95600,,she knows,moiseslyricsss,False
7571984655063305485,democrats,https://www.tiktok.com/@democrats/video/7571984655063305485,TikTok video #7571984655063305485,,20251112,36,614100,75200,238,1310,,original sound,dreamforamerica,False
7571968520167116046,democrats,https://www.tiktok.com/@democrats/video/7571968520167116046,congratulations to Representative Adelita Grijalva 🤩,congratulations to Representative Adelita Grijalva 🤩,20251112,12,608400,77200,251,805,,,,False
7571959577135090999,democrats,https://www.tiktok.com/@democrats/video/7571959577135090999,💙,💙,20251112,69,222300,14600,147,311,,original sound,Democrats,False
7571914793796291854,democrats,https://www.tiktok.com/@democrats/video/7571914793796291854,TikTok video #7571914793796291854,,20251112,17,3400000,241800,903,26900,,orijinal ses,L,False
7571861001356807438,democrats,https://www.tiktok.com/@democrats/video/7571861001356807438,after 7 weeks of mike johnson refusing to swear her in ,after 7 weeks of mike johnson refusing to swear her in ,20251112,8,162400,7447,39,107,,original sound - HREXO,𝓘𝓽𝓼 𝓳𝓮𝓷𝓷𝔂,False
7571203412860210446,democrats,https://www.tiktok.com/@democrats/video/7571203412860210446,still the law of the land ❤️,still the law of the land ❤️,20251110,18,855400,161600,462,5048,,original sound,emoonlightss,False
7571192730014043447,democrats,https://www.tiktok.com/@democrats/video/7571192730014043447,we don’t tread on freedom here 🦅,we don’t tread on freedom here 🦅,20251110,8,1600000,283900,738,24100,,original sound,Democrats,False
7571125470654205239,democrats,https://www.tiktok.com/@democrats/video/7571125470654205239,TikTok video #7571125470654205239,,20251110,28,1300000,120600,1153,6056,,original sound,sha,False
7571117638768692535,democrats,https://www.tiktok.com/@democrats/video/7571117638768692535,,,20251110,0,195400,6056,88,32,,original sound - Democrats,,True
7570097231005568269,democrats,https://www.tiktok.com/@democrats/video/7570097231005568269,bruh,bruh,20251107,10,316400,13900,193,497,,original sound,Democrats,False
7570087817674640654,democrats,https://www.tiktok.com/@democrats/video/7570087817674640654,TikTok video #7570087817674640654,,20251107,31,3200000,359900,3961,22800,,1oneam where you at lullaby,ligington,False
7570068955327368462,democrats,https://www.tiktok.com/@democrats/video/7570068955327368462,🤭,🤭,20251107,20,1100000,181100,1055,29000,,original sound,Democrats,False
7570059978422242574,democrats,https://www.tiktok.com/@democrats/video/7570059978422242574,TikTok video #7570059978422242574,,20251107,54,632500,75500,248,2770,,original sound,★,False
7570021816115268919,democrats,https://www.tiktok.com/@democrats/video/7570021816115268919,TikTok video #7570021816115268919,,20251107,74,554400,70800,158,822,,original sound,𝐕𝐀𝐋 𝐀𝐔𝐃𝐈𝐎𝐒 ୨୧,False
7569747964743224590,democrats,https://www.tiktok.com/@democrats/video/7569747964743224590,🔥 ,🔥 ,20251106,18,9100000,1500000,2668,43000,,original sound,ᶜᵉʳᵗⁱᶠⁱᵉᵈ.⁵,False
7569738639484210445,democrats,https://www.tiktok.com/@democrats/video/7569738639484210445,TikTok video #7569738639484210445,,20251106,8,374900,20100,291,1147,,original sound,indrenotdre,False
7569724278938127630,democrats,https://www.tiktok.com/@democrats/video/7569724278938127630,still libbing out,still libbing out,20251106,13,342800,39300,98,560,,original sound,Samuel ★,False
7569695604419398967,democrats,https://www.tiktok.com/@democrats/video/7569695604419398967,a true icon retired today after 39 years of public service 🫡,a true icon retired today after 39 years of public service 🫡,20251106,13,214500,10700,74,111,,original sound,cordeliav.mp3,False
7569671557329571127,democrats,https://www.tiktok.com/@democrats/video/7569671557329571127,lol,lol,20251106,10,324900,18500,385,450,,One piece OST Mother Sea,LiL « THE » BlacK,False
7569633328190491918,democrats,https://www.tiktok.com/@democrats/video/7569633328190491918,TikTok video #7569633328190491918,,20251106,31,409200,39700,397,438,,original sound,🪐⸆⸉,False
7569623299618032909,democrats,https://www.tiktok.com/@democrats/video/7569623299618032909,TikTok video #7569623299618032909,,20251106,28,454400,63100,329,1562,,original sound,topsongs,False
7569367566326582542,democrats,https://www.tiktok.com/@democrats/video/7569367566326582542,💙,💙,20251105,28,432200,63500,265,1145,,original sound - αиgκοℓ gυиѕικαиg(阿奇）,αиgκοℓ gυиѕικαиg(阿奇),False
7569349867089251597,democrats,https://www.tiktok.com/@democrats/video/7569349867089251597,the concept of caring what greg abbott thinks,the concept of caring what greg abbott thinks,20251105,5,886600,124100,319,3426,,original sound,Democrats,False
7569340651528031502,democrats,https://www.tiktok.com/@democrats/video/7569340651528031502,one thing’s for certain 🇺🇸,one thing’s for certain 🇺🇸,20251105,21,643300,103400,175,2669,,original sound,country sounds,False
7569331908379823374,democrats,https://www.tiktok.com/@democrats/video/7569331908379823374,TikTok video #7569331908379823374,,20251105,48,271000,15400,54,140,,original sound,pokerface,False
7569322611562401038,democrats,https://www.tiktok.com/@democrats/video/7569322611562401038,2nd longest shutdown was in trump’s first term btw ,2nd longest shutdown was in trump’s first term btw ,20251105,8,383600,50300,198,2105,,original sound,ybg stan,False
7569279956153306381,democrats,https://www.tiktok.com/@democrats/video/7569279956153306381,Mayor Wu knows what makes Boston so great 💙,Mayor Wu knows what makes Boston so great 💙,20251105,97,230100,9530,60,146,,original sound,Democrats,False
7569275301671292215,democrats,https://www.tiktok.com/@democrats/video/7569275301671292215,let’s keep it going 🙂‍↕️,let’s keep it going 🙂‍↕️,20251105,26,1000000,180700,781,6806,,original sound - q_edits43,q_edits43,False
7569111584237276429,democrats,https://www.tiktok.com/@democrats/video/7569111584237276429,TikTok video #7569111584237276429,,20251105,33,5700000,1200000,3791,38800,,오리지널 사운드 - 빌보드코리아,빌보드코리아,False
7569110930475257143,democrats,https://www.tiktok.com/@democrats/video/7569110930475257143,a win for democracy 💪,a win for democracy 💪,20251105,38,622500,59300,341,1681,,original sound,Democrats,False
7569109639170657550,democrats,https://www.tiktok.com/@democrats/video/7569109639170657550,TURN THE VOLUME UP 🔊🔊🔊,TURN THE VOLUME UP 🔊🔊🔊,20251105,98,8700000,844700,10200,77000,,original sound,Democrats,False
7569106852714237197,democrats,https://www.tiktok.com/@democrats/video/7569106852714237197,"It’s time to write the next chapter in NYC, making the city affordabl...","It’s time to write the next chapter in NYC, making the city affordable and safe for all.",20251105,50,500600,43800,379,1296,,original sound,Democrats,False
7569103501347802382,democrats,https://www.tiktok.com/@democrats/video/7569103501347802382,HOW IT’S DONE 🌊 ,HOW IT’S DONE 🌊 ,20251105,12,4100000,860700,1807,61200,,original sound - rina,rinaxye,False
7569098807003090231,democrats,https://www.tiktok.com/@democrats/video/7569098807003090231,time to get to work 💪,time to get to work 💪,20251105,32,369400,35400,128,1093,,original sound,Democrats,False
7569094826466102542,democrats,https://www.tiktok.com/@democrats/video/7569094826466102542,don’t mess with the great golden state 😮‍💨,don’t mess with the great golden state 😮‍💨,20251105,11,269000,19100,115,567,,son original,len,False
7569092838449827086,democrats,https://www.tiktok.com/@democrats/video/7569092838449827086,new mayor just dropped,new mayor just dropped,20251105,11,2000000,248500,365,1512,,original sound,Democrats,False
7569088956927577358,democrats,https://www.tiktok.com/@democrats/video/7569088956927577358,TikTok video #7569088956927577358,,20251105,33,1500000,272600,910,7140,,som original,𝒴𝒶𝓈  𝜗𝜚 ˚⋆,False
7569084868089400631,democrats,https://www.tiktok.com/@democrats/video/7569084868089400631,the next governor of the great garden state 💙,the next governor of the great garden state 💙,20251105,28,224300,12800,50,94,,original sound,Democrats,False
7569073355542760717,democrats,https://www.tiktok.com/@democrats/video/7569073355542760717,kinda busy… as the next mayor of new york city 🗽💙,kinda busy… as the next mayor of new york city 🗽💙,20251105,9,1700000,330700,627,9044,,original sound,urs,False
7569069200468233485,democrats,https://www.tiktok.com/@democrats/video/7569069200468233485,AT THE SAME DAMN TIME!,AT THE SAME DAMN TIME!,20251105,13,505100,79200,392,6823,,som original,Jotaceaudios,False
7569067288503094541,democrats,https://www.tiktok.com/@democrats/video/7569067288503094541,TikTok video #7569067288503094541,,20251105,108,1000000,157400,693,3244,,original sound,Artistic Moments🇵🇸🇨🇩🇸🇩,False
7569063981541805326,democrats,https://www.tiktok.com/@democrats/video/7569063981541805326,TikTok video #7569063981541805326,,20251105,60,283600,30000,142,473,,original sound,sonsalyrics,False
7569059784620641591,democrats,https://www.tiktok.com/@democrats/video/7569059784620641591,TikTok video #7569059784620641591,,20251105,26,871000,179300,558,2886,,original sound,nj.audios,False
7569041112581606669,democrats,https://www.tiktok.com/@democrats/video/7569041112581606669,TikTok video #7569041112581606669,,20251105,26,478100,94300,652,1803,,original sound,𝖺𝗎𝖽𝗂𝗈𝗌𝖻𝗒𝗁𝗈𝗅𝗅𝗒🎧💌,False
7569012725188152590,democrats,https://www.tiktok.com/@democrats/video/7569012725188152590,TikTok video #7569012725188152590,,20251104,22,317200,24900,133,70,,original sound - song lyrics ִ ࣪𖤐,song lyrics ִ ࣪𖤐,False
7569007531427630350,democrats,https://www.tiktok.com/@democrats/video/7569007531427630350,it’s giving yes on prop 50 🙂‍↕️,it’s giving yes on prop 50 🙂‍↕️,20251104,19,1800000,237700,381,12800,,original sound,Democrats,False
7569003386750635277,democrats,https://www.tiktok.com/@democrats/video/7569003386750635277,TikTok video #7569003386750635277,,20251104,24,199700,6367,45,13,,original sound,ɐuǝɹǝs,False
7568989909311032590,democrats,https://www.tiktok.com/@democrats/video/7568989909311032590,TikTok video #7568989909311032590,,20251104,19,201400,8805,59,13,,original sound,𝓪𝓶𝓫𝓮𝓻 ♫,False
7568974205560081677,democrats,https://www.tiktok.com/@democrats/video/7568974205560081677,🇺🇸,🇺🇸,20251104,9,188900,4617,99,73,,Star Spangled (Bass Boosted),SNC,False
7568943601686695223,democrats,https://www.tiktok.com/@democrats/video/7568943601686695223,polls close at 9pm in new york 💙,polls close at 9pm in new york 💙,20251104,105,196100,8497,65,51,,original sound,Democrats,False
7568935608467361079,democrats,https://www.tiktok.com/@democrats/video/7568935608467361079,TikTok video #7568935608467361079,,20251104,20,705200,89700,205,200,,original sound,Elldzs★,False
7568872873331297549,democrats,https://www.tiktok.com/@democrats/video/7568872873331297549,HAVE YOU VOTED YET? 🇺🇸 ,HAVE YOU VOTED YET? 🇺🇸 ,20251104,19,12900000,2900000,7287,188700,,original sound - TKWEDITZ,TKWEDITZ,False
7568641230247136525,democrats,https://www.tiktok.com/@democrats/video/7568641230247136525,are you ready to vote? ,are you ready to vote? ,20251103,19,1600000,292700,907,3889,,original sound,⋆౨ৎ˚adore ⸆⸉,False
7568623070374661390,democrats,https://www.tiktok.com/@democrats/video/7568623070374661390,careless ,careless ,20251103,33,1600000,356400,574,13000,,original sound,T,False
7568608845514198286,democrats,https://www.tiktok.com/@democrats/video/7568608845514198286,💙,💙,20251103,40,629800,104200,295,727,,original sound,Democrats,False
7568574254665567501,democrats,https://www.tiktok.com/@democrats/video/7568574254665567501,TikTok video #7568574254665567501,,20251103,35,611600,94700,243,4741,,original sound,brit 𝜗𝜚,False
7568533104189508877,democrats,https://www.tiktok.com/@democrats/video/7568533104189508877,"virginia, let’s make history tomorrow 🤩","virginia, let’s make history tomorrow 🤩",20251103,16,2300000,433100,817,5565,,original sound,stvrnaudio,False
7568524810641263885,democrats,https://www.tiktok.com/@democrats/video/7568524810641263885,TikTok video #7568524810641263885,,20251103,29,200700,32400,140,220,,evergreen,audios!!,False
7568514784094653751,democrats,https://www.tiktok.com/@democrats/video/7568514784094653751,"new jersey, let’s do this 💪","new jersey, let’s do this 💪",20251103,20,68700,2994,25,26,,original sound,𝓪𝓶𝓫𝓮𝓻 ♫,False
7568320434064624910,democrats,https://www.tiktok.com/@democrats/video/7568320434064624910,"let’s do this, New York!","let’s do this, New York!",20251103,6,2700000,427500,2066,9221,,original sound,film enthusiast,False
7568200683065756942,democrats,https://www.tiktok.com/@democrats/video/7568200683065756942,TikTok video #7568200683065756942,,20251102,30,1100000,78600,150,2445,,original sound,brandon,False
7567926803734596877,democrats,https://www.tiktok.com/@democrats/video/7567926803734596877,aura,aura,20251102,17,1500000,201300,1634,7264,,original sound,topsongs,False
7567919982181502221,democrats,https://www.tiktok.com/@democrats/video/7567919982181502221,🔥,🔥,20251102,29,85500,6159,118,61,,original sound,Democrats,False
7567917808483437838,democrats,https://www.tiktok.com/@democrats/video/7567917808483437838,New Jersey knows what’s up 🤝,New Jersey knows what’s up 🤝,20251102,52,214100,19000,251,616,,original sound,Democrats,False
7567913525549518093,democrats,https://www.tiktok.com/@democrats/video/7567913525549518093,MVP 👑,MVP 👑,20251102,41,142700,16800,157,278,,original sound,Democrats,False
7567906757356293389,democrats,https://www.tiktok.com/@democrats/video/7567906757356293389,standing on business,standing on business,20251101,32,101900,7650,78,317,,original sound,Democrats,False
7567890220427840782,democrats,https://www.tiktok.com/@democrats/video/7567890220427840782,🙂‍↕️,🙂‍↕️,20251101,124,1100000,156600,1533,13600,,original sound,Democrats,False
7567877210758040845,democrats,https://www.tiktok.com/@democrats/video/7567877210758040845,former president 🤝 future governor,former president 🤝 future governor,20251101,42,122600,12300,142,211,,original sound,Democrats,False
7567864081969941815,democrats,https://www.tiktok.com/@democrats/video/7567864081969941815,“You deserve a governor like Abigail Spanberger” 🔥,“You deserve a governor like Abigail Spanberger” 🔥,20251101,36,65700,4505,73,90,,original sound,Democrats,False
7567856262646435086,democrats,https://www.tiktok.com/@democrats/video/7567856262646435086,😮‍💨,😮‍💨,20251101,32,76100,3312,45,123,,original sound,Democrats,False
7567771236512681229,democrats,https://www.tiktok.com/@democrats/video/7567771236512681229,TikTok video #7567771236512681229,,20251101,31,86900,6012,64,91,,original sound,rockstardannyvarr,False
7567442638991838477,democrats,https://www.tiktok.com/@democrats/video/7567442638991838477,welcome to Gov. Beshear’s neighborhood 🎃,welcome to Gov. Beshear’s neighborhood 🎃,20251031,57,58500,3465,60,82,,original sound,Democrats,False
7567435830004813070,democrats,https://www.tiktok.com/@democrats/video/7567435830004813070,TikTok video #7567435830004813070,,20251031,30,299700,43600,409,2829,,original sound,brandon,False
7567398707272977719,democrats,https://www.tiktok.com/@democrats/video/7567398707272977719,just playing in those kids faces,just playing in those kids faces,20251031,7,782100,84200,253,2985,,original sound - nouvelism,nouvelle ♰,False
7567378434876394766,democrats,https://www.tiktok.com/@democrats/video/7567378434876394766,BOO😃,BOO😃,20251031,6,266600,25700,190,1961,,Explosion,Official Sound Studio,False
7567375906700873015,democrats,https://www.tiktok.com/@democrats/video/7567375906700873015,TikTok video #7567375906700873015,,20251031,23,452100,55400,275,328,,original sound - ☆,☆,False
7567137928166542606,democrats,https://www.tiktok.com/@democrats/video/7567137928166542606,lol,lol,20251030,5,116100,10300,75,134,,original sound,𝐁 𝐄 𝐓 𝐇 𝐀 𝐍 𝐘,False
7567047332919856397,democrats,https://www.tiktok.com/@democrats/video/7567047332919856397,TikTok video #7567047332919856397,,20251030,21,261500,29800,327,1449,,オリジナル楽曲 - Jp lyrics,ディエゴミュージック洋楽,False
7566705080360029454,democrats,https://www.tiktok.com/@democrats/video/7566705080360029454,have you voted yet? ,have you voted yet? ,20251029,30,313900,26100,343,772,,original sound,Democrats,False
7566693922769079607,democrats,https://www.tiktok.com/@democrats/video/7566693922769079607,he could if he wanted to btw ,he could if he wanted to btw ,20251029,9,147300,17500,125,159,,оригінальний звук,Libriolla,False
7566674966612020535,democrats,https://www.tiktok.com/@democrats/video/7566674966612020535,TikTok video #7566674966612020535,,20251029,24,447200,71400,1863,1510,,original sound,𝐕𝐀𝐋 𝐀𝐔𝐃𝐈𝐎𝐒 ୨୧,False
7566670128553774349,democrats,https://www.tiktok.com/@democrats/video/7566670128553774349,he just won’t do it,he just won’t do it,20251029,10,1900000,467100,1244,30100,,original sound,Goldempireent,False
7566404979070602551,democrats,https://www.tiktok.com/@democrats/video/7566404979070602551,OVERTIME?!,OVERTIME?!,20251028,27,432600,79200,244,13600,,original sound,Democrats,False
7565999101611887885,democrats,https://www.tiktok.com/@democrats/video/7565999101611887885,TikTok video #7565999101611887885,,20251027,15,1100000,152700,935,3079,,original sound,Jey ☄︎₊˚⊹☆,False
7565986318220528951,democrats,https://www.tiktok.com/@democrats/video/7565986318220528951,FAHHHHHH,FAHHHHHH,20251027,14,5200000,1000000,4473,71000,,original sound,Democrats,False
7565891370532015415,democrats,https://www.tiktok.com/@democrats/video/7565891370532015415,TikTok video #7565891370532015415,,20251027,60,999400,136800,952,1187,,som original,thesong_lone,False
7564906906398084366,democrats,https://www.tiktok.com/@democrats/video/7564906906398084366,TikTok video #7564906906398084366,,20251024,34,526600,62800,612,1447,,original sound,🧸,False
7564818817931660557,democrats,https://www.tiktok.com/@democrats/video/7564818817931660557,TikTok video #7564818817931660557,,20251024,51,942300,172600,1317,2660,,original sound,🤍,False
7564509432521018679,democrats,https://www.tiktok.com/@democrats/video/7564509432521018679,Health care premiums are about to skyrocket btw,Health care premiums are about to skyrocket btw,20251023,5,918900,75100,1438,7526,,original sound,Democrats,False
7564465150581919031,democrats,https://www.tiktok.com/@democrats/video/7564465150581919031,TikTok video #7564465150581919031,,20251023,26,1100000,72700,278,2736,,original sound,Betches,False
7564167336240909623,democrats,https://www.tiktok.com/@democrats/video/7564167336240909623,paved paradise and put up a $300m ballroom,paved paradise and put up a $300m ballroom,20251022,20,278400,11400,378,259,,original sound,Democrats,False
7564158545244081421,democrats,https://www.tiktok.com/@democrats/video/7564158545244081421,They shut it down ,They shut it down ,20251022,32,5700000,901900,5862,138100,,original sound,bratlyrz,False
7563821561329782030,democrats,https://www.tiktok.com/@democrats/video/7563821561329782030,bruh ,bruh ,20251021,6,841300,91800,558,4673,,original sound,user11183909019,False
7563808594282499383,democrats,https://www.tiktok.com/@democrats/video/7563808594282499383,ope,ope,20251021,5,2000000,333500,1341,32300,,original sound,Clip.supplier👀🙈,False
7563781347479801102,democrats,https://www.tiktok.com/@democrats/video/7563781347479801102,The American people want the files. Republicans continue to cover it ...,The American people want the files. Republicans continue to cover it up. ,20251021,133,177500,6012,31,95,,original sound,Democrats,False
7563773654035746062,democrats,https://www.tiktok.com/@democrats/video/7563773654035746062,ped0 protectors ,ped0 protectors ,20251021,99,174400,9519,75,400,,original sound,Democrats,False
7563761943283092750,democrats,https://www.tiktok.com/@democrats/video/7563761943283092750,TikTok video #7563761943283092750,,20251021,11,2500000,81600,3759,1822,,Dimensions sedyy edit,SedyyFilms,False
7563750299702234381,democrats,https://www.tiktok.com/@democrats/video/7563750299702234381,why say many word when few word do trick?,why say many word when few word do trick?,20251021,26,118200,2101,37,18,,original sound,Democrats,False
7563738118004755767,democrats,https://www.tiktok.com/@democrats/video/7563738118004755767,🥲,🥲,20251021,18,514900,77400,438,4167,,original sound,dj auxlord,False
7563677383128009997,democrats,https://www.tiktok.com/@democrats/video/7563677383128009997,TikTok video #7563677383128009997,,20251021,34,1100000,96200,780,6951,,original sound,F3m,False
7563419444672859447,democrats,https://www.tiktok.com/@democrats/video/7563419444672859447,TikTok video #7563419444672859447,,20251020,28,4300000,423400,3313,10600,,original sound,↻ ◁ || ▷ ↺,False
7563405024911559991,democrats,https://www.tiktok.com/@democrats/video/7563405024911559991,bro needs a privacy screen ,bro needs a privacy screen ,20251020,8,382500,17700,61,249,,original sound,Sunny ⊙⊝⊜,False
7563401714699783479,democrats,https://www.tiktok.com/@democrats/video/7563401714699783479,TikTok video #7563401714699783479,,20251020,18,121500,8524,75,114,,original sound,Champagnepapi,False
7563385657024974093,democrats,https://www.tiktok.com/@democrats/video/7563385657024974093,TikTok video #7563385657024974093,,20251020,17,806800,90600,1079,2912,,original sound - Ludoman2,ludomanian2,False
7563324027691879693,democrats,https://www.tiktok.com/@democrats/video/7563324027691879693,2600 marches across the country with 7 million in attendance btw ,2600 marches across the country with 7 million in attendance btw ,20251020,25,188600,25200,303,1075,,original sound,user11183909019,False
7562706147732507918,democrats,https://www.tiktok.com/@democrats/video/7562706147732507918,TikTok video #7562706147732507918,,20251018,25,251900,34800,361,315,,original sound - vriuks,DYNAMIGHT,False
7562697874664901902,democrats,https://www.tiktok.com/@democrats/video/7562697874664901902,NO KINGS IN AMERICA,NO KINGS IN AMERICA,20251018,7,1300000,258400,430,6977,,original sound,hallow,False
7562681890201701645,democrats,https://www.tiktok.com/@democrats/video/7562681890201701645,🇺🇸 ,🇺🇸 ,20251018,23,2100000,413500,1309,4636,,original sound,rockstardannyvarr,False
7562292543812111630,democrats,https://www.tiktok.com/@democrats/video/7562292543812111630,🫩,🫩,20251017,8,2700000,538300,2728,37200,,original sound,7,False
7562270439926418701,democrats,https://www.tiktok.com/@democrats/video/7562270439926418701,spending all our money on… argentina,spending all our money on… argentina,20251017,7,1700000,233900,989,11600,,My humps,MARLEY NYC,False
7562254953893383437,democrats,https://www.tiktok.com/@democrats/video/7562254953893383437,“republicans would rather protect ped0s and stay on vacation than do ...,“republicans would rather protect ped0s and stay on vacation than do their jobs”,20251017,30,416800,81900,953,3734,,original sound,Democrats,False
7562227850871360782,democrats,https://www.tiktok.com/@democrats/video/7562227850871360782,TikTok video #7562227850871360782,,20251017,14,2200000,275700,794,4885,,original sound - blackthang3000,blackthang3000,False
7562211287761964343,democrats,https://www.tiktok.com/@democrats/video/7562211287761964343,Wow,Wow,20251017,29,124200,5930,52,76,,original sound,Democrats,False
7561933378644135182,democrats,https://www.tiktok.com/@democrats/video/7561933378644135182,sound it out ,sound it out ,20251016,15,249400,28900,412,2346,,original sound,Hit music of the early 2000s,False
7561866987501047053,democrats,https://www.tiktok.com/@democrats/video/7561866987501047053,TikTok video #7561866987501047053,,20251016,13,2100000,102600,804,6873,,original sound,desmond,False
7561850086557240590,democrats,https://www.tiktok.com/@democrats/video/7561850086557240590,Trump tariffs explained,Trump tariffs explained,20251016,28,218500,12900,115,393,,Payphone Maroon 5 Full Slowed Lyrics,S O U N D L Y R I C S,False
7561641361108176141,democrats,https://www.tiktok.com/@democrats/video/7561641361108176141,it’s that simple,it’s that simple,20251016,49,309200,30600,65,1318,,original sound,Democrats,False
7561635382698282295,democrats,https://www.tiktok.com/@democrats/video/7561635382698282295,🔥🔥🔥,🔥🔥🔥,20251016,59,146300,18500,127,399,,original sound,Democrats,False
7561626793275346231,democrats,https://www.tiktok.com/@democrats/video/7561626793275346231,the GOP doesn’t get the basics 👏 ,the GOP doesn’t get the basics 👏 ,20251016,62,132300,8664,46,110,,original sound,Democrats,False
7561616114208345399,democrats,https://www.tiktok.com/@democrats/video/7561616114208345399,very awesome 👍,very awesome 👍,20251016,26,124600,4554,292,589,,original sound,Democrats,False
7561605907608522039,democrats,https://www.tiktok.com/@democrats/video/7561605907608522039,💩 ,💩 ,20251016,17,779800,36000,1861,9415,,original sound,Democrats,False
7561520628210158861,democrats,https://www.tiktok.com/@democrats/video/7561520628210158861,YES YES YES,YES YES YES,20251015,11,152700,25500,1369,2171,,original sound,jesus family,False
7561501082384370958,democrats,https://www.tiktok.com/@democrats/video/7561501082384370958,TikTok video #7561501082384370958,,20251015,7,196100,26200,193,1050,,original sound,Totally Spies!,False
7561482089569225997,democrats,https://www.tiktok.com/@democrats/video/7561482089569225997,TikTok video #7561482089569225997,,20251015,3,164300,19300,61,246,,original sound,RipRod MonkeyMan,False
7561460723025530126,democrats,https://www.tiktok.com/@democrats/video/7561460723025530126,🙂‍↕️ ,🙂‍↕️ ,20251015,21,136300,9928,40,251,,original sound,Democrats,False
7561213961908014349,democrats,https://www.tiktok.com/@democrats/video/7561213961908014349,she never misses,she never misses,20251014,66,758500,156000,937,8573,,original sound,Democrats,False
7561191339019291918,democrats,https://www.tiktok.com/@democrats/video/7561191339019291918,Swear her in. Release the files. ,Swear her in. Release the files. ,20251014,25,222600,35100,103,867,,original sound,user34039301376,False
7561124598314487054,democrats,https://www.tiktok.com/@democrats/video/7561124598314487054,TikTok video #7561124598314487054,,20251014,23,6000000,642100,2748,114200,,original sound,carson,False
7561111256824958222,democrats,https://www.tiktok.com/@democrats/video/7561111256824958222,This is who Trump is leaving behind. ,This is who Trump is leaving behind. ,20251014,334,559700,52700,1758,5387,,original sound,Democrats,False
7561099865749507342,democrats,https://www.tiktok.com/@democrats/video/7561099865749507342,🔥 ,🔥 ,20251014,29,456500,75400,305,4920,,original sound,Democrats,False
7560690100875595063,democrats,https://www.tiktok.com/@democrats/video/7560690100875595063,😳,😳,20251013,26,185900,21800,140,4565,,original sound,Democrats,False
7559674882313751863,democrats,https://www.tiktok.com/@democrats/video/7559674882313751863,The Life of an Authoritarian ,The Life of an Authoritarian ,20251010,11,2500000,202500,623,41600,,original sound,Mel,False
7559627115923115278,democrats,https://www.tiktok.com/@democrats/video/7559627115923115278,👀 ,👀 ,20251010,8,270300,17400,207,777,,original sound,Mollythepandacatofficial,False
7559604582054235405,democrats,https://www.tiktok.com/@democrats/video/7559604582054235405,exactly 🙂‍↕️ ,exactly 🙂‍↕️ ,20251010,61,376100,22800,311,1227,,original sound,Democrats,False
7559595176302349623,democrats,https://www.tiktok.com/@democrats/video/7559595176302349623,TikTok video #7559595176302349623,,20251010,23,807600,101000,830,4171,,original sound,Raptor,False
7559570704144895246,democrats,https://www.tiktok.com/@democrats/video/7559570704144895246,it actually is discrimination,it actually is discrimination,20251010,7,200300,9881,47,267,,original sound,Democrats,False
7559381732584115469,democrats,https://www.tiktok.com/@democrats/video/7559381732584115469,Team Spanberger 💪 ,Team Spanberger 💪 ,20251010,27,208800,7961,76,94,,original sound,Democrats,False
7559359511379692855,democrats,https://www.tiktok.com/@democrats/video/7559359511379692855,okay girlboss!!,okay girlboss!!,20251009,5,1300000,179900,344,4641,,original sound,nadia 🦋🌀 ᖭི༏ᖫྀ,False
7559298663713983799,democrats,https://www.tiktok.com/@democrats/video/7559298663713983799,guys.. what’s going on,guys.. what’s going on,20251009,5,1600000,135800,425,1677,,BEST AUDIO EVER,yeni.edv,False
7559275384433331469,democrats,https://www.tiktok.com/@democrats/video/7559275384433331469,🤭,🤭,20251009,12,23800000,4000000,18100,1100000,,sonido original,Veka Plantillas,False
7559247829504412983,democrats,https://www.tiktok.com/@democrats/video/7559247829504412983,you know what they say about broken clocks,you know what they say about broken clocks,20251009,35,1000000,118400,2090,17400,,original sound,Democrats,False
7559233792746081549,democrats,https://www.tiktok.com/@democrats/video/7559233792746081549,TikTok video #7559233792746081549,,20251009,26,434300,56400,5375,1705,,som original,midnghtay,False
7559000874010398007,democrats,https://www.tiktok.com/@democrats/video/7559000874010398007,🔥 ,🔥 ,20251008,24,274600,24600,104,328,,original sound,Democrats,False
7558983015829884174,democrats,https://www.tiktok.com/@democrats/video/7558983015829884174,listen to what Trump just said,listen to what Trump just said,20251008,7,3500000,397900,3310,67900,,original sound,Democrats,False
7558979033355144461,democrats,https://www.tiktok.com/@democrats/video/7558979033355144461,let’s get you to bed grandpa 😴 ,let’s get you to bed grandpa 😴 ,20251008,12,775300,105000,711,4077,,original sound - solo.mp3,solo.mp3,False
7558949684631457079,democrats,https://www.tiktok.com/@democrats/video/7558949684631457079,Governor Pritzker has a simple message for Trump. ,Governor Pritzker has a simple message for Trump. ,20251008,20,304000,39200,452,3096,,original sound,Democrats,False
7558895194901531917,democrats,https://www.tiktok.com/@democrats/video/7558895194901531917,Mike Johnson is refusing to swear in @Supervisor Adelita S. Grijalva ,Mike Johnson is refusing to swear in @Supervisor Adelita S. Grijalva ,20251008,45,275700,51700,749,1932,,original sound,Democrats,False
7558874437722901773,democrats,https://www.tiktok.com/@democrats/video/7558874437722901773,ts so ahh 🥀,ts so ahh 🥀,20251008,16,1000000,154600,1211,17100,,оригінальний звук,kf_zalupa,False
7558524681318452535,democrats,https://www.tiktok.com/@democrats/video/7558524681318452535,This is a cover-up,This is a cover-up,20251007,6,518800,28300,343,1087,,original sound,Democrats,False
7558265223715573006,democrats,https://www.tiktok.com/@democrats/video/7558265223715573006,🇺🇸 ,🇺🇸 ,20251007,26,10300000,1700000,3567,87300,,original sound,user82322917494,False
7558220925758491918,democrats,https://www.tiktok.com/@democrats/video/7558220925758491918,lmao ,lmao ,20251006,11,706100,136200,153,5908,,I do not own this sound,UniformedRumHam,False
7558212591365983501,democrats,https://www.tiktok.com/@democrats/video/7558212591365983501,Trump once said #farmingsimulator ,Trump once said #farmingsimulator ,20251006,33,852900,50000,225,1613,,original sound,Spotify Lyrics,False
7558195997466250551,democrats,https://www.tiktok.com/@democrats/video/7558195997466250551,busy day of hurting Americans! ,busy day of hurting Americans! ,20251006,8,142000,11800,55,210,,original sound,mc cece,False
7558181422540803383,democrats,https://www.tiktok.com/@democrats/video/7558181422540803383,TikTok video #7558181422540803383,,20251006,39,694600,100700,267,4506,,dirty diana,ballhogging,False
7558162961420881166,democrats,https://www.tiktok.com/@democrats/video/7558162961420881166,TikTok video #7558162961420881166,,20251006,59,95400,3489,40,54,,original sound,warriorworldwarlord,False
7558102763545185591,democrats,https://www.tiktok.com/@democrats/video/7558102763545185591,does he even know what year it is??,does he even know what year it is??,20251006,44,1300000,119600,2350,38300,,original sound,Democrats,False
7557089201351658807,democrats,https://www.tiktok.com/@democrats/video/7557089201351658807,omg,omg,20251003,12,180400,20200,155,532,,original sound,Alex and Jon,False
7557075124747341111,democrats,https://www.tiktok.com/@democrats/video/7557075124747341111,❤️,❤️,20251003,14,814700,133100,668,1714,,original sound,curatedbyrudi,False
7557061635324513549,democrats,https://www.tiktok.com/@democrats/video/7557061635324513549,#farmingsimulator #satisfying,#farmingsimulator #satisfying,20251003,41,1300000,111900,378,4429,,original sound,madi <3,False
7557047958806465805,democrats,https://www.tiktok.com/@democrats/video/7557047958806465805,TikTok video #7557047958806465805,,20251003,14,1200000,74600,543,7995,,original sound,❀,False
7556719328557534477,democrats,https://www.tiktok.com/@democrats/video/7556719328557534477,“our enemies are laughing.”,“our enemies are laughing.”,20251002,23,257200,18800,130,326,,original sound,Democrats,False
7556679726912326926,democrats,https://www.tiktok.com/@democrats/video/7556679726912326926,TikTok video #7556679726912326926,,20251002,33,1300000,206300,851,6765,,original sound,🧼Soap🧼,False
7556296872470662413,democrats,https://www.tiktok.com/@democrats/video/7556296872470662413,this is on them,this is on them,20251001,14,530700,24300,443,242,,original sound,luvaaagurrlll,False
7556252822661123342,democrats,https://www.tiktok.com/@democrats/video/7556252822661123342,she’d be the final vote to release the Epstein files btw,she’d be the final vote to release the Epstein files btw,20251001,38,357900,49000,394,1462,,original sound,Democrats,False
7556098260645973261,democrats,https://www.tiktok.com/@democrats/video/7556098260645973261,TikTok video #7556098260645973261,,20251001,58,2900000,391800,1250,8413,,original sound - radiohuey,radiohuey,False
7556058378548661559,democrats,https://www.tiktok.com/@democrats/video/7556058378548661559,Watch this if you’re confused about the GOP shutdown,Watch this if you’re confused about the GOP shutdown,20251001,90,679900,91700,321,5043,,original sound,Democrats,False
7556014586588155150,democrats,https://www.tiktok.com/@democrats/video/7556014586588155150,it’s that simple,it’s that simple,20250930,51,180900,15000,103,394,,original sound,Democrats,False
7556001449826716941,democrats,https://www.tiktok.com/@democrats/video/7556001449826716941,gov shutdown but it’s cats ,gov shutdown but it’s cats ,20250930,24,4500000,758500,1766,112200,,original sound,Democrats,False
7555991368607337741,democrats,https://www.tiktok.com/@democrats/video/7555991368607337741,🙂‍↕️ ,🙂‍↕️ ,20250930,18,8400000,1200000,4593,150600,,original sound,Democrats,False
7555966585475763470,democrats,https://www.tiktok.com/@democrats/video/7555966585475763470,🏃💨,🏃💨,20250930,19,1300000,220600,328,4926,,original sound,user83367583044,False
7555934360449322295,democrats,https://www.tiktok.com/@democrats/video/7555934360449322295,TikTok video #7555934360449322295,,20250930,112,1200000,130300,756,5143,,original sound,Scotland's Orchestra,False
7555888817337568526,democrats,https://www.tiktok.com/@democrats/video/7555888817337568526,What did he say??,What did he say??,20250930,30,1500000,43700,2569,21100,,original sound,Democrats,False
7555885494878489911,democrats,https://www.tiktok.com/@democrats/video/7555885494878489911,TikTok video #7555885494878489911,,20250930,35,1300000,202300,1007,15100,,son original,goofy_vidz,False
7555879332363652366,democrats,https://www.tiktok.com/@democrats/video/7555879332363652366,his address to our top military generals btw,his address to our top military generals btw,20250930,10,2800000,211500,5121,56600,,original sound,Democrats,False
7555591889697770765,democrats,https://www.tiktok.com/@democrats/video/7555591889697770765,bro’s still at it,bro’s still at it,20250929,23,93100,4630,126,55,,original sound,Democrats,False
7555578764181146893,democrats,https://www.tiktok.com/@democrats/video/7555578764181146893,female leadership 🫶,female leadership 🫶,20250929,27,147200,29200,104,465,,original sound,♫𝜗𝜚༉,False
7555516615169674509,democrats,https://www.tiktok.com/@democrats/video/7555516615169674509,TikTok video #7555516615169674509,,20250929,18,781100,189100,678,9394,,original sound,￴￴ ￴￴￴￴,False
7554876223755783437,democrats,https://www.tiktok.com/@democrats/video/7554876223755783437,Trump wants to destroy the natural beauty of this country to fill his...,Trump wants to destroy the natural beauty of this country to fill his own pockets!!  ,20250927,16,258400,40300,286,651,,original sound,kayla ❁ wildlife girl,False
7554770449738075406,democrats,https://www.tiktok.com/@democrats/video/7554770449738075406,happy national public lands day 😊,happy national public lands day 😊,20250927,20,392600,77200,146,666,,This land is your land,moldedpeaches,False
7554515882060418359,democrats,https://www.tiktok.com/@democrats/video/7554515882060418359,can’t do groupchats anymore??,can’t do groupchats anymore??,20250926,7,226000,14700,78,420,,original sound,user82322917494,False
7554506333945416974,democrats,https://www.tiktok.com/@democrats/video/7554506333945416974,TikTok video #7554506333945416974,,20250926,20,2100000,255700,698,5638,,original sound - Max,HBO Max,False
7554499078621596983,democrats,https://www.tiktok.com/@democrats/video/7554499078621596983,TikTok video #7554499078621596983,,20250926,18,319500,32900,270,1594,,original sound,bon🫧,False
7554488843735452941,democrats,https://www.tiktok.com/@democrats/video/7554488843735452941,Trump is rigging things for himself ,Trump is rigging things for himself ,20250926,64,58500,1959,14,14,,original sound,Democrats,False
7554473654147353911,democrats,https://www.tiktok.com/@democrats/video/7554473654147353911,TikTok video #7554473654147353911,,20250926,19,1100000,143800,736,5709,,original sound,Relatable Quotes,False
7554104182035205390,democrats,https://www.tiktok.com/@democrats/video/7554104182035205390,argentina first? ,argentina first? ,20250925,9,779900,96900,494,7013,,original sound,. ‍‍‍‍‍‍‍‍‍‍‍,False
7553767478841642254,democrats,https://www.tiktok.com/@democrats/video/7553767478841642254,TikTok video #7553767478841642254,,20250924,9,1800000,380800,254,5991,,sonido original,gaditanikaaa,False
7553754348539465015,democrats,https://www.tiktok.com/@democrats/video/7553754348539465015,TikTok video #7553754348539465015,,20250924,30,337800,65200,409,2271,,Where Have You Been,Drinks On Me,False
7553712620939824439,democrats,https://www.tiktok.com/@democrats/video/7553712620939824439,did he stutter ,did he stutter ,20250924,45,321100,31500,340,709,,original sound,Democrats,False
7553694990472400183,democrats,https://www.tiktok.com/@democrats/video/7553694990472400183,yeah ❤️,yeah ❤️,20250924,11,356000,56700,578,1846,,original sound,stephanie 💫,False
7553385796934405390,democrats,https://www.tiktok.com/@democrats/video/7553385796934405390,TikTok video #7553385796934405390,,20250923,10,517800,45900,182,2695,,original sound,Tokyo Toni,False
7553362907283639607,democrats,https://www.tiktok.com/@democrats/video/7553362907283639607,low energy. sad! ,low energy. sad! ,20250923,12,426600,44400,443,3267,,Lil Phoebe x Melodica,sanilovesmusic,False
7553033005137202445,democrats,https://www.tiktok.com/@democrats/video/7553033005137202445,What??,What??,20250922,24,1100000,79300,1116,18400,,original sound,Democrats,False
7553028664066198797,democrats,https://www.tiktok.com/@democrats/video/7553028664066198797,sound it out 😭,sound it out 😭,20250922,12,14000000,1100000,13100,463900,,original sound,Democrats,False
7553009998851296526,democrats,https://www.tiktok.com/@democrats/video/7553009998851296526,😀🪱,😀🪱,20250922,10,142500,12900,67,996,,original sound - Hrth,LOWKÉY×,False
7552959291259391245,democrats,https://www.tiktok.com/@democrats/video/7552959291259391245,He told Republicans to not even bother negotiating with Dems btw,He told Republicans to not even bother negotiating with Dems btw,20250922,10,294600,37800,232,898,,original sound,jenna,False
7552910952316882231,democrats,https://www.tiktok.com/@democrats/video/7552910952316882231,🥹,🥹,20250922,32,2000000,358700,2748,18900,,original sound,audios 🎧,False
7551480954825526542,democrats,https://www.tiktok.com/@democrats/video/7551480954825526542,“free speech” ,“free speech” ,20250918,14,4000000,628100,1872,41200,,original sound,Democrats,False
7551417073939795214,democrats,https://www.tiktok.com/@democrats/video/7551417073939795214,???,???,20250918,20,233000,11000,223,910,,original sound,Democrats,False
7551224892134264119,democrats,https://www.tiktok.com/@democrats/video/7551224892134264119,TikTok video #7551224892134264119,,20250918,60,1100000,77800,700,4132,,i was only temporary,my head is empty,False
7551185960944405774,democrats,https://www.tiktok.com/@democrats/video/7551185960944405774,You need to hear this.,You need to hear this.,20250917,169,215000,17200,206,812,,original sound,Democrats,False
7551136660608617742,democrats,https://www.tiktok.com/@democrats/video/7551136660608617742,😊,😊,20250917,13,1900000,390200,694,77200,,original sound,lukeshagwell,False
7551081939566890253,democrats,https://www.tiktok.com/@democrats/video/7551081939566890253,#hattheory,#hattheory,20250917,5,25200000,3300000,15800,588400,,original sound,random videos 😀,False
7550708171958914317,democrats,https://www.tiktok.com/@democrats/video/7550708171958914317,too niche?,too niche?,20250916,10,1700000,215200,497,12900,,original sound,m 🐈‍⬛,False
7550689802627075341,democrats,https://www.tiktok.com/@democrats/video/7550689802627075341,TikTok video #7550689802627075341,,20250916,80,117700,2571,59,37,,Star Spangled (Bass Boosted),SNC,False
7550463001766137101,democrats,https://www.tiktok.com/@democrats/video/7550463001766137101,🙂‍↕️,🙂‍↕️,20250915,62,109800,2513,44,43,,original sound,Democrats,False
7550419442094722317,democrats,https://www.tiktok.com/@democrats/video/7550419442094722317,hochul 🤝 mamdani ,hochul 🤝 mamdani ,20250915,15,180900,10500,44,78,,original sound,h$,False
7548516655928855821,democrats,https://www.tiktok.com/@democrats/video/7548516655928855821,😀,😀,20250910,13,699400,37300,1004,1289,,original sound,real shi,False
7548208272247917837,democrats,https://www.tiktok.com/@democrats/video/7548208272247917837,just saying,just saying,20250909,60,786300,39600,302,559,,som original,GG Song🎵,False
7548198436063956237,democrats,https://www.tiktok.com/@democrats/video/7548198436063956237,TikTok video #7548198436063956237,,20250909,21,580600,35100,714,2900,,som original - Winter Estourado,Winter Estourado,False
7547834370590002487,democrats,https://www.tiktok.com/@democrats/video/7547834370590002487,"that’s suspicious, that’s weird","that’s suspicious, that’s weird",20250908,20,368900,11900,162,201,,original sound,Democrats,False
7547817051763641613,democrats,https://www.tiktok.com/@democrats/video/7547817051763641613,“I never wrote a picture in my life” 🆗,“I never wrote a picture in my life” 🆗,20250908,9,453800,24200,206,1001,,Lil Phoebe x Melodica,sanilovesmusic,False
7547802663128222990,democrats,https://www.tiktok.com/@democrats/video/7547802663128222990,TikTok video #7547802663128222990,,20250908,60,761600,32900,322,1046,,she knows,moiseslyricsss,False
7547786241484262711,democrats,https://www.tiktok.com/@democrats/video/7547786241484262711,what’s going on with him?,what’s going on with him?,20250908,7,9300000,931600,3682,57800,,som original,,False
7547773816546610446,democrats,https://www.tiktok.com/@democrats/video/7547773816546610446,yup 👍 ,yup 👍 ,20250908,8,257100,15200,152,721,,original sound,Funny Sound Effects,False
7547749075110595853,democrats,https://www.tiktok.com/@democrats/video/7547749075110595853,TikTok video #7547749075110595853,,20250908,17,723200,43300,360,2262,,orijinal ses,L,False
7547115759504329997,democrats,https://www.tiktok.com/@democrats/video/7547115759504329997,This is spot-on,This is spot-on,20250906,59,186300,7245,79,104,,original sound,Democrats,False
7546666353596321037,democrats,https://www.tiktok.com/@democrats/video/7546666353596321037,job creation where ,job creation where ,20250905,13,185900,5190,68,187,,TURNNN DOWNN FOR WHATT,kumi,False
7546651083611835662,democrats,https://www.tiktok.com/@democrats/video/7546651083611835662,that boy is corrupt 🙂‍↕️ ,that boy is corrupt 🙂‍↕️ ,20250905,13,6300000,1300000,1999,135200,,original sound - song lyrics ִ ࣪𖤐,song lyrics ִ ࣪𖤐,False
7546633557305724215,democrats,https://www.tiktok.com/@democrats/video/7546633557305724215,Trump’s economy is leaving working class families behind  ,Trump’s economy is leaving working class families behind  ,20250905,39,360500,49200,107,2235,,original sound,Democrats,False
7546342869070564621,democrats,https://www.tiktok.com/@democrats/video/7546342869070564621,Trump wants to divide our country. We want to unite it. ,Trump wants to divide our country. We want to unite it. ,20250904,34,141500,9388,63,211,,original sound,Democrats,False
7546335404442635533,democrats,https://www.tiktok.com/@democrats/video/7546335404442635533,Where are the ‘don’t tread on me’ people?,Where are the ‘don’t tread on me’ people?,20250904,34,712700,165300,426,5690,,original sound,Democrats,False
7546315663179009294,democrats,https://www.tiktok.com/@democrats/video/7546315663179009294,💙,💙,20250904,32,119700,6570,66,101,,original sound,Democrats,False
7546295865175067959,democrats,https://www.tiktok.com/@democrats/video/7546295865175067959,TikTok video #7546295865175067959,,20250904,60,157000,8395,117,296,,ominous,insensible,False
7546288446529097015,democrats,https://www.tiktok.com/@democrats/video/7546288446529097015,🪱 ,🪱 ,20250904,30,1100000,234800,477,28100,,sonido original,VeracruChango,False
7546254451267374350,democrats,https://www.tiktok.com/@democrats/video/7546254451267374350,the math isn’t mathing ,the math isn’t mathing ,20250904,5,789000,69200,508,4162,,original sound,Democrats,False
7545902871347203342,democrats,https://www.tiktok.com/@democrats/video/7545902871347203342,Two more Republicans. That’s all we need to force the release of the ...,Two more Republicans. That’s all we need to force the release of the files. ,20250903,35,129900,7466,68,118,,original sound,Democrats,False
7545876817303833870,democrats,https://www.tiktok.com/@democrats/video/7545876817303833870,lol,lol,20250903,8,588700,131100,740,11600,,my name is Sam Sam,noiz,False
7545604189485944119,democrats,https://www.tiktok.com/@democrats/video/7545604189485944119,🥀,🥀,20250902,11,16500000,2200000,9975,293900,,original sound,💆🏻‍♀️Batoul💆🏻‍♀️,False
7545597241176624397,democrats,https://www.tiktok.com/@democrats/video/7545597241176624397,🤭,🤭,20250902,10,658700,96700,912,13600,,iiiiiiiiiiiiiiiiiiiiiiiiiiiiiiiiii,GOT BANNED IM BACK!!!!!,False
7545583474384719118,democrats,https://www.tiktok.com/@democrats/video/7545583474384719118,oh,oh,20250902,10,839900,79500,612,6829,,original sound,Democrats,False
7545533001006845197,democrats,https://www.tiktok.com/@democrats/video/7545533001006845197,@Congressman Maxwell Frost 🔥,@Congressman Maxwell Frost 🔥,20250902,33,289600,34200,125,856,,original sound,Democrats,False
7544107996620623159,democrats,https://www.tiktok.com/@democrats/video/7544107996620623159,TikTok video #7544107996620623159,,20250829,19,489500,56000,594,1004,,sad SpongeBob music,michael,False
7544087044365077773,democrats,https://www.tiktok.com/@democrats/video/7544087044365077773,he should be ashamed ,he should be ashamed ,20250829,10,172300,10100,92,160,,original sound,Democrats,False
7544077859325758734,democrats,https://www.tiktok.com/@democrats/video/7544077859325758734,negative aura,negative aura,20250829,5,1100000,61000,880,2420,,original sound,Democrats,False
7543726203446856973,democrats,https://www.tiktok.com/@democrats/video/7543726203446856973,that’s embarrassing ,that’s embarrassing ,20250828,34,380700,36500,703,1325,,original sound,Democrats,False
7543698247378799885,democrats,https://www.tiktok.com/@democrats/video/7543698247378799885,This is heartbreaking ,This is heartbreaking ,20250828,48,137700,8705,61,143,,original sound,Democrats,False
7542982149570366775,democrats,https://www.tiktok.com/@democrats/video/7542982149570366775,people can’t afford groceries,people can’t afford groceries,20250826,15,458900,44400,1659,3943,,original sound - thannksss,hawktuahtron1000,False
7542962003749457166,democrats,https://www.tiktok.com/@democrats/video/7542962003749457166,???,???,20250826,17,243200,11100,576,938,,original sound,Democrats,False
7542943334365531405,democrats,https://www.tiktok.com/@democrats/video/7542943334365531405,🤨,🤨,20250826,23,4700000,193700,2250,19400,,original sound,Pickled beets,False
7542892574575480119,democrats,https://www.tiktok.com/@democrats/video/7542892574575480119,this is not normal ,this is not normal ,20250826,8,341100,32800,493,4423,,original sound,Democrats,False
7542580204200299831,democrats,https://www.tiktok.com/@democrats/video/7542580204200299831,oh…,oh…,20250825,10,8500000,627700,4726,57100,,OMG What Is That,AshdenB,False
7541515468461329677,democrats,https://www.tiktok.com/@democrats/video/7541515468461329677,commander in chopped ,commander in chopped ,20250822,6,9100000,1400000,7158,363800,,original sound,soundeffectpack,False
7541488949525548301,democrats,https://www.tiktok.com/@democrats/video/7541488949525548301,???,???,20250822,27,554500,32900,1911,7342,,original sound,Democrats,False
7541410366098574647,democrats,https://www.tiktok.com/@democrats/video/7541410366098574647,besties ✨,besties ✨,20250822,10,231300,19700,298,1727,,original sound,Athena🙈,False
7541156891913620750,democrats,https://www.tiktok.com/@democrats/video/7541156891913620750,🔥,🔥,20250821,29,123500,6728,165,92,,original sound,Democrats,False
7541138532845227319,democrats,https://www.tiktok.com/@democrats/video/7541138532845227319,oh,oh,20250821,11,241600,26200,523,443,,original sound,EpicGamingMusic,False
7541094349770165559,democrats,https://www.tiktok.com/@democrats/video/7541094349770165559,focus on fixing the planes buddy,focus on fixing the planes buddy,20250821,12,385300,40300,868,1097,,Lil Phoebe x Melodica,sanilovesmusic,False
7541052430037863694,democrats,https://www.tiktok.com/@democrats/video/7541052430037863694,TikTok video #7541052430037863694,,20250821,60,277000,11000,229,532,,som original,𝙧𝙮𝙭𝙣,False
7541042581271055630,democrats,https://www.tiktok.com/@democrats/video/7541042581271055630,TikTok video #7541042581271055630,,20250821,112,540400,24200,224,475,,original sound,Scotland's Orchestra,False
7541033011001773326,democrats,https://www.tiktok.com/@democrats/video/7541033011001773326,TikTok video #7541033011001773326,,20250821,20,1800000,260600,1622,6043,,originalljud,Slowed 👹 Evil,False
7540789540848471351,democrats,https://www.tiktok.com/@democrats/video/7540789540848471351,wow.,wow.,20250820,68,524500,78400,389,4211,,original sound,Democrats,False
7540724902777687310,democrats,https://www.tiktok.com/@democrats/video/7540724902777687310,it’s been two nights. ,it’s been two nights. ,20250820,11,1900000,226700,1049,4815,,ominous,insensible,False
7540697000937852174,democrats,https://www.tiktok.com/@democrats/video/7540697000937852174,TikTok video #7540697000937852174,,20250820,57,475800,64500,331,3353,,True Believer mp3,dizzynette,False
7540399628412292366,democrats,https://www.tiktok.com/@democrats/video/7540399628412292366,"Thank you, State Rep. Collier","Thank you, State Rep. Collier",20250819,33,2000000,398000,5148,15700,,original sound,Democrats,False
7540380497575283982,democrats,https://www.tiktok.com/@democrats/video/7540380497575283982,24 hours.,24 hours.,20250819,10,2300000,215100,517,2942,,crying and puking,🪬𝕶𝖆𝖗𝖒𝖆🕸️(Hange’s wife),False
7540367843435515191,democrats,https://www.tiktok.com/@democrats/video/7540367843435515191,bruh,bruh,20250819,6,9800000,1400000,9168,121500,,Mickey mouse screaming by sr pelo,➡️,False
7540344186034343223,democrats,https://www.tiktok.com/@democrats/video/7540344186034343223,TikTok video #7540344186034343223,,20250819,51,235700,17400,339,258,,original sound,julia,False
7540311850823535927,democrats,https://www.tiktok.com/@democrats/video/7540311850823535927,TikTok video #7540311850823535927,,20250819,18,308200,17600,427,200,,MONTHS SOUND REMEMBER TO USE,eden,False
7540039925761199374,democrats,https://www.tiktok.com/@democrats/video/7540039925761199374,what changed?,what changed?,20250818,12,112600,4496,121,79,,original sound,Democrats,False
7540024463706819895,democrats,https://www.tiktok.com/@democrats/video/7540024463706819895,what??,what??,20250818,13,1400000,69100,713,13500,,original sound,Democrats,False
7540012840577453326,democrats,https://www.tiktok.com/@democrats/video/7540012840577453326,TikTok video #7540012840577453326,,20250818,17,2500000,215600,2065,5756,,orijinal ses,L,False
7539958261575961870,democrats,https://www.tiktok.com/@democrats/video/7539958261575961870,oof,oof,20250818,10,396800,36900,692,2137,,original sound,Grace McMillen,False
7539928659558255885,democrats,https://www.tiktok.com/@democrats/video/7539928659558255885,lol ,lol ,20250818,8,12300000,1500000,9933,218400,,original sound,Quotes for dayzzzz,False
7539921711026769207,democrats,https://www.tiktok.com/@democrats/video/7539921711026769207,TikTok video #7539921711026769207,,20250818,14,169700,7330,88,282,,This Is Your Man,Steve Wilkos Show,False
7539266469838753037,democrats,https://www.tiktok.com/@democrats/video/7539266469838753037,😎😎,😎😎,20250816,14,458100,64700,472,2036,,som original,void hiro 🕸️,False
7539237286832131383,democrats,https://www.tiktok.com/@democrats/video/7539237286832131383,go clock in,go clock in,20250816,11,881700,190100,822,18800,,Go clock in,1of1💎,False
7538934733309267214,democrats,https://www.tiktok.com/@democrats/video/7538934733309267214,TikTok video #7538934733309267214,,20250815,17,1400000,199400,754,5647,,suono originale,𝙎𝙊𝙁𝙏𝙇𝙔,False
7538850722780073230,democrats,https://www.tiktok.com/@democrats/video/7538850722780073230,anywhere but at his desk,anywhere but at his desk,20250815,8,273800,23300,169,338,,tsitp intro,ashyrami,False
7538835504146500878,democrats,https://www.tiktok.com/@democrats/video/7538835504146500878,???,???,20250815,20,2000000,150900,5892,56000,,original sound,Democrats,False
7538813374138699063,democrats,https://www.tiktok.com/@democrats/video/7538813374138699063,oh,oh,20250815,6,230800,30400,134,442,,original sound - pvrsws,directflex,False
7538573115551501623,democrats,https://www.tiktok.com/@democrats/video/7538573115551501623,😮‍💨,😮‍💨,20250814,24,112500,9945,157,108,,original sound,Democrats,False
7538553493532052750,democrats,https://www.tiktok.com/@democrats/video/7538553493532052750,TikTok video #7538553493532052750,,20250814,60,90300,5048,86,159,,ominous,insensible,False
7538546449953393975,democrats,https://www.tiktok.com/@democrats/video/7538546449953393975,TikTok video #7538546449953393975,,20250814,44,378000,45800,828,727,,think of me every once in a while,jake,False
7538525601615990029,democrats,https://www.tiktok.com/@democrats/video/7538525601615990029,nothing beats a JD holiday,nothing beats a JD holiday,20250814,9,373400,30900,224,933,,Jet2 Advert,✈️A7-BBH | MAN 🇬🇧,False
7538448414254566711,democrats,https://www.tiktok.com/@democrats/video/7538448414254566711,TikTok video #7538448414254566711,,20250814,48,115000,12700,113,228,,original sound,‘,False
7538191153099836727,democrats,https://www.tiktok.com/@democrats/video/7538191153099836727,TikTok video #7538191153099836727,,20250813,15,1200000,131300,606,859,,original sound,💌,False
7538129712325905678,democrats,https://www.tiktok.com/@democrats/video/7538129712325905678,TikTok video #7538129712325905678,,20250813,57,463400,76400,467,4558,,True Believer mp3,dizzynette,False
7538122373833215246,democrats,https://www.tiktok.com/@democrats/video/7538122373833215246,lol,lol,20250813,10,112600,8628,72,586,,original sound,negansnalgas,False
7537819061887962423,democrats,https://www.tiktok.com/@democrats/video/7537819061887962423,“have you said thank you once?”,“have you said thank you once?”,20250812,71,135400,20900,130,391,,original sound,Democrats,False
7537703605533510926,democrats,https://www.tiktok.com/@democrats/video/7537703605533510926,doing anything but his job,doing anything but his job,20250812,7,259600,18300,130,693,,original sound,Democrats,False
7537450473398209847,democrats,https://www.tiktok.com/@democrats/video/7537450473398209847,TikTok video #7537450473398209847,,20250811,5,1400000,186400,814,4059,,original sound,🌷,False
7537400329546108215,democrats,https://www.tiktok.com/@democrats/video/7537400329546108215,TikTok video #7537400329546108215,,20250811,88,165000,18100,170,507,,original sound,nbcnews,False
7537359826104454414,democrats,https://www.tiktok.com/@democrats/video/7537359826104454414,TikTok video #7537359826104454414,,20250811,16,1100000,106400,522,6031,,Lil Phoebe x Melodica,sanilovesmusic,False
7537338803665571086,democrats,https://www.tiktok.com/@democrats/video/7537338803665571086,get the hell out of DC 🙂‍↕️,get the hell out of DC 🙂‍↕️,20250811,61,300800,53300,183,1322,,som original,Drops Music,False
7536628857726668087,democrats,https://www.tiktok.com/@democrats/video/7536628857726668087,have you ever said thank you once?,have you ever said thank you once?,20250809,10,718800,114100,456,5005,,Originalton,𝖛𝖑𝖔𝖝𝖓𝖖𝖓𝖙,False
7536317247804034317,democrats,https://www.tiktok.com/@democrats/video/7536317247804034317,she’s got a wig ✨ ,she’s got a wig ✨ ,20250808,15,590000,85400,500,13100,,original sound,GAY TIMES,False
7536297116709244174,democrats,https://www.tiktok.com/@democrats/video/7536297116709244174,a vacation per month is crazy work ,a vacation per month is crazy work ,20250808,5,145700,10300,144,146,,original sound,Joe Gunn,False
7536266793401322765,democrats,https://www.tiktok.com/@democrats/video/7536266793401322765,TikTok video #7536266793401322765,,20250808,26,1600000,88900,613,2126,,original sound,Sound Central,False
7536261793912458510,democrats,https://www.tiktok.com/@democrats/video/7536261793912458510,they’re changing the rules to avoid accountability ,they’re changing the rules to avoid accountability ,20250808,55,66300,2245,18,13,,original sound,Democrats,False
7536238427671366925,democrats,https://www.tiktok.com/@democrats/video/7536238427671366925,TikTok video #7536238427671366925,,20250808,9,243600,14000,488,150,,original sound,NYES | Fashion,False
7536221434952060174,democrats,https://www.tiktok.com/@democrats/video/7536221434952060174,this is where your taxes go,this is where your taxes go,20250808,28,51700,2202,18,44,,original sound,Democrats,False
7535993102323043597,democrats,https://www.tiktok.com/@democrats/video/7535993102323043597,TikTok video #7535993102323043597,,20250807,66,776200,80800,1106,3393,,original sound,Lilz Bullz Official,False
7535945622591982861,democrats,https://www.tiktok.com/@democrats/video/7535945622591982861,TikTok video #7535945622591982861,,20250807,20,95900,8434,131,96,,Suspicious ahh sound,𝑩𝒓𝒐 ☠︎︎ 💯,False
7535855355247545655,democrats,https://www.tiktok.com/@democrats/video/7535855355247545655,🥀,🥀,20250807,11,4300000,875500,1590,106800,,original sound,Empire State Building,False
7535568449909656846,democrats,https://www.tiktok.com/@democrats/video/7535568449909656846,hmmm 🤔 ,hmmm 🤔 ,20250806,8,113700,12700,244,915,,original sound,Democrats,False
7535545875267865911,democrats,https://www.tiktok.com/@democrats/video/7535545875267865911,🤣🫵,🤣🫵,20250806,27,225500,24800,571,1857,,original sound,Democrats,False
7535511445140704525,democrats,https://www.tiktok.com/@democrats/video/7535511445140704525,🤨,🤨,20250806,4,37100,1495,30,66,,original sound,Clip Farmer,False
7535502758401658125,democrats,https://www.tiktok.com/@democrats/video/7535502758401658125,TikTok video #7535502758401658125,,20250806,158,72100,4005,169,70,,Originalton,🎧☆,False
7535200707062795534,democrats,https://www.tiktok.com/@democrats/video/7535200707062795534,why is he up there? 😭,why is he up there? 😭,20250805,9,227800,33600,356,799,,original sound,♡Ray LPS♡,False
7535169518734265614,democrats,https://www.tiktok.com/@democrats/video/7535169518734265614,TikTok video #7535169518734265614,,20250805,6,152300,13100,82,148,,original sound,onepersonhq,False
7535153556924419342,democrats,https://www.tiktok.com/@democrats/video/7535153556924419342,Wow.,Wow.,20250805,52,62000,3431,62,39,,original sound,Democrats,False
7535135312503147789,democrats,https://www.tiktok.com/@democrats/video/7535135312503147789,just release the files 😭,just release the files 😭,20250805,6,459900,74600,727,2426,,original sound,rayna,False
7535107113765326094,democrats,https://www.tiktok.com/@democrats/video/7535107113765326094,"if you’re confused about Texas gerrymandering, watch this","if you’re confused about Texas gerrymandering, watch this",20250805,130,38800,1022,14,16,,original sound,Democrats,False
7535103549005401358,democrats,https://www.tiktok.com/@democrats/video/7535103549005401358,TikTok video #7535103549005401358,,20250805,44,402200,26000,86,1386,,think of me every once in a while,jake,False
7534853586958765367,democrats,https://www.tiktok.com/@democrats/video/7534853586958765367,"Respectfully, he’s making up some shit. ","Respectfully, he’s making up some shit. ",20250804,34,1100000,184700,1570,12100,,original sound,Democrats,False
7534838818483096887,democrats,https://www.tiktok.com/@democrats/video/7534838818483096887,putting texas republicans on notice,putting texas republicans on notice,20250804,16,142100,20400,196,311,,original sound,habz.fx,False
7534813508777676045,democrats,https://www.tiktok.com/@democrats/video/7534813508777676045,bringing the country backward 🤠,bringing the country backward 🤠,20250804,5,567000,45200,419,1278,,original sound,STAY-TUFF,False
7534803206833016078,democrats,https://www.tiktok.com/@democrats/video/7534803206833016078,You need to hear this ,You need to hear this ,20250804,242,83200,6613,55,293,,original sound,Democrats,False
7534768674406731021,democrats,https://www.tiktok.com/@democrats/video/7534768674406731021,Bring it on. ,Bring it on. ,20250804,7,260600,22700,583,520,,original sound,Democrats,False
7534763488082808077,democrats,https://www.tiktok.com/@democrats/video/7534763488082808077,TikTok video #7534763488082808077,,20250804,16,375200,66500,311,2609,,original sound,ems,False
7534745473685523725,democrats,https://www.tiktok.com/@democrats/video/7534745473685523725,TikTok video #7534745473685523725,,20250804,50,679300,77800,396,1528,,original sound,Mr. Mild Social Anxiety,False
7534738978637909262,democrats,https://www.tiktok.com/@democrats/video/7534738978637909262,TikTok video #7534738978637909262,,20250804,60,283600,16800,109,131,,ominous,insensible,False
7534016394120154382,democrats,https://www.tiktok.com/@democrats/video/7534016394120154382,🥴,🥴,20250802,29,6400000,1200000,3431,135900,,original sound,Emotionallove2x,False
7533790428773076279,democrats,https://www.tiktok.com/@democrats/video/7533790428773076279,TikTok video #7533790428773076279,,20250802,86,947700,57800,577,2951,,"Creepy, scary, horror, synth, tension",Sound Production Gin,False
7533721789969583415,democrats,https://www.tiktok.com/@democrats/video/7533721789969583415,"Today, Trump cut funding for PBS’ parent company, which has provided ...","Today, Trump cut funding for PBS’ parent company, which has provided free public kids’ programming for the last 56 years.",20250801,54,8200000,1500000,5114,96800,,original sound,caroline!,False
7533706777750162701,democrats,https://www.tiktok.com/@democrats/video/7533706777750162701,TikTok video #7533706777750162701,,20250801,57,1100000,157500,767,7016,,original sound,w⚡️❤️,False
7533645966059031863,democrats,https://www.tiktok.com/@democrats/video/7533645966059031863,TikTok video #7533645966059031863,,20250801,27,1000000,113900,847,6502,,Let Them Eat Cake,vibeyvidzz,False
7533626185054424375,democrats,https://www.tiktok.com/@democrats/video/7533626185054424375,TikTok video #7533626185054424375,,20250801,59,185000,8651,136,208,,original sound,Shhlyrics,False
7533362173339372814,democrats,https://www.tiktok.com/@democrats/video/7533362173339372814,TikTok video #7533362173339372814,,20250731,60,468400,36300,1033,1502,,i was only temporary,my head is empty,False
7533332756277890359,democrats,https://www.tiktok.com/@democrats/video/7533332756277890359,TikTok video #7533332756277890359,,20250731,13,184200,13300,461,306,,original sound,Ghosts of Reykjavik,False
7533324588508400909,democrats,https://www.tiktok.com/@democrats/video/7533324588508400909,Trump keeps saying something strange ,Trump keeps saying something strange ,20250731,47,101000,3595,53,46,,original sound,Democrats,False
7533268977858956558,democrats,https://www.tiktok.com/@democrats/video/7533268977858956558,😴,😴,20250731,46,147800,10800,207,344,,original sound,Democrats,False
7533025344803048717,democrats,https://www.tiktok.com/@democrats/video/7533025344803048717,wow 😳,wow 😳,20250730,40,556300,25200,1802,4029,,original sound,Democrats,False
7533008645869669646,democrats,https://www.tiktok.com/@democrats/video/7533008645869669646,Here’s why the White House was crashing out about a stock trading ban,Here’s why the White House was crashing out about a stock trading ban,20250730,52,129400,7532,65,88,,original sound,Democrats,False
7533000508789804302,democrats,https://www.tiktok.com/@democrats/video/7533000508789804302,🍊 🍬 ,🍊 🍬 ,20250730,6,801000,72900,460,2577,,original sound,╰┈➤ˎˊ˗  i strap women,False
7532985149651291406,democrats,https://www.tiktok.com/@democrats/video/7532985149651291406,They’re literally saying the quiet part out loud ,They’re literally saying the quiet part out loud ,20250730,17,101700,3659,136,39,,original sound,Democrats,False
7532962453466926391,democrats,https://www.tiktok.com/@democrats/video/7532962453466926391,😀,😀,20250730,31,696400,113600,563,8449,,original sound,sfchenry,False
7532928780575313207,democrats,https://www.tiktok.com/@democrats/video/7532928780575313207,🥴,🥴,20250730,11,3100000,511200,3909,70100,,original sound,💆🏻‍♀️Batoul💆🏻‍♀️,False
7532911757463915831,democrats,https://www.tiktok.com/@democrats/video/7532911757463915831,TikTok video #7532911757463915831,,20250730,28,813800,45900,479,2512,,M83 Solitude,Grace,False
7532661837989547277,democrats,https://www.tiktok.com/@democrats/video/7532661837989547277,in 4k 📸,in 4k 📸,20250730,10,16100000,3200000,4238,258200,,original sound,Egg ✴️❇️,False
7532583186543414583,democrats,https://www.tiktok.com/@democrats/video/7532583186543414583,Um ,Um ,20250729,29,241000,14100,224,998,,original sound,Democrats,False
7532233079407054135,democrats,https://www.tiktok.com/@democrats/video/7532233079407054135,TikTok video #7532233079407054135,,20250728,27,831500,119100,1588,1655,,original sound,Holdmyhandorsomething,False
7532223485993618701,democrats,https://www.tiktok.com/@democrats/video/7532223485993618701,what,what,20250728,13,575900,66500,588,6556,,LET ME KNOW on melodica,sanilovesmusic,False
7532177901131746574,democrats,https://www.tiktok.com/@democrats/video/7532177901131746574,you sure about that??,you sure about that??,20250728,14,314900,32000,457,2057,,original sound,Grace McMillen,False
7532165396925795639,democrats,https://www.tiktok.com/@democrats/video/7532165396925795639,He’s opening the door for a pardon. ,He’s opening the door for a pardon. ,20250728,13,141900,3663,46,68,,original sound,Democrats,False
7531780421906976055,democrats,https://www.tiktok.com/@democrats/video/7531780421906976055,TikTok video #7531780421906976055,,20250727,30,256600,22300,447,257,,crying and puking,🪬𝕶𝖆𝖗𝖒𝖆🕸️(Hange’s wife),False
7531492150551301431,democrats,https://www.tiktok.com/@democrats/video/7531492150551301431,call your representative,call your representative,20250726,11,540700,52700,396,1443,,original sound,Democrats,False
7531456005708762382,democrats,https://www.tiktok.com/@democrats/video/7531456005708762382,healthcare ripped away from 17 million Americans,healthcare ripped away from 17 million Americans,20250726,24,2000000,404500,645,10400,,original sound,chuy :P,False
7531412132483681550,democrats,https://www.tiktok.com/@democrats/video/7531412132483681550,sybau 💔,sybau 💔,20250726,5,11900000,2200000,5851,271600,,original sound,rileyhardwick,False
7531154995870289165,democrats,https://www.tiktok.com/@democrats/video/7531154995870289165,TikTok video #7531154995870289165,,20250725,25,624800,86700,1471,828,,original sound - 1_ilith,1_ilith,False
7531083096008051981,democrats,https://www.tiktok.com/@democrats/video/7531083096008051981,What??,What??,20250725,13,169600,3503,63,72,,original sound,Democrats,False
7531029425148661006,democrats,https://www.tiktok.com/@democrats/video/7531029425148661006,be so fr 🥀,be so fr 🥀,20250725,48,212100,16300,87,892,,original sound,Democrats,False
7530702364060306701,democrats,https://www.tiktok.com/@democrats/video/7530702364060306701,TikTok video #7530702364060306701,,20250724,6,369300,33100,435,517,,original sound,Hillary Star,False
7530672173409635598,democrats,https://www.tiktok.com/@democrats/video/7530672173409635598,TikTok video #7530672173409635598,,20250724,14,1400000,238200,526,7951,,original sound,Kane Anthony Higgins,False
7530387426813037837,democrats,https://www.tiktok.com/@democrats/video/7530387426813037837,TikTok video #7530387426813037837,,20250723,34,241900,15800,258,410,,original sound,F3m,False
7530319841723436302,democrats,https://www.tiktok.com/@democrats/video/7530319841723436302,🤔,🤔,20250723,21,870100,112500,615,3422,,original sound,ᴋɪʀsᴛʏ,False
7530299885552176439,democrats,https://www.tiktok.com/@democrats/video/7530299885552176439,he’s crashing out 😭,he’s crashing out 😭,20250723,14,186300,12400,85,256,,original sound,User07771_,False
7530275997367733518,democrats,https://www.tiktok.com/@democrats/video/7530275997367733518,are they fr 🥀🥀,are they fr 🥀🥀,20250723,6,299100,50800,146,845,,Love Island USA We Dont Wanna Do That,Love Island USA,False
7530029352340278542,democrats,https://www.tiktok.com/@democrats/video/7530029352340278542,Nobody deserves this. ,Nobody deserves this. ,20250722,60,171500,17700,242,763,,ominous,insensible,False
7530013682831494414,democrats,https://www.tiktok.com/@democrats/video/7530013682831494414,This isn’t going away. ,This isn’t going away. ,20250722,36,83100,6466,70,39,,original sound,Democrats,False
7529998668460477751,democrats,https://www.tiktok.com/@democrats/video/7529998668460477751,What??,What??,20250722,8,1700000,80900,3498,7872,,original sound,Democrats,False
7529933462443183374,democrats,https://www.tiktok.com/@democrats/video/7529933462443183374,🤨 @Maxwell Frost,🤨 @Maxwell Frost,20250722,8,158700,32300,285,315,,original sound,user11183909019,False
7529913865782431031,democrats,https://www.tiktok.com/@democrats/video/7529913865782431031,🥹,🥹,20250722,21,67600,5026,64,141,,original sound,𝓪𝓶𝓫𝓮𝓻 ♫,False
7529715475987713294,democrats,https://www.tiktok.com/@democrats/video/7529715475987713294,TikTok video #7529715475987713294,,20250722,60,1900000,321200,706,7707,,original sound,Shifty,False
7529657802223062285,democrats,https://www.tiktok.com/@democrats/video/7529657802223062285,😀,😀,20250721,13,293500,47900,363,1379,,original sound,Midget Mafia,False
7529601301185891639,democrats,https://www.tiktok.com/@democrats/video/7529601301185891639,lol,lol,20250721,13,262600,35500,480,751,,original sound,Paris ᖭི༏ᖫྀ,False
7529587011641003319,democrats,https://www.tiktok.com/@democrats/video/7529587011641003319,Beyond cruel. ,Beyond cruel. ,20250721,60,478800,48200,859,2950,,ominous,insensible,False
7528560179349163319,democrats,https://www.tiktok.com/@democrats/video/7528560179349163319,💙,💙,20250718,145,843000,95200,371,2742,,original sound,Democrats,False
7528544768117247287,democrats,https://www.tiktok.com/@democrats/video/7528544768117247287,Release the files. ,Release the files. ,20250718,143,131600,10900,110,228,,original sound,Democrats,False
7528520464495365390,democrats,https://www.tiktok.com/@democrats/video/7528520464495365390,You sure about that?,You sure about that?,20250718,5,521200,13400,165,259,,original sound,yadro.greenscreen,False
7528488678608391438,democrats,https://www.tiktok.com/@democrats/video/7528488678608391438,This is ridiculous.,This is ridiculous.,20250718,129,88400,5708,47,138,,original sound,Democrats,False
7528218226447191309,democrats,https://www.tiktok.com/@democrats/video/7528218226447191309,you have to watch this,you have to watch this,20250718,354,428500,65600,259,2239,,original sound,Democrats,False
7528198815061462327,democrats,https://www.tiktok.com/@democrats/video/7528198815061462327,TikTok video #7528198815061462327,,20250717,13,350400,23400,166,1573,,原声 - 木木木,木木木,False
7528157525359758647,democrats,https://www.tiktok.com/@democrats/video/7528157525359758647,TikTok video #7528157525359758647,,20250717,20,554500,115600,654,1521,,original sound - aceteaⒶ,aceteaⒶ,False
7528090788350168334,democrats,https://www.tiktok.com/@democrats/video/7528090788350168334,interesting ,interesting ,20250717,13,1700000,240600,918,15600,,original sound,𝖺𝗎𝖽𝗂𝗈𝗌,False
7527717745039789325,democrats,https://www.tiktok.com/@democrats/video/7527717745039789325,makes u think,makes u think,20250716,9,2800000,344500,1144,10800,,som original,user31795966377,False
7527697484030709006,democrats,https://www.tiktok.com/@democrats/video/7527697484030709006,He knows. ,He knows. ,20250716,21,386500,28000,426,2290,,original sound,. ♬ ❦,False
7527421842320149815,democrats,https://www.tiktok.com/@democrats/video/7527421842320149815,quiet part out loud ,quiet part out loud ,20250715,10,596300,43600,384,4366,,original sound,Democrats,False
7527399428878109965,democrats,https://www.tiktok.com/@democrats/video/7527399428878109965,TikTok video #7527399428878109965,,20250715,34,260800,22500,372,1258,,original sound,⭐️,False
7527396657617521975,democrats,https://www.tiktok.com/@democrats/video/7527396657617521975,Wow.,Wow.,20250715,14,435600,26700,215,1030,,original sound,Democrats,False
7527342299689274637,democrats,https://www.tiktok.com/@democrats/video/7527342299689274637,What changed?,What changed?,20250715,89,636400,27000,190,330,,"Spooky, quiet, scary atmosphere piano songs",Skittlegirl Sound,False
7527313235347901710,democrats,https://www.tiktok.com/@democrats/video/7527313235347901710,What are they hiding?,What are they hiding?,20250715,33,1000000,149400,1087,2928,,original sound,𝑬𝒅𝒊𝒕𝒆𝒅 𝑨𝒖𝒅𝒊𝒐𝒔 ♡,False
7526995956257099021,democrats,https://www.tiktok.com/@democrats/video/7526995956257099021,TikTok video #7526995956257099021,,20250714,7,2300000,180000,2309,7705,,original sound,..furch,False
7526970194791599415,democrats,https://www.tiktok.com/@democrats/video/7526970194791599415,sus ,sus ,20250714,32,320000,46900,214,2883,,original sound,Democrats,False
7526390989922061582,democrats,https://www.tiktok.com/@democrats/video/7526390989922061582,🤏🤏🤏,🤏🤏🤏,20250713,6,308200,19500,287,590,,original sound,Democrats,False
7526319334944197902,democrats,https://www.tiktok.com/@democrats/video/7526319334944197902,if you’re in the files just say that😭,if you’re in the files just say that😭,20250712,11,69300,5243,62,207,,original sound,Ruben,False
7526316811508403469,democrats,https://www.tiktok.com/@democrats/video/7526316811508403469,fork found in kitchen,fork found in kitchen,20250712,26,2800000,269200,2126,12300,,original sound,Democrats,False
7525958143038344503,democrats,https://www.tiktok.com/@democrats/video/7525958143038344503,@Alexandria Ocasio-Cortez gets it,@Alexandria Ocasio-Cortez gets it,20250711,17,3100000,703200,1848,16600,,original sound,maxxx,False
7525904802992098573,democrats,https://www.tiktok.com/@democrats/video/7525904802992098573,This is getting strange…,This is getting strange…,20250711,60,721200,38400,232,1123,,som original,AV music,False
7525877462522187021,democrats,https://www.tiktok.com/@democrats/video/7525877462522187021,doing everything but her job,doing everything but her job,20250711,10,1000000,139000,621,6375,,sue sylvester fit so fantastic,gotmadgummymoney,False
7525847595214720311,democrats,https://www.tiktok.com/@democrats/video/7525847595214720311,⚰️🪱,⚰️🪱,20250711,8,1100000,93400,133,5796,,original sound,CojofanpagewithMelissa,False
7525837494064090423,democrats,https://www.tiktok.com/@democrats/video/7525837494064090423,TikTok video #7525837494064090423,,20250711,12,841400,107800,1351,10400,,Jet2 Advert,✈️A7-BBH | MAN 🇬🇧,False
7525827757662555405,democrats,https://www.tiktok.com/@democrats/video/7525827757662555405,have you heard about this?,have you heard about this?,20250711,41,65700,1944,6,52,,original sound,Democrats,False
7525569117298887991,democrats,https://www.tiktok.com/@democrats/video/7525569117298887991,no hashtags this was meant for you,no hashtags this was meant for you,20250710,6,4300000,372600,791,10000,,оригинальный звук,nonchalantice,False
7525484230881611021,democrats,https://www.tiktok.com/@democrats/video/7525484230881611021,Oh ok 🤨,Oh ok 🤨,20250710,5,390200,76900,281,1919,,Oh okay.. yeah yeah.. oh okay,videostorageoriginal,False
7525161875911281933,democrats,https://www.tiktok.com/@democrats/video/7525161875911281933,the official language of Liberia is English btw,the official language of Liberia is English btw,20250709,20,346000,12300,397,2618,,original sound,Democrats,False
7525135960883907895,democrats,https://www.tiktok.com/@democrats/video/7525135960883907895,🫠,🫠,20250709,11,629500,102800,626,5561,,original sound,Democrats,False
7525103780359163150,democrats,https://www.tiktok.com/@democrats/video/7525103780359163150,💔,💔,20250709,16,4000000,941100,2055,19900,,nothings gonna hurt u baby,stvrnaudio,False
7525080836702506253,democrats,https://www.tiktok.com/@democrats/video/7525080836702506253,TikTok video #7525080836702506253,,20250709,8,112400,4169,39,61,,original sound,Chief Green Screens,False
7524798617081761038,democrats,https://www.tiktok.com/@democrats/video/7524798617081761038,What changed?,What changed?,20250708,158,514700,28000,146,1503,,Originalton,🎧☆,False
7524787807919852855,democrats,https://www.tiktok.com/@democrats/video/7524787807919852855,TikTok video #7524787807919852855,,20250708,106,588500,34200,242,802,,Creepy and simple horror background music(1070744),howlingindicator,False
7524420029429878030,democrats,https://www.tiktok.com/@democrats/video/7524420029429878030,🤔,🤔,20250707,27,95700,8373,66,105,,original sound,Democrats,False
7524414497226886455,democrats,https://www.tiktok.com/@democrats/video/7524414497226886455,TikTok video #7524414497226886455,,20250707,64,92300,5452,34,70,,son original,memes sound box,False
7524042846702177549,democrats,https://www.tiktok.com/@democrats/video/7524042846702177549,TikTok video #7524042846702177549,,20250706,51,165700,15200,105,450,,original sound,julia,False
7523383517103901966,democrats,https://www.tiktok.com/@democrats/video/7523383517103901966,Americans will die because of what Trump just did,Americans will die because of what Trump just did,20250705,10,21400000,2200000,5286,52000,,Originalton,musicッ,False
7523364529984621838,democrats,https://www.tiktok.com/@democrats/video/7523364529984621838,TikTok video #7523364529984621838,,20250704,60,2100000,177900,1754,3872,,i was only temporary,my head is empty,False
7523353375405100302,democrats,https://www.tiktok.com/@democrats/video/7523353375405100302,🥀🥀,🥀🥀,20250704,9,867200,115400,1070,5581,,original sound,Sam Jorden,False
7523335854237043982,democrats,https://www.tiktok.com/@democrats/video/7523335854237043982,same energy,same energy,20250704,9,1500000,184600,662,11800,,original sound,kraftablegenuis,False
7523330847647305015,democrats,https://www.tiktok.com/@democrats/video/7523330847647305015,What??,What??,20250704,20,1500000,58800,1001,4392,,original sound,Democrats,False
7523273483787275533,democrats,https://www.tiktok.com/@democrats/video/7523273483787275533,💙,💙,20250704,30,1900000,453100,492,7436,,original sound,rockstardannyvarr,False
7523261246204955917,democrats,https://www.tiktok.com/@democrats/video/7523261246204955917,TikTok video #7523261246204955917,,20250704,32,416900,73800,307,663,,original sound,Toby Keith,False
7522988058887671054,democrats,https://www.tiktok.com/@democrats/video/7522988058887671054,Trump’s new bill could seriously affect your parlay 😬,Trump’s new bill could seriously affect your parlay 😬,20250703,31,388000,28700,136,2756,,original sound,Democrats,False
7522976168543358221,democrats,https://www.tiktok.com/@democrats/video/7522976168543358221,are we great yet?,are we great yet?,20250703,12,20100000,4100000,9934,215700,,Originalton,𝖛𝖑𝖔𝖝𝖓𝖖𝖓𝖙,False
7522967749572726029,democrats,https://www.tiktok.com/@democrats/video/7522967749572726029,TikTok video #7522967749572726029,,20250703,23,1400000,118100,582,3382,,original sound,therulajpp,False
7522960267349609741,democrats,https://www.tiktok.com/@democrats/video/7522960267349609741,💔,💔,20250703,16,11100000,1400000,3974,34100,,original sound,Democrats,False
7522926943298276621,democrats,https://www.tiktok.com/@democrats/video/7522926943298276621,TikTok video #7522926943298276621,,20250703,17,200400,6510,112,188,,orijinal ses,L,False
7522921562740100407,democrats,https://www.tiktok.com/@democrats/video/7522921562740100407,Press on.,Press on.,20250703,74,177800,7441,141,96,,original sound,Democrats,False
7522906410846326030,democrats,https://www.tiktok.com/@democrats/video/7522906410846326030,Keep it going 🇺🇸 ,Keep it going 🇺🇸 ,20250703,11,314100,18600,580,135,,original sound,Democrats,False
7522897457559244087,democrats,https://www.tiktok.com/@democrats/video/7522897457559244087,TikTok video #7522897457559244087,,20250703,19,451300,19700,163,2032,,sad SpongeBob music,michael,False
7522874405802855693,democrats,https://www.tiktok.com/@democrats/video/7522874405802855693,Trump doesn’t care about Americans. ,Trump doesn’t care about Americans. ,20250703,92,96200,3571,43,194,,original sound,Democrats,False
7522851845618846990,democrats,https://www.tiktok.com/@democrats/video/7522851845618846990,"If you live in a red district, CALL YOUR REPRESENTATIVE NOW.","If you live in a red district, CALL YOUR REPRESENTATIVE NOW.",20250703,62,75600,2243,30,11,,original sound,Democrats,False
7522839000151805197,democrats,https://www.tiktok.com/@democrats/video/7522839000151805197,TikTok video #7522839000151805197,,20250703,40,507800,17700,189,316,,original sound,directedbynikita,False
7522529786233736461,democrats,https://www.tiktok.com/@democrats/video/7522529786233736461,Shameful.,Shameful.,20250702,75,2600000,244800,1617,12600,,original sound,Democrats,False
7522180726742142263,democrats,https://www.tiktok.com/@democrats/video/7522180726742142263,Senate Republicans voted for this. ,Senate Republicans voted for this. ,20250701,19,498500,33900,320,2336,,Radiohead,user15686323637,False
7522122537661123854,democrats,https://www.tiktok.com/@democrats/video/7522122537661123854,The breakup continues,The breakup continues,20250701,8,844200,67900,642,10200,,original sound,Democrats,False
7521830529520504078,democrats,https://www.tiktok.com/@democrats/video/7521830529520504078,They know the truth ,They know the truth ,20250630,27,63100,3732,30,26,,original sound,Democrats,False
7520736708430793997,democrats,https://www.tiktok.com/@democrats/video/7520736708430793997,How do you not know this ,How do you not know this ,20250627,13,64300,1872,76,32,,original sound,Democrats,False
7520730039562816782,democrats,https://www.tiktok.com/@democrats/video/7520730039562816782,TikTok video #7520730039562816782,,20250627,18,595600,62200,1408,1398,,original sound,Lyric Videos,False
7520681793872252215,democrats,https://www.tiktok.com/@democrats/video/7520681793872252215,😮‍💨,😮‍💨,20250627,58,948700,97400,860,650,,son original,michael_jackson_551,False
7520297648037874999,democrats,https://www.tiktok.com/@democrats/video/7520297648037874999,Breaking,Breaking,20250626,51,152900,12800,189,1106,,original sound,julia,False
7520001355407314189,democrats,https://www.tiktok.com/@democrats/video/7520001355407314189,TikTok video #7520001355407314189,,20250625,18,79300,9461,129,63,,original sound,lillie <3,False
7519974877030386958,democrats,https://www.tiktok.com/@democrats/video/7519974877030386958,🤮🤮🤮,🤮🤮🤮,20250625,15,225600,27600,140,3254,,original sound,Democrats,False
7519961732333276429,democrats,https://www.tiktok.com/@democrats/video/7519961732333276429,One day? 🤨,One day? 🤨,20250625,10,240200,19900,291,826,,spongebob disappointment sound,Polish Person 🇵🇱,False
7519954500665216269,democrats,https://www.tiktok.com/@democrats/video/7519954500665216269,In front of NATO too,In front of NATO too,20250625,20,70800,3596,67,593,,original sound,Democrats,False
7519623949236456717,democrats,https://www.tiktok.com/@democrats/video/7519623949236456717,Bro is always confused about something 😭,Bro is always confused about something 😭,20250624,14,815800,127300,235,6289,,DUMB DUMB,Original Brock,False
7519541956272196878,democrats,https://www.tiktok.com/@democrats/video/7519541956272196878,TikTok video #7519541956272196878,,20250624,5,1000000,137900,1059,6222,,oh oh oh oh,songsk3ptic,False
7519493383136562445,democrats,https://www.tiktok.com/@democrats/video/7519493383136562445,TikTok video #7519493383136562445,,20250624,25,236000,17200,114,582,,dance of the knights by sergei prokofiev,sylar,False
7518172540766850318,democrats,https://www.tiktok.com/@democrats/video/7518172540766850318,oh that’s not—,oh that’s not—,20250620,12,1000000,47000,1550,2608,,original sound,Democrats,False
7518105115262291255,democrats,https://www.tiktok.com/@democrats/video/7518105115262291255,TikTok video #7518105115262291255,,20250620,64,111500,8652,56,104,,son original,memes sound box,False
7518079415398583565,democrats,https://www.tiktok.com/@democrats/video/7518079415398583565,@Sarah McBride cleared,@Sarah McBride cleared,20250620,26,115200,12900,137,278,,original sound,Democrats,False
7518038017651526926,democrats,https://www.tiktok.com/@democrats/video/7518038017651526926,TikTok video #7518038017651526926,,20250620,19,677700,139900,279,2298,,original sound,ARIESF1LMS,False
7517312499587370295,democrats,https://www.tiktok.com/@democrats/video/7517312499587370295,Priorities 😀👍,Priorities 😀👍,20250618,10,538900,17700,692,5288,,original sound,Democrats,False
7517308194176158990,democrats,https://www.tiktok.com/@democrats/video/7517308194176158990,he wants melania’s job so bad 😭 ,he wants melania’s job so bad 😭 ,20250618,29,1100000,49500,2579,16200,,original sound,Democrats,False
7517073117626305806,democrats,https://www.tiktok.com/@democrats/video/7517073117626305806,“It’s bullshit.” 👏 ,“It’s bullshit.” 👏 ,20250618,35,209200,14300,208,529,,original sound,Democrats,False
7517028739151170830,democrats,https://www.tiktok.com/@democrats/video/7517028739151170830,TikTok video #7517028739151170830,,20250617,51,1100000,45000,1235,2136,,original sound,julia,False
7516972439893544223,democrats,https://www.tiktok.com/@democrats/video/7516972439893544223,Breaking,Breaking,20250617,14,6100000,264500,4890,19800,,original sound,Democrats,False
7516678858700082445,democrats,https://www.tiktok.com/@democrats/video/7516678858700082445,This is what democracy looks like.,This is what democracy looks like.,20250616,33,52900,3009,59,41,,original sound,Democrats,False
7516665964948163883,democrats,https://www.tiktok.com/@democrats/video/7516665964948163883,TikTok video #7516665964948163883,,20250616,106,661800,57700,696,1421,,Sigma Baby Laughing Remix,twitch.tv/wxdbot,False
7516564419883650318,democrats,https://www.tiktok.com/@democrats/video/7516564419883650318,TikTok video #7516564419883650318,,20250616,11,699100,140800,997,1687,,your love is my drug,amy🪐,False
7516001623760555310,democrats,https://www.tiktok.com/@democrats/video/7516001623760555310,You have to see this.,You have to see this.,20250615,99,62300,1764,28,25,,original sound,Democrats,False
7515878222978993451,democrats,https://www.tiktok.com/@democrats/video/7515878222978993451,Heartbreaking.,Heartbreaking.,20250614,64,177600,20500,86,423,,original sound,Democrats,False
7515519975906381102,democrats,https://www.tiktok.com/@democrats/video/7515519975906381102,🔥,🔥,20250613,27,218000,23800,171,810,,son original,Trendformusic,False
7515167972021783854,democrats,https://www.tiktok.com/@democrats/video/7515167972021783854,Wow.,Wow.,20250612,29,208800,18800,160,738,,original sound,Democrats,False
7515158501535026475,democrats,https://www.tiktok.com/@democrats/video/7515158501535026475,“I’m Senator Alex Padilla. I have questions for the Secretary.”,“I’m Senator Alex Padilla. I have questions for the Secretary.”,20250612,65,4000000,183600,6549,18400,,original sound,Democrats,False
7514728203789929774,democrats,https://www.tiktok.com/@democrats/video/7514728203789929774,his posture 😭,his posture 😭,20250611,9,11500000,2300000,11100,311900,,original sound,blushfuii,False
7514432808048381230,democrats,https://www.tiktok.com/@democrats/video/7514432808048381230,TikTok video #7514432808048381230,,20250610,9,267500,17100,206,377,,LMFAO,drxppy ♡,False
7514032259675131182,democrats,https://www.tiktok.com/@democrats/video/7514032259675131182,is he good,is he good,20250609,9,554800,57800,761,3838,,There She Goes,"CYRIL, MOONLGHT, The La's",False
7513973098182495530,democrats,https://www.tiktok.com/@democrats/video/7513973098182495530,@Gavin Newsom ,@Gavin Newsom ,20250609,33,3700000,441100,3435,10100,,Aura,Bryce06,False
7512876495279361326,democrats,https://www.tiktok.com/@democrats/video/7512876495279361326,💔,💔,20250606,21,13500000,2400000,4613,426200,,original sound,elenas.arena,False
7512637809090628910,democrats,https://www.tiktok.com/@democrats/video/7512637809090628910,"“the girls are fighting, aren’t they?” 😭","“the girls are fighting, aren’t they?” 😭",20250606,5,9800000,1600000,4225,191000,,original sound,Democrats,False
7512583982710590766,democrats,https://www.tiktok.com/@democrats/video/7512583982710590766,TikTok video #7512583982710590766,,20250605,10,7300000,662200,2901,76000,,original sound - Dr. Mephisto,Dr. Mephisto,False
7512506650377456939,democrats,https://www.tiktok.com/@democrats/video/7512506650377456939,TikTok video #7512506650377456939,,20250605,30,1300000,125500,422,10000,,one last time,user82322917494,False
7512504260093840683,democrats,https://www.tiktok.com/@democrats/video/7512504260093840683,Wow…,Wow…,20250605,25,410300,9573,205,1093,,original sound,Democrats,False
7512163431592512811,democrats,https://www.tiktok.com/@democrats/video/7512163431592512811,TikTok video #7512163431592512811,,20250604,47,813100,55500,202,1803,,original sound,SAINTED,False
7512137225631583531,democrats,https://www.tiktok.com/@democrats/video/7512137225631583531,she voted yes and didn’t read it 😀,she voted yes and didn’t read it 😀,20250604,21,257000,11300,106,306,,original sound,Democrats,False
7511388736970755374,democrats,https://www.tiktok.com/@democrats/video/7511388736970755374,“Sounds like a fourth grader came up with it” 💀 ,“Sounds like a fourth grader came up with it” 💀 ,20250602,32,151900,5719,110,69,,original sound,Democrats,False
7511370471955254571,democrats,https://www.tiktok.com/@democrats/video/7511370471955254571,TikTok video #7511370471955254571,,20250602,28,942300,69700,370,6610,,original sound,★,False
7510333426382359854,democrats,https://www.tiktok.com/@democrats/video/7510333426382359854,TikTok video #7510333426382359854,,20250530,21,2400000,263700,1191,20400,,original sound,. ♬ ❦,False
7510306827549134122,democrats,https://www.tiktok.com/@democrats/video/7510306827549134122,Unbelievable,Unbelievable,20250530,8,168200,4726,62,143,,original sound,Democrats,False
7510258694798626094,democrats,https://www.tiktok.com/@democrats/video/7510258694798626094,Unbelievable,Unbelievable,20250530,37,146600,4449,44,128,,original sound,Democrats,False
7509962099045666094,democrats,https://www.tiktok.com/@democrats/video/7509962099045666094,💔🥀,💔🥀,20250529,15,14600000,2300000,6744,650500,,original sound,songs n lyrics,False
7509945887829970222,democrats,https://www.tiktok.com/@democrats/video/7509945887829970222,TikTok video #7509945887829970222,,20250529,13,533300,44700,149,1938,,Originalton,Marc Berren,False
7509894614946663726,democrats,https://www.tiktok.com/@democrats/video/7509894614946663726,TikTok video #7509894614946663726,,20250529,28,265600,20000,346,1404,,original sound,^^,False
7509695696447016238,democrats,https://www.tiktok.com/@democrats/video/7509695696447016238,aw. alright!,aw. alright!,20250529,46,2000000,319400,1463,65200,,always remember you,Abbi,False
7509693253185293614,democrats,https://www.tiktok.com/@democrats/video/7509693253185293614,TikTok video #7509693253185293614,,20250529,81,1500000,267900,1364,41100,,original sound,⭐️,False
7509614479517273390,democrats,https://www.tiktok.com/@democrats/video/7509614479517273390,𝓲𝓽 𝓪𝓵𝓵 𝓶𝓪𝓴𝓮𝓼 𝓼𝓮𝓷𝓼𝓮 𝓷𝓸𝔀 . . . 😳,𝓲𝓽 𝓪𝓵𝓵 𝓶𝓪𝓴𝓮𝓼 𝓼𝓮𝓷𝓼𝓮 𝓷𝓸𝔀 . . . 😳,20250528,13,1100000,156300,896,11800,,原声 - 木木木,木木木,False
7509574990010928427,democrats,https://www.tiktok.com/@democrats/video/7509574990010928427,He’s so mad lol 🐔 ,He’s so mad lol 🐔 ,20250528,85,1500000,56000,2491,3080,,original sound,Democrats,False
7509500179490278702,democrats,https://www.tiktok.com/@democrats/video/7509500179490278702,Wow,Wow,20250528,29,171200,5313,54,444,,original sound,Democrats,False
7507396024143482158,democrats,https://www.tiktok.com/@democrats/video/7507396024143482158,TikTok video #7507396024143482158,,20250522,48,191300,10600,294,144,,original sound - Metro,Metro,False
7505092271323368750,democrats,https://www.tiktok.com/@democrats/video/7505092271323368750,🥴,🥴,20250516,9,724200,144100,830,17300,,original sound,🧠🔫,False
7504735905538657582,democrats,https://www.tiktok.com/@democrats/video/7504735905538657582,🥀🥀,🥀🥀,20250515,10,2700000,505700,1174,46200,,original sound,sweetnotingz,False
7504385618344955182,democrats,https://www.tiktok.com/@democrats/video/7504385618344955182,TikTok video #7504385618344955182,,20250514,9,307000,33100,264,1141,,original sound,skinny legend,False
7504361460366282030,democrats,https://www.tiktok.com/@democrats/video/7504361460366282030,✈️🕺✨,✈️🕺✨,20250514,15,2400000,361900,1133,22200,,original sound,whatever,False
7504345413621779755,democrats,https://www.tiktok.com/@democrats/video/7504345413621779755,TikTok video #7504345413621779755,,20250514,49,138100,12600,128,458,,ntltc harmony,𝙜𝙜 𝙢𝙖𝙨𝙝𝙪𝙥𝙨,False
7503992442119556398,democrats,https://www.tiktok.com/@democrats/video/7503992442119556398,😴 ,😴 ,20250513,10,490000,52400,492,3882,,original sound,Joe Gunn,False
7503239863068708142,democrats,https://www.tiktok.com/@democrats/video/7503239863068708142,TikTok video #7503239863068708142,,20250511,20,377600,32900,709,464,,original sound,Blurry Face Films,False
7502160515154677035,democrats,https://www.tiktok.com/@democrats/video/7502160515154677035,remember this?,remember this?,20250508,24,97100,3489,44,54,,original sound,Democrats,False
7502136392168836395,democrats,https://www.tiktok.com/@democrats/video/7502136392168836395,TikTok video #7502136392168836395,,20250508,47,1900000,237300,665,9178,,son original,Olivia,False
7502109403156385066,democrats,https://www.tiktok.com/@democrats/video/7502109403156385066,Priorities 😀👍,Priorities 😀👍,20250508,15,234500,23400,177,659,,Sigma Baby Laughing Remix,twitch.tv/wxdbot,False
7502101967536246062,democrats,https://www.tiktok.com/@democrats/video/7502101967536246062,He can’t help himself,He can’t help himself,20250508,6,1200000,143700,364,3627,,original sound,Mpegaman2,False
7501803079667404074,democrats,https://www.tiktok.com/@democrats/video/7501803079667404074,🤭,🤭,20250507,7,632100,87700,602,14600,,оригинальный звук,Выброшено в Корее,False
7501429435330022698,democrats,https://www.tiktok.com/@democrats/video/7501429435330022698,TikTok video #7501429435330022698,,20250506,12,1600000,320800,653,12900,,original sound,⟬⟭⟭⟬⁷,False
7501124202737585451,democrats,https://www.tiktok.com/@democrats/video/7501124202737585451,TikTok video #7501124202737585451,,20250506,60,988100,161700,1304,5222,,son original,RUNWAYV_,False
7500617177377033515,democrats,https://www.tiktok.com/@democrats/video/7500617177377033515,TikTok video #7500617177377033515,,20250504,47,5500000,837700,2367,41700,,original sound,SAINTED,False
7500614307621637422,democrats,https://www.tiktok.com/@democrats/video/7500614307621637422,😳😳😳,😳😳😳,20250504,10,1400000,126300,746,15700,,original sound,Democrats,False
7499883918858980651,democrats,https://www.tiktok.com/@democrats/video/7499883918858980651,TikTok video #7499883918858980651,,20250502,60,695600,48300,158,766,,original sound,rowen miles,False
7499507508503907626,democrats,https://www.tiktok.com/@democrats/video/7499507508503907626,TikTok video #7499507508503907626,,20250501,5,252600,15200,54,152,,Hannah Montana Sad Music,Jay,False
7499479717444193582,democrats,https://www.tiktok.com/@democrats/video/7499479717444193582,🥴🥀,🥴🥀,20250501,11,158400,14100,67,768,,original sound - TrendsOnline,TrendsOnline,False
7499226711125544238,democrats,https://www.tiktok.com/@democrats/video/7499226711125544238,nooooo…….,nooooo…….,20250430,12,542500,61000,346,11200,,suono originale,Lapolissia,False
7499144914307943726,democrats,https://www.tiktok.com/@democrats/video/7499144914307943726,TikTok video #7499144914307943726,,20250430,25,1400000,183700,529,7631,,dance of the knights by sergei prokofiev,sylar,False
7499109879735520558,democrats,https://www.tiktok.com/@democrats/video/7499109879735520558,TikTok video #7499109879735520558,,20250430,15,2100000,139300,1090,11700,,What Was That ft. Wendy Williams,T. Kyle,False
7499096745876491562,democrats,https://www.tiktok.com/@democrats/video/7499096745876491562,Yikes,Yikes,20250430,25,5200000,325400,1873,14800,,original sound,Democrats,False
7499092564683803947,democrats,https://www.tiktok.com/@democrats/video/7499092564683803947,🤔🤔🤔,🤔🤔🤔,20250430,19,251400,11800,121,494,,original sound,Democrats,False
7498768204513168683,democrats,https://www.tiktok.com/@democrats/video/7498768204513168683,Winning 👍 ,Winning 👍 ,20250429,9,115800,6726,86,467,,original sound,ProppaShotta,False
7498740603245825326,democrats,https://www.tiktok.com/@democrats/video/7498740603245825326,100 days,100 days,20250429,24,183300,34300,136,1190,,original sound,ava,False
7498423928474324267,democrats,https://www.tiktok.com/@democrats/video/7498423928474324267,TikTok video #7498423928474324267,,20250428,6,84000,3732,20,89,,original sound,Hayu,False
7498399920567717163,democrats,https://www.tiktok.com/@democrats/video/7498399920567717163,Thank you @Cory ,Thank you @Cory ,20250428,57,45500,1657,24,36,,original sound,Democrats,False
7498379367567854890,democrats,https://www.tiktok.com/@democrats/video/7498379367567854890,TikTok video #7498379367567854890,,20250428,47,193300,19800,270,623,,original sound,Scotland's Orchestra,False
7496974889828584746,democrats,https://www.tiktok.com/@democrats/video/7496974889828584746,TikTok video #7496974889828584746,,20250424,51,917600,71900,1450,4996,,original sound,julia,False
7496935206427888942,democrats,https://www.tiktok.com/@democrats/video/7496935206427888942,TikTok video #7496935206427888942,,20250424,27,1200000,83900,2852,10900,,Originalton,musicッ,False
7496914556007107886,democrats,https://www.tiktok.com/@democrats/video/7496914556007107886,TikTok video #7496914556007107886,,20250424,19,100900,9269,36,2111,,original sound,user92055729992,False
7496141252472229163,democrats,https://www.tiktok.com/@democrats/video/7496141252472229163,TikTok video #7496141252472229163,,20250422,16,1900000,181300,521,2773,,My House X Bow Down,reavesaudios,False
7495561638364466475,democrats,https://www.tiktok.com/@democrats/video/7495561638364466475,TikTok video #7495561638364466475,,20250421,13,93700,7565,41,221,,original sound,tahliyahh,False
7494342269319859502,democrats,https://www.tiktok.com/@democrats/video/7494342269319859502,TikTok video #7494342269319859502,,20250417,13,476100,35100,153,412,,"""Boooooo"" (long fart)(867329)",LEOPARD,False
7493579131737722158,democrats,https://www.tiktok.com/@democrats/video/7493579131737722158,TikTok video #7493579131737722158,,20250415,6,866800,141400,190,4608,,original sound,FENTY BITCH,False
7493290561395543342,democrats,https://www.tiktok.com/@democrats/video/7493290561395543342,Blatantly unconstitutional ,Blatantly unconstitutional ,20250414,35,79000,5876,45,226,,original sound,Democrats,False
7490653386224815402,democrats,https://www.tiktok.com/@democrats/video/7490653386224815402,🙃,🙃,20250407,8,281400,36200,187,5561,,original sound - NickiMVerses,𝑷𝑭𝑹 𝑹𝑬𝑪𝑶𝑹𝑫𝑺™,False
7490038838870527274,democrats,https://www.tiktok.com/@democrats/video/7490038838870527274,Hands Off 🔥,Hands Off 🔥,20250406,30,550500,54500,687,5028,,original sound,Democrats,False
7489964023220391214,democrats,https://www.tiktok.com/@democrats/video/7489964023220391214,👏,👏,20250405,10,374300,41800,374,667,,original sound,sugar <3,False
7489580209197583662,democrats,https://www.tiktok.com/@democrats/video/7489580209197583662,TikTok video #7489580209197583662,,20250404,16,875800,93900,901,4404,,original sound,CasaDi,False
7489162471417204014,democrats,https://www.tiktok.com/@democrats/video/7489162471417204014,TikTok video #7489162471417204014,,20250403,35,4300000,860500,3453,42800,,son original,goofy_vidz,False
7489085399550151978,democrats,https://www.tiktok.com/@democrats/video/7489085399550151978,BOO HOO ,BOO HOO ,20250403,15,129800,7193,51,287,,original sound,Democrats,False
7488791101889842478,democrats,https://www.tiktok.com/@democrats/video/7488791101889842478,TikTok video #7488791101889842478,,20250402,18,1700000,272400,2023,3069,,original sound,Very Cool Tutorials,False
7488544412524416298,democrats,https://www.tiktok.com/@democrats/video/7488544412524416298,TikTok video #7488544412524416298,,20250402,11,352200,68200,440,3220,,som original,inspired.by.pin,False
7488527103403674926,democrats,https://www.tiktok.com/@democrats/video/7488527103403674926,TikTok video #7488527103403674926,,20250402,10,101600,8768,53,85,,original sound,angel,False
7488508779127147822,democrats,https://www.tiktok.com/@democrats/video/7488508779127147822,💯💙 @Cory ,💯💙 @Cory ,20250402,23,101800,7195,62,97,,original sound,￴￴￴ ￴￴  ￴￴ ￴￴ ￴￴￴ ￴￴ ￴￴ ￴￴￴,False
7488504493957451051,democrats,https://www.tiktok.com/@democrats/video/7488504493957451051,💙💙💙,💙💙💙,20250402,84,301000,47500,227,1360,,original sound,Democrats,False
7488436077645090094,democrats,https://www.tiktok.com/@democrats/video/7488436077645090094,The last 24 hours as Democrats >>,The last 24 hours as Democrats >>,20250401,119,92500,5639,73,100,,original sound,Democrats,False
7488356833866894634,democrats,https://www.tiktok.com/@democrats/video/7488356833866894634,👏👏👏 @Cory ,👏👏👏 @Cory ,20250401,7,2400000,562400,1139,17900,,original sound,🎀princessjasxoxxx🎀,False
7488133847683534122,democrats,https://www.tiktok.com/@democrats/video/7488133847683534122,yeah sure Elon,yeah sure Elon,20250401,29,254100,26000,130,869,,original sound,Democrats,False
7488081482188066090,democrats,https://www.tiktok.com/@democrats/video/7488081482188066090,omg @Tim Walz 💯,omg @Tim Walz 💯,20250331,18,1300000,213200,850,3880,,original sound,bon🫧,False
7488029329369222443,democrats,https://www.tiktok.com/@democrats/video/7488029329369222443,TikTok video #7488029329369222443,,20250331,27,2100000,212300,1938,10400,,Originalton,musicッ,False
7487332596796738862,democrats,https://www.tiktok.com/@democrats/video/7487332596796738862,🐐 @chrismurphyct @Congressman Maxwell Frost ,🐐 @chrismurphyct @Congressman Maxwell Frost ,20250329,10,1000000,119900,1411,2765,,AURA,Majorzin,False
7486225914964053291,democrats,https://www.tiktok.com/@democrats/video/7486225914964053291,TikTok video #7486225914964053291,,20250326,21,1300000,147100,485,5993,,original sound,HBO,False
7486213808403369258,democrats,https://www.tiktok.com/@democrats/video/7486213808403369258,TikTok video #7486213808403369258,,20250326,10,2300000,220200,325,6459,,ilyis whisper allegation beater vers,.,False
7485781027206614314,democrats,https://www.tiktok.com/@democrats/video/7485781027206614314,,,20250325,0,491400,67000,1405,896,,เสียงต้นฉบับ - 🍎 I Love Music 🍎,user76869420538,True
7485556928656231726,democrats,https://www.tiktok.com/@democrats/video/7485556928656231726,TikTok video #7485556928656231726,,20250325,6,3100000,419400,1285,32600,,son original,Dan Dan,False
7485530735089077550,democrats,https://www.tiktok.com/@democrats/video/7485530735089077550,20 seconds of rambling ,20 seconds of rambling ,20250325,18,268800,8502,212,929,,original sound,Democrats,False
7485446148845554987,democrats,https://www.tiktok.com/@democrats/video/7485446148845554987,TikTok video #7485446148845554987,,20250324,44,1700000,94900,535,1950,,original sound,sl0w3D_mus1c1903,False
7485415720357186862,democrats,https://www.tiktok.com/@democrats/video/7485415720357186862,what happened to lowering prices on day one ☠️,what happened to lowering prices on day one ☠️,20250324,12,5000000,1200000,3091,124600,,Originalton,𝖛𝖑𝖔𝖝𝖓𝖖𝖓𝖙,False
7484308070659624235,democrats,https://www.tiktok.com/@democrats/video/7484308070659624235,More proof that Republicans are scared of their constituents  📍Little...,"More proof that Republicans are scared of their constituents  📍Little Rock,  Arkansas ",20250321,12,432400,38600,816,1096,,original sound,Democrats,False
7484008301093555499,democrats,https://www.tiktok.com/@democrats/video/7484008301093555499,🤨,🤨,20250320,7,1000000,134600,820,8747,,female rage,bel6va,False
7483198602043526442,democrats,https://www.tiktok.com/@democrats/video/7483198602043526442,😳,😳,20250318,10,933800,82800,373,2820,,DIM,Yves,False
7482787302217944366,democrats,https://www.tiktok.com/@democrats/video/7482787302217944366,TikTok video #7482787302217944366,,20250317,153,347900,41500,301,568,,original sound,₮Ⱨ₳₮₴₵ØⱠⱠɆɆ₦4Ʉ__,False
7481820115604884779,democrats,https://www.tiktok.com/@democrats/video/7481820115604884779,erm…?,erm…?,20250315,11,694500,38800,697,5309,,original sound - s1mp0thegoat,s1mp0thegoat,False
7481703366565973291,democrats,https://www.tiktok.com/@democrats/video/7481703366565973291,TikTok video #7481703366565973291,,20250314,475,173500,12400,408,89,,"Beethoven Symphony No. 5 ""Fate""",Kohrogi,False
7481679229818801454,democrats,https://www.tiktok.com/@democrats/video/7481679229818801454,BOO 👎,BOO 👎,20250314,28,99900,7333,129,147,,original sound,Democrats,False
7481369420892228906,democrats,https://www.tiktok.com/@democrats/video/7481369420892228906,💯,💯,20250313,49,2300000,91600,961,7218,,original sound,Democrats,False
7480692090125503787,democrats,https://www.tiktok.com/@democrats/video/7480692090125503787,“tesler” 🤣,“tesler” 🤣,20250311,5,4000000,306900,4691,69900,,original sound,Democrats,False
7480673223613533486,democrats,https://www.tiktok.com/@democrats/video/7480673223613533486,priorities 😀,priorities 😀,20250311,11,2000000,283300,1623,18800,,admire the perc,Esteban,False
7480658365589343534,democrats,https://www.tiktok.com/@democrats/video/7480658365589343534,TikTok video #7480658365589343534,,20250311,50,2200000,314000,857,7630,,original sound,Lyrics,False
7480639183678115115,democrats,https://www.tiktok.com/@democrats/video/7480639183678115115,🤨📉,🤨📉,20250311,7,302300,14500,137,770,,original sound,Democrats,False
7480298939904822574,democrats,https://www.tiktok.com/@democrats/video/7480298939904822574,TikTok video #7480298939904822574,,20250310,59,655100,74600,359,1127,,sonido original,iSG,False
7478539812669066539,democrats,https://www.tiktok.com/@democrats/video/7478539812669066539,lol 🤨,lol 🤨,20250306,11,579300,49000,788,956,,original sound,Democrats,False
7478193636396567851,democrats,https://www.tiktok.com/@democrats/video/7478193636396567851,👏👏👏,👏👏👏,20250305,20,477700,42700,899,1107,,original sound,Democrats,False
7478160140277976366,democrats,https://www.tiktok.com/@democrats/video/7478160140277976366,TikTok video #7478160140277976366,,20250305,49,1100000,215300,469,6786,,Obsessed,jinxknsaudios,False
7478150487045475630,democrats,https://www.tiktok.com/@democrats/video/7478150487045475630,TikTok video #7478150487045475630,,20250305,57,443400,69800,515,1205,,original sound - NickiMVerses,𝑷𝑭𝑹 𝑹𝑬𝑪𝑶𝑹𝑫𝑺™,False
7478142286363200811,democrats,https://www.tiktok.com/@democrats/video/7478142286363200811,💯,💯,20250305,22,95600,6227,72,102,,original sound,Democrats,False
7478036345898732842,democrats,https://www.tiktok.com/@democrats/video/7478036345898732842,TikTok video #7478036345898732842,,20250304,40,610700,41100,305,319,,original sound,directedbynikita,False
7478003354916998442,democrats,https://www.tiktok.com/@democrats/video/7478003354916998442,"Farmers need real policy, and Trump isn’t the guy to give it to them. ","Farmers need real policy, and Trump isn’t the guy to give it to them. ",20250304,37,588300,36100,471,1651,,original sound,Democrats,False
7477738890917629230,democrats,https://www.tiktok.com/@democrats/video/7477738890917629230,jd wya? 🤔,jd wya? 🤔,20250304,6,4200000,282300,2577,18500,,original sound - ꧁𓊈𒆜 ♬♞ ™𝕃𝔦Ｍι𝔱√ ♨★ 𒆜𓊉꧂,꧁𓊈𒆜 ♬♞ ™𝕃𝔦Ｍι𝔱√ ♨★ 𒆜𓊉꧂,False
7477665478089952558,democrats,https://www.tiktok.com/@democrats/video/7477665478089952558,priorities 🙄,priorities 🙄,20250303,8,2100000,296800,1854,8366,,SAVE ME from rammor summer chill mix on youtube,Rammor,False
7477371284284837163,democrats,https://www.tiktok.com/@democrats/video/7477371284284837163,TikTok video #7477371284284837163,,20250303,8,1700000,188800,438,1968,,original sound,eg,False
7476592000746245419,democrats,https://www.tiktok.com/@democrats/video/7476592000746245419,TikTok video #7476592000746245419,,20250228,5,608200,61500,1125,1003,,You Sure About That _ ITYSL,Golden Key Prints,False
7476582048623250731,democrats,https://www.tiktok.com/@democrats/video/7476582048623250731,wow… ,wow… ,20250228,9,143800,8668,134,443,,original sound,Democrats,False
7476521755520208174,democrats,https://www.tiktok.com/@democrats/video/7476521755520208174,TikTok video #7476521755520208174,,20250228,238,1100000,181100,1574,7156,,Grieg / Morning Mood 02 (Full Oke LP version)(899765),Icy Light,False
7475791898532203819,democrats,https://www.tiktok.com/@democrats/video/7475791898532203819,L,L,20250226,13,1800000,139700,1571,13000,,SpongeBob song,jai2gayyy,False
7475783648705285419,democrats,https://www.tiktok.com/@democrats/video/7475783648705285419,TikTok video #7475783648705285419,,20250226,10,738000,40200,647,1729,,original sound,CULTED,False
7475550652870020395,democrats,https://www.tiktok.com/@democrats/video/7475550652870020395,TikTok video #7475550652870020395,,20250226,31,249800,26200,709,1015,,female rage,bel6va,False
7475399123198348586,democrats,https://www.tiktok.com/@democrats/video/7475399123198348586,remember when Trump said he’d lower the price of eggs on day one? ,remember when Trump said he’d lower the price of eggs on day one? ,20250225,21,2500000,296900,1702,28500,,original sound,Democrats,False
7475377847629139242,democrats,https://www.tiktok.com/@democrats/video/7475377847629139242,DNC Chair Ken Martin on Republican’s budget plan. ,DNC Chair Ken Martin on Republican’s budget plan. ,20250225,43,145400,11000,140,291,,original sound,Democrats,False
7475165886001827118,democrats,https://www.tiktok.com/@democrats/video/7475165886001827118,DNC Chair Ken Martin launches the Organizing Everywhere Tour 🫡,DNC Chair Ken Martin launches the Organizing Everywhere Tour 🫡,20250225,17,43600,917,9,12,,duvet,henri,False
7475055404939005226,democrats,https://www.tiktok.com/@democrats/video/7475055404939005226,😳,😳,20250224,25,228800,10800,498,3074,,original sound,Democrats,False
7474726252734205226,democrats,https://www.tiktok.com/@democrats/video/7474726252734205226,lol,lol,20250223,27,1300000,162800,3094,3432,,original sound,Tomorrowland,False
7474689585235168554,democrats,https://www.tiktok.com/@democrats/video/7474689585235168554,💙,💙,20250223,25,458900,19500,372,259,,original sound,Democrats,False
7474679385635818794,democrats,https://www.tiktok.com/@democrats/video/7474679385635818794,TikTok video #7474679385635818794,,20250223,39,249800,60800,166,468,,original sound,m ⭐️,False
7473981900823072046,democrats,https://www.tiktok.com/@democrats/video/7473981900823072046,TikTok video #7473981900823072046,,20250221,8,3000000,492500,6046,65800,,original sound,TRAPCELEB,False
7473955149724044590,democrats,https://www.tiktok.com/@democrats/video/7473955149724044590,TikTok video #7473955149724044590,,20250221,27,1400000,136700,3232,4189,,Originalton,musicッ,False
7473891896075537706,democrats,https://www.tiktok.com/@democrats/video/7473891896075537706,oof…,oof…,20250221,7,3000000,570700,1614,66500,,Original Sound,Unknown,False
7473626052695166251,democrats,https://www.tiktok.com/@democrats/video/7473626052695166251,😳,😳,20250220,5,216200,10200,554,510,,original sound,Democrats,False
7473156906056486190,democrats,https://www.tiktok.com/@democrats/video/7473156906056486190,bro what,bro what,20250219,17,815300,56100,1119,4666,,original sound,Democrats,False
7472959564183293227,democrats,https://www.tiktok.com/@democrats/video/7472959564183293227,@J.D. Vance wya ,@J.D. Vance wya ,20250219,16,1100000,201800,1151,8779,,original sound,msoverlays,False
7472954919314574634,democrats,https://www.tiktok.com/@democrats/video/7472954919314574634,🤭,🤭,20250219,8,145100,5109,69,88,,original sound,Democrats,False
7472949011364793643,democrats,https://www.tiktok.com/@democrats/video/7472949011364793643,Chair Martin has hit the road to help Democrats maintain their majori...,Chair Martin has hit the road to help Democrats maintain their majority in the Pennsylvania House of Representatives. ,20250219,10,85400,1928,28,8,,som original,echonurb,False
7472786363537116462,democrats,https://www.tiktok.com/@democrats/video/7472786363537116462,🇺🇸 ,🇺🇸 ,20250218,10,99900,7354,130,81,,original sound,Democrats,False
7472392764244757806,democrats,https://www.tiktok.com/@democrats/video/7472392764244757806,TikTok video #7472392764244757806,,20250217,80,2600000,422800,5175,19400,,Star Spangled (Bass Boosted),SNC,False
7471415322059410734,democrats,https://www.tiktok.com/@democrats/video/7471415322059410734,TikTok video #7471415322059410734,,20250214,24,184500,30200,261,225,,original sound,𝑬𝒂𝒔𝒚 𝑹𝒆𝒗𝒆𝒏𝒈𝒆 ★,False
7471359063092170030,democrats,https://www.tiktok.com/@democrats/video/7471359063092170030,TikTok video #7471359063092170030,,20250214,35,4800000,1400000,1926,17700,,original sound,E4A,False
7471351194347212075,democrats,https://www.tiktok.com/@democrats/video/7471351194347212075,bro is cooked 😭,bro is cooked 😭,20250214,11,1200000,167300,605,18200,,original sound,JYoung101,False
7471025411191868715,democrats,https://www.tiktok.com/@democrats/video/7471025411191868715,wow… 😳,wow… 😳,20250213,21,111500,2868,58,94,,original sound,Democrats,False
7471007064886725931,democrats,https://www.tiktok.com/@democrats/video/7471007064886725931,“Tic Tac” ,“Tic Tac” ,20250213,14,121200,4895,122,362,,original sound,Democrats,False
7470995510636170542,democrats,https://www.tiktok.com/@democrats/video/7470995510636170542,lol,lol,20250213,12,209200,18500,209,995,,original sound,Democrats,False
7470656026598051114,democrats,https://www.tiktok.com/@democrats/video/7470656026598051114,partners in crime 🫶,partners in crime 🫶,20250212,13,1400000,218000,1093,20200,,original sound,candy necklaces,False
7470620077008932142,democrats,https://www.tiktok.com/@democrats/video/7470620077008932142,TikTok video #7470620077008932142,,20250212,31,248000,15500,1253,343,,original sound - pxlo.vfx,pxlo.aep,False
7470596269539642670,democrats,https://www.tiktok.com/@democrats/video/7470596269539642670,😳,😳,20250212,17,272300,6650,570,829,,original sound,Democrats,False
7470580275823578411,democrats,https://www.tiktok.com/@democrats/video/7470580275823578411,TikTok video #7470580275823578411,,20250212,30,251600,34500,172,1298,,That one popular scary song,blake,False
7470563632284175659,democrats,https://www.tiktok.com/@democrats/video/7470563632284175659,yeah how’s that going Trump? ,yeah how’s that going Trump? ,20250212,5,100400,8333,96,167,,original sound,Democrats,False
7470313104753134891,democrats,https://www.tiktok.com/@democrats/video/7470313104753134891,🧐,🧐,20250211,62,213100,7267,205,392,,original sound,Democrats,False
7470205421610028334,democrats,https://www.tiktok.com/@democrats/video/7470205421610028334,Replying to @Mary Schnitzer Hochron Here’s what Democrats are doing t...,Replying to @Mary Schnitzer Hochron Here’s what Democrats are doing to stop Trump‘s agenda. ,20250211,70,59700,3151,75,67,,original sound,Democrats,False
7470021307061521707,democrats,https://www.tiktok.com/@democrats/video/7470021307061521707,TikTok video #7470021307061521707,,20250211,22,124400,13400,133,306,,Never Trump Guy JD Vance House of Evo Remix,CasaDi,False
7469928284504182062,democrats,https://www.tiktok.com/@democrats/video/7469928284504182062,"@J.D. Vance, you good? ","@J.D. Vance, you good? ",20250210,7,961400,81700,349,8597,,original sound,Democrats,False
7469633623981985070,democrats,https://www.tiktok.com/@democrats/video/7469633623981985070,TikTok video #7469633623981985070,,20250210,11,4400000,1100000,1230,25500,,original sound,nm.22unknown,False
7468760397802163499,democrats,https://www.tiktok.com/@democrats/video/7468760397802163499,Replying to @Bre S bro is definitely not mad ,Replying to @Bre S bro is definitely not mad ,20250207,18,630700,23700,364,1437,,original sound,Democrats,False
7468737837102402858,democrats,https://www.tiktok.com/@democrats/video/7468737837102402858,TikTok video #7468737837102402858,,20250207,21,2100000,249900,586,6281,,original sound,ᴋɪʀsᴛʏ,False
7468425637154311470,democrats,https://www.tiktok.com/@democrats/video/7468425637154311470,what 😀,what 😀,20250206,52,108600,4341,44,263,,original sound,Democrats,False
7468401664962137387,democrats,https://www.tiktok.com/@democrats/video/7468401664962137387,TikTok video #7468401664962137387,,20250206,52,750300,33000,4091,3154,,suono originale,Music_Lyrics 🎧🎶,False
7468375150619069738,democrats,https://www.tiktok.com/@democrats/video/7468375150619069738,"this you, @J.D. Vance? ","this you, @J.D. Vance? ",20250206,19,1200000,85200,817,6026,,original sound,Democrats,False
7468340390958189870,democrats,https://www.tiktok.com/@democrats/video/7468340390958189870,Republicans are trying to steal your money. Chair Martin breaks down ...,Republicans are trying to steal your money. Chair Martin breaks down how Democrats are fighting back.,20250206,37,258400,36400,422,558,,original sound,Democrats,False
7468000672445893934,democrats,https://www.tiktok.com/@democrats/video/7468000672445893934,👑 @Ayanna Pressley ,👑 @Ayanna Pressley ,20250205,11,110000,6395,847,113,,original sound,Democrats,False
7467971900971519274,democrats,https://www.tiktok.com/@democrats/video/7467971900971519274,TikTok video #7467971900971519274,,20250205,21,1000000,154100,1701,1903,,original sound,. ♬ ❦,False
7467701545682095406,democrats,https://www.tiktok.com/@democrats/video/7467701545682095406,@Maxwell Frost 👏,@Maxwell Frost 👏,20250204,40,350600,47200,452,1657,,original sound,Democrats,False
7467687587960868142,democrats,https://www.tiktok.com/@democrats/video/7467687587960868142,Chair Ken 👏 ,Chair Ken 👏 ,20250204,50,119400,11100,359,97,,original sound,Democrats,False
7467662816942509358,democrats,https://www.tiktok.com/@democrats/video/7467662816942509358,TikTok video #7467662816942509358,,20250204,16,3500000,949900,5875,44000,,original sound,msoverlays,False
7467633323657940266,democrats,https://www.tiktok.com/@democrats/video/7467633323657940266,"congrats, David! 🤩","congrats, David! 🤩",20250204,33,78500,5652,67,109,,original sound,Democrats,False
7467353555935120686,democrats,https://www.tiktok.com/@democrats/video/7467353555935120686,"the new DNC Chair, Ken Martin! ","the new DNC Chair, Ken Martin! ",20250204,41,241900,28800,1137,423,,original sound,Democrats,False
7467265838781861166,democrats,https://www.tiktok.com/@democrats/video/7467265838781861166,👏👏👏,👏👏👏,20250203,68,159900,22800,333,1283,,original sound,Democrats,False
7467224427244227886,democrats,https://www.tiktok.com/@democrats/video/7467224427244227886,oop! ,oop! ,20250203,34,134600,8542,72,561,,original sound,Democrats,False
7466560374553185578,democrats,https://www.tiktok.com/@democrats/video/7466560374553185578,👋 Ken!,👋 Ken!,20250201,5,1200000,125200,2225,1082,,original sound,Bryan Riel,False
7466124811761241390,democrats,https://www.tiktok.com/@democrats/video/7466124811761241390,TikTok video #7466124811761241390,,20250131,35,162700,37600,216,342,,som original,alwaysbey2026,False
7465937602474970410,democrats,https://www.tiktok.com/@democrats/video/7465937602474970410,TikTok video #7465937602474970410,,20250131,19,1100000,65900,232,2141,,original sound,EricCamilleri,False
7465838645006650667,democrats,https://www.tiktok.com/@democrats/video/7465838645006650667,you need to hear this ,you need to hear this ,20250130,20,1400000,49900,2729,25800,,original sound,Democrats,False
7465824505294884142,democrats,https://www.tiktok.com/@democrats/video/7465824505294884142,TikTok video #7465824505294884142,,20250130,28,107800,6703,43,240,,Wendigoon is a cool dude,audio,False
7465815203188477230,democrats,https://www.tiktok.com/@democrats/video/7465815203188477230,TikTok video #7465815203188477230,,20250130,10,2300000,202300,550,5487,,original sound - Dr. Mephisto,Dr. Mephisto,False
7465758275284241710,democrats,https://www.tiktok.com/@democrats/video/7465758275284241710,… 😳,… 😳,20250130,38,1100000,39900,1484,5257,,original sound,Democrats,False
7465445425282141486,democrats,https://www.tiktok.com/@democrats/video/7465445425282141486,this is wild…,this is wild…,20250129,10,2100000,70800,2771,13800,,original sound,Democrats,False
7465408747293166890,democrats,https://www.tiktok.com/@democrats/video/7465408747293166890,wow… 🫢,wow… 🫢,20250129,62,460400,27100,238,1599,,original sound,Democrats,False
7465400799812652330,democrats,https://www.tiktok.com/@democrats/video/7465400799812652330,lol ,lol ,20250129,44,877800,85400,1341,16400,,original sound,Democrats,False
7465138498710900014,democrats,https://www.tiktok.com/@democrats/video/7465138498710900014,oh that’s not…,oh that’s not…,20250129,15,3700000,186500,7948,61000,,original sound,Democrats,False
7465077614294830382,democrats,https://www.tiktok.com/@democrats/video/7465077614294830382,🤨🤨🤨,🤨🤨🤨,20250128,58,449700,33100,822,3002,,original sound,Democrats,False
7465068241925442862,democrats,https://www.tiktok.com/@democrats/video/7465068241925442862,you need to hear this ,you need to hear this ,20250128,76,59100,2276,64,155,,original sound,Democrats,False
7464984951755263274,democrats,https://www.tiktok.com/@democrats/video/7464984951755263274,TikTok video #7464984951755263274,,20250128,7,234400,34100,350,1303,,death note confusion sound,sanestnagitofan,False
7464616243870453034,democrats,https://www.tiktok.com/@democrats/video/7464616243870453034,This is important,This is important,20250127,47,55000,3781,34,48,,original sound,Democrats,False
7464280388773416235,democrats,https://www.tiktok.com/@democrats/video/7464280388773416235,TikTok video #7464280388773416235,,20250126,35,1800000,106300,488,3676,,son original,goofy_vidz,False
7463589541631266091,democrats,https://www.tiktok.com/@democrats/video/7463589541631266091,TikTok video #7463589541631266091,,20250124,30,142400,12400,77,273,,That one popular scary song,blake,False
7463539184003829034,democrats,https://www.tiktok.com/@democrats/video/7463539184003829034,TikTok video #7463539184003829034,,20250124,33,1500000,112500,468,1532,,original sound,🧼Soap🧼,False
7463229162321349934,democrats,https://www.tiktok.com/@democrats/video/7463229162321349934,you have to see this,you have to see this,20250123,24,281400,15900,221,571,,original sound,Democrats,False
7463215454203563307,democrats,https://www.tiktok.com/@democrats/video/7463215454203563307,wow.,wow.,20250123,20,288500,35800,251,2316,,original sound,Democrats,False
7462935932191247658,democrats,https://www.tiktok.com/@democrats/video/7462935932191247658,unbelievable,unbelievable,20250123,12,333400,22900,426,4240,,original sound,Democrats,False
7462841595314883883,democrats,https://www.tiktok.com/@democrats/video/7462841595314883883,Wow,Wow,20250122,73,883000,80000,1125,3053,,original sound,Democrats,False
7462533831384517931,democrats,https://www.tiktok.com/@democrats/video/7462533831384517931,day one of Trump’s second term 🥴,day one of Trump’s second term 🥴,20250122,45,262100,27400,185,1309,,original sound,Democrats,False
7462519936569658670,democrats,https://www.tiktok.com/@democrats/video/7462519936569658670,Watch this.,Watch this.,20250121,24,360800,8449,330,1129,,original sound,Democrats,False
7462488811189112107,democrats,https://www.tiktok.com/@democrats/video/7462488811189112107,TikTok video #7462488811189112107,,20250121,21,2100000,259900,853,8928,,original sound,ᴋɪʀsᴛʏ,False
7462471551334616363,democrats,https://www.tiktok.com/@democrats/video/7462471551334616363,Wow,Wow,20250121,142,7300000,283900,3893,53600,,original sound,Democrats,False
7462398946313293102,democrats,https://www.tiktok.com/@democrats/video/7462398946313293102,TikTok video #7462398946313293102,,20250121,21,1600000,251800,785,13800,,original sound,. ♬ ❦,False
7462108689940499754,democrats,https://www.tiktok.com/@democrats/video/7462108689940499754,Replying to @hannah🌞 ,Replying to @hannah🌞 ,20250120,5,3300000,268100,2881,41900,,original sound,Democrats,False
7462097175200255274,democrats,https://www.tiktok.com/@democrats/video/7462097175200255274,Not even hiding it,Not even hiding it,20250120,5,9700000,918200,7237,252500,,original sound,Democrats,False
7462093127738789166,democrats,https://www.tiktok.com/@democrats/video/7462093127738789166,😬,😬,20250120,16,893800,98600,702,1051,,original sound,MRSOFT LYRICS ✓☆,False
7462080293436919086,democrats,https://www.tiktok.com/@democrats/video/7462080293436919086,TikTok video #7462080293436919086,,20250120,18,885800,99500,1351,4745,,original sound,bon🫧,False
7462073823316217134,democrats,https://www.tiktok.com/@democrats/video/7462073823316217134,TikTok video #7462073823316217134,,20250120,28,4700000,769900,1493,20300,,M83 Solitude,Grace,False
7462064727821159722,democrats,https://www.tiktok.com/@democrats/video/7462064727821159722,two minutes of complete silence lol,two minutes of complete silence lol,20250120,120,4700000,323800,7517,40800,,original sound,Democrats,False
7462048561375579435,democrats,https://www.tiktok.com/@democrats/video/7462048561375579435,smh,smh,20250120,43,229600,9819,273,1857,,original sound,Democrats,False
7461785730273021227,democrats,https://www.tiktok.com/@democrats/video/7461785730273021227,"Thank you, Mr. President. 💙","Thank you, Mr. President. 💙",20250120,12,151500,12600,246,98,,original sound,Democrats,False
7461767310110428458,democrats,https://www.tiktok.com/@democrats/video/7461767310110428458,lol,lol,20250119,16,8200000,287500,1167,6623,,original sound,Democrats,False
7461744869443161387,democrats,https://www.tiktok.com/@democrats/video/7461744869443161387,Here is a montage of Trump bragging about banning TikTok,Here is a montage of Trump bragging about banning TikTok,20250119,54,1500000,127200,1394,17400,,original sound,Democrats,False
7461395207154666798,democrats,https://www.tiktok.com/@democrats/video/7461395207154666798,TikTok video #7461395207154666798,,20250118,5,2200000,354500,1881,3610,,why is this popular omg...,ivan,False
7461343899039337774,democrats,https://www.tiktok.com/@democrats/video/7461343899039337774,The People’s March,The People’s March,20250118,11,1100000,170100,914,3247,,original sound,Eira ⛸️,False
7461329775181729066,democrats,https://www.tiktok.com/@democrats/video/7461329775181729066,❄️❄️❄️,❄️❄️❄️,20250118,13,116500,7318,148,274,,original sound,Democrats,False
7461016045265079598,democrats,https://www.tiktok.com/@democrats/video/7461016045265079598,TikTok video #7461016045265079598,,20250117,61,3500000,687400,1545,4735,,son original - 🎧JΞTM🎶,z7skino,False
7460590816877120814,democrats,https://www.tiktok.com/@democrats/video/7460590816877120814,Oop,Oop,20250116,51,1500000,75900,1967,11300,,original sound,Democrats,False
7460329826105249070,democrats,https://www.tiktok.com/@democrats/video/7460329826105249070,"Thank you, President Biden. For everything.","Thank you, President Biden. For everything.",20250116,34,308400,25200,351,681,,original sound,Democrats,False
7460234565458644267,democrats,https://www.tiktok.com/@democrats/video/7460234565458644267,You have to watch this,You have to watch this,20250115,42,971800,78500,677,6187,,original sound,Democrats,False
7459899415134735662,democrats,https://www.tiktok.com/@democrats/video/7459899415134735662,Wow,Wow,20250114,8,190700,11700,301,704,,original sound,Democrats,False
7459869363324095787,democrats,https://www.tiktok.com/@democrats/video/7459869363324095787,You have to hear what Trump’s Defense Secretary appointee just said.,You have to hear what Trump’s Defense Secretary appointee just said.,20250114,75,116200,9471,56,183,,original sound,Democrats,False
7459832307315117354,democrats,https://www.tiktok.com/@democrats/video/7459832307315117354,Pete Hegseth is unfit to lead the Department of Defense.,Pete Hegseth is unfit to lead the Department of Defense.,20250114,50,97600,4433,62,111,,original sound,Democrats,False
7458043472579349806,democrats,https://www.tiktok.com/@democrats/video/7458043472579349806,TikTok video #7458043472579349806,,20250109,31,68400,6012,34,46,,original sound,SP33D audios,False
7458022416548121902,democrats,https://www.tiktok.com/@democrats/video/7458022416548121902,they don’t 😀👍,they don’t 😀👍,20250109,8,567600,89000,222,1911,,original sound,sydney 🩵,False
7457990558079028526,democrats,https://www.tiktok.com/@democrats/video/7457990558079028526,😳,😳,20250109,12,206100,27200,268,1380,,original sound,Democrats,False
7457645680211840299,democrats,https://www.tiktok.com/@democrats/video/7457645680211840299,😳,😳,20250108,13,165400,12900,218,1687,,original sound,Democrats,False
7457564500355583278,democrats,https://www.tiktok.com/@democrats/video/7457564500355583278,TikTok video #7457564500355583278,,20250108,16,580600,110200,1598,5756,,original sound,𝖊𝖑𝖎,False
7456928569491590446,democrats,https://www.tiktok.com/@democrats/video/7456928569491590446,Vice President Harris speaks after Congress certifies the 2024 election,Vice President Harris speaks after Congress certifies the 2024 election,20250106,74,89400,9627,172,133,,original sound,Democrats,False
7456895517218377003,democrats,https://www.tiktok.com/@democrats/video/7456895517218377003,TikTok video #7456895517218377003,,20250106,30,450100,69500,191,4855,,original sound,kdedit,False
7455824900943744302,democrats,https://www.tiktok.com/@democrats/video/7455824900943744302,💙,💙,20250103,36,237700,27000,148,932,,original sound,Democrats,False
7455770120380550443,democrats,https://www.tiktok.com/@democrats/video/7455770120380550443,TikTok video #7455770120380550443,,20250103,6,96400,5537,264,16,,Damn... Here we go,Tee_K_mayne,False
7450311962900286766,democrats,https://www.tiktok.com/@democrats/video/7450311962900286766,TikTok video #7450311962900286766,,20241220,23,246500,34700,860,1214,,original sound,user25945197916,False
7450613717428948267,democrats,https://www.tiktok.com/@democrats/video/7450613717428948267,oh!,oh!,20241220,8,154100,7056,84,129,,original sound,Blameitonkway,False
7450608147544247595,democrats,https://www.tiktok.com/@democrats/video/7450608147544247595,and his tickets start at $1 million 😭,and his tickets start at $1 million 😭,20241220,5,127600,8167,55,239,,original sound,Green Screen Memes,False
7450603904246484267,democrats,https://www.tiktok.com/@democrats/video/7450603904246484267,😳,😳,20241220,7,1100000,152800,481,12600,,Originalton,offlain,False
7450599214041664810,democrats,https://www.tiktok.com/@democrats/video/7450599214041664810,TikTok video #7450599214041664810,,20241220,5,2400000,648600,2820,70000,,original sound,stefansswifee,False
7450573389351095598,democrats,https://www.tiktok.com/@democrats/video/7450573389351095598,TikTok video #7450573389351095598,,20241220,7,1100000,160200,289,1724,,original sound,caribbeanbaddies_,False
7450555937716243755,democrats,https://www.tiktok.com/@democrats/video/7450555937716243755,oop!,oop!,20241220,8,97900,6675,46,155,,original sound,Denise,False
7450541099896180014,democrats,https://www.tiktok.com/@democrats/video/7450541099896180014,TikTok video #7450541099896180014,,20241220,26,83200,6308,44,254,,original sound,abigail,False
7450525850342182190,democrats,https://www.tiktok.com/@democrats/video/7450525850342182190,TikTok video #7450525850342182190,,20241220,18,2300000,326000,1311,17400,,original sound,RapUp,False
7450228055282453806,democrats,https://www.tiktok.com/@democrats/video/7450228055282453806,lol,lol,20241219,10,9200000,2100000,3776,249400,,Originalton,offlain,False
7450159697430236462,democrats,https://www.tiktok.com/@democrats/video/7450159697430236462,TikTok video #7450159697430236462,,20241219,10,160500,5521,728,128,,remix LUINZB7 Ride vs tambor conga,luinz🅱️7️⃣,False
7449451779185511723,democrats,https://www.tiktok.com/@democrats/video/7449451779185511723,😳,😳,20241217,61,66600,2647,49,331,,original sound,Democrats,False
7448827584336448811,democrats,https://www.tiktok.com/@democrats/video/7448827584336448811,TikTok video #7448827584336448811,,20241216,16,199500,28800,98,718,,original sound,lizvgrant,False
7447627920019049774,democrats,https://www.tiktok.com/@democrats/video/7447627920019049774,TikTok video #7447627920019049774,,20241212,5,375300,35400,388,272,,original sound - Hayu,Hayu,False
7446953167041940779,democrats,https://www.tiktok.com/@democrats/video/7446953167041940779,Trump will inherit a strong economy from the Biden-Harris administrat...,Trump will inherit a strong economy from the Biden-Harris administration.,20241211,58,70800,4564,78,58,,original sound,Democrats,False
7446243744556338478,democrats,https://www.tiktok.com/@democrats/video/7446243744556338478,TikTok video #7446243744556338478,,20241209,28,233100,12400,315,852,,M83 Solitude,Grace,False
7446222381619694891,democrats,https://www.tiktok.com/@democrats/video/7446222381619694891,And there you have it.,And there you have it.,20241209,16,1900000,115900,1454,19100,,original sound,Democrats,False
7446190644432833834,democrats,https://www.tiktok.com/@democrats/video/7446190644432833834,🤡,🤡,20241208,31,293800,42000,493,4828,,original sound,Democrats,False
7445075096546413867,democrats,https://www.tiktok.com/@democrats/video/7445075096546413867,TikTok video #7445075096546413867,,20241205,58,137300,14500,573,368,,Like a Prayer (Choir Version From “Deadpool & Wolverine”),I'll Take You There Choir,False
7441725289626914090,democrats,https://www.tiktok.com/@democrats/video/7441725289626914090,Vice President @Kamala Harris’ message to supporters.,Vice President @Kamala Harris’ message to supporters.,20241126,28,362000,49000,1086,1806,,original sound,Democrats,False
7441304603381042475,democrats,https://www.tiktok.com/@democrats/video/7441304603381042475,Here’s how the Biden-Harris admin is making holiday travel less stres...,Here’s how the Biden-Harris admin is making holiday travel less stressful,20241125,76,68800,3135,41,126,,original sound,Democrats,False
7441264681999748382,democrats,https://www.tiktok.com/@democrats/video/7441264681999748382,The White House Turkey Pardon 🍑🌸🦃,The White House Turkey Pardon 🍑🌸🦃,20241125,22,76800,2956,34,46,,original sound,Democrats,False
7433956628212370730,democrats,https://www.tiktok.com/@democrats/video/7433956628212370730,We are doing this 😤🫶,We are doing this 😤🫶,20241106,11,1900000,113100,3301,1001,,original sound,Spotify Lyrics,False
7433949820861041963,democrats,https://www.tiktok.com/@democrats/video/7433949820861041963,TikTok video #7433949820861041963,,20241106,40,714700,18200,393,88,,original sound,lyrics in grey,False
7433945231814348074,democrats,https://www.tiktok.com/@democrats/video/7433945231814348074,💙,💙,20241105,5,641300,17500,205,234,,Immarkeyz,Bizzy Balboa,False
7433939408681749802,democrats,https://www.tiktok.com/@democrats/video/7433939408681749802,TikTok video #7433939408681749802,,20241105,13,801600,36100,339,307,,Kamala Kamala Did You Vote Are You Gonna Vote For,CasaDi,False
7433916347421068586,democrats,https://www.tiktok.com/@democrats/video/7433916347421068586,our VP 🫶,our VP 🫶,20241105,11,364400,10500,133,32,,original sound,EX7STENCE™,False
7433915080044973354,democrats,https://www.tiktok.com/@democrats/video/7433915080044973354,let’s do this! 🇺🇸,let’s do this! 🇺🇸,20241105,13,239300,4738,96,42,,Funky and Bright Background Music (Short Version) 60sec(1465517),Azure Glitch,False
7433884696787914026,democrats,https://www.tiktok.com/@democrats/video/7433884696787914026,TikTok video #7433884696787914026,,20241105,9,474800,27300,441,1317,,original sound,FunnyVideosInc,False
7433882481947905323,democrats,https://www.tiktok.com/@democrats/video/7433882481947905323,you know the right answer ,you know the right answer ,20241105,6,467800,9490,692,95,,original sound,Democrats,False
7433881909907770667,democrats,https://www.tiktok.com/@democrats/video/7433881909907770667,@Alexandria Ocasio-Cortez such an icon ☕️,@Alexandria Ocasio-Cortez such an icon ☕️,20241105,10,195000,2860,35,17,,sonido original,Rolitasssgood💯,False
7433873683275418922,democrats,https://www.tiktok.com/@democrats/video/7433873683275418922,today is the day!,today is the day!,20241105,23,257500,13300,296,85,,,,False
7433852338957274410,democrats,https://www.tiktok.com/@democrats/video/7433852338957274410,end the dramala 😎,end the dramala 😎,20241105,15,163200,4831,106,52,,Kamala Harris Maya Rudolph Voting For Us,CasaDi,False
7433851525346151723,democrats,https://www.tiktok.com/@democrats/video/7433851525346151723,did you vote? 💙,did you vote? 💙,20241105,9,1300000,89800,2468,1789,,Kamala Kamala Did You Vote Are You Gonna Vote For,CasaDi,False
7433851329027804462,democrats,https://www.tiktok.com/@democrats/video/7433851329027804462,VOTE 💙,VOTE 💙,20241105,6,113700,2069,25,23,,AKON'S BEAUTIFUL DAY,Akon,False
7433836296730168618,democrats,https://www.tiktok.com/@democrats/video/7433836296730168618,Gen Z is out here!,Gen Z is out here!,20241105,6,253500,6957,65,30,,original sound,Democrats,False
7433830819019361578,democrats,https://www.tiktok.com/@democrats/video/7433830819019361578,Thank you to this Michigan voter 👏,Thank you to this Michigan voter 👏,20241105,26,856200,113500,209,6269,,original sound,Democrats,False
7433829608249740587,democrats,https://www.tiktok.com/@democrats/video/7433829608249740587,🐐,🐐,20241105,28,415900,10200,1057,264,,original sound,Democrats,False
7433829512200228142,democrats,https://www.tiktok.com/@democrats/video/7433829512200228142,Go vote!,Go vote!,20241105,12,187500,8332,120,110,,original sound,Democrats,False
7433819821097209131,democrats,https://www.tiktok.com/@democrats/video/7433819821097209131,this barbie is going to be president 🫡,this barbie is going to be president 🫡,20241105,10,1000000,163800,834,4924,,original sound,ziulgfsa,False
7433813346199080235,democrats,https://www.tiktok.com/@democrats/video/7433813346199080235,TikTok video #7433813346199080235,,20241105,11,86800,1800,15,22,,OH MA GAWD,Megan,False
7433796576327273770,democrats,https://www.tiktok.com/@democrats/video/7433796576327273770,historic moment 🥹,historic moment 🥹,20241105,21,24900000,1200000,6982,22000,,original sound,Democrats,False
7433794565024353578,democrats,https://www.tiktok.com/@democrats/video/7433794565024353578,go vote!,go vote!,20241105,20,1500000,136500,1062,3968,,suono originale,𝙗𝙗𝙚𝙮𝙙𝙖𝙮,False
7433661155203239210,democrats,https://www.tiktok.com/@democrats/video/7433661155203239210,🥹 can’t wait,🥹 can’t wait,20241105,16,1900000,76700,8455,948,,original sound,billboard,False
7433659821582470446,democrats,https://www.tiktok.com/@democrats/video/7433659821582470446,👏👏👏,👏👏👏,20241105,19,106400,6073,60,37,,original sound,billboard,False
7433659416437689643,democrats,https://www.tiktok.com/@democrats/video/7433659416437689643,make sure you vote!,make sure you vote!,20241105,8,372200,8159,508,71,,original sound,Democrats,False
7433653422085164334,democrats,https://www.tiktok.com/@democrats/video/7433653422085164334,🇺🇸 land that we love,🇺🇸 land that we love,20241105,29,52800,1915,17,46,,original sound,Democrats,False
7433652865089998126,democrats,https://www.tiktok.com/@democrats/video/7433652865089998126,these crowds are insane!,these crowds are insane!,20241105,10,445200,63600,2101,2010,,DCC Thunderstruck,Dallas Cowboys Cheerleaders,False
7433642360296181034,democrats,https://www.tiktok.com/@democrats/video/7433642360296181034,so iconic 👏,so iconic 👏,20241105,16,428000,64900,176,2249,,original sound,Democrats,False
7433642024668269870,democrats,https://www.tiktok.com/@democrats/video/7433642024668269870,yesss 👏,yesss 👏,20241105,10,81000,5860,72,147,,original sound,Democrats,False
7433625594778111275,democrats,https://www.tiktok.com/@democrats/video/7433625594778111275,🤠💙,🤠💙,20241105,18,927600,97400,1160,11500,,original sound,Democrats,False
7433624485506469163,democrats,https://www.tiktok.com/@democrats/video/7433624485506469163,there is still time to make a difference!,there is still time to make a difference!,20241105,38,43600,1681,32,24,,original sound,Democrats,False
7433620453454925099,democrats,https://www.tiktok.com/@democrats/video/7433620453454925099,💙,💙,20241105,21,108700,12400,96,140,,original sound,Democrats,False
7433617583917501739,democrats,https://www.tiktok.com/@democrats/video/7433617583917501739,🙌,🙌,20241105,24,978100,46600,372,1506,,original sound,Democrats,False
7433604079986674975,democrats,https://www.tiktok.com/@democrats/video/7433604079986674975,🇵🇷🇵🇷🇵🇷,🇵🇷🇵🇷🇵🇷,20241105,7,503900,27200,185,968,,original sound,Democrats,False
7433593849844419870,democrats,https://www.tiktok.com/@democrats/video/7433593849844419870,Vote for Kamala Harris and Tim Walz!,Vote for Kamala Harris and Tim Walz!,20241105,16,44600,3521,63,71,,a moment,beachbumblaine,False
7433588596143131947,democrats,https://www.tiktok.com/@democrats/video/7433588596143131947,earning every vote,earning every vote,20241105,19,360900,33200,412,1541,,original sound,Democrats,False
7433580843584654638,democrats,https://www.tiktok.com/@democrats/video/7433580843584654638,💙💙💙,💙💙💙,20241105,16,766900,111300,2476,2737,,original sound,Democrats,False
7433561189612801326,democrats,https://www.tiktok.com/@democrats/video/7433561189612801326,she was made for this 🥹🫶,she was made for this 🥹🫶,20241104,8,4300000,1000000,3806,9701,,original sound - .ᐟ ✴︎ ⠀࣪˖,￴￴ ￴￴￴￴ ￴￴ ￴￴ ￴￴  ￴ ￴￴,False
7433549852665040158,democrats,https://www.tiktok.com/@democrats/video/7433549852665040158,Let’s go PA!,Let’s go PA!,20241104,56,65300,7353,121,72,,original sound,Democrats,False
7433547324737129774,democrats,https://www.tiktok.com/@democrats/video/7433547324737129774,^^,^^,20241104,60,100600,15000,289,1544,,original sound,Democrats,False
7433543353880300842,democrats,https://www.tiktok.com/@democrats/video/7433543353880300842,VOTE 💙,VOTE 💙,20241104,13,90700,17600,216,570,,open up the door,BET,False
7433539761630989610,democrats,https://www.tiktok.com/@democrats/video/7433539761630989610,💙,💙,20241104,9,88700,6987,89,59,,original sound,billboard,False
7433529648652307754,democrats,https://www.tiktok.com/@democrats/video/7433529648652307754,TikTok video #7433529648652307754,,20241104,80,83400,6116,618,97,,Star Spangled (Bass Boosted),SNC,False
7433525271283666218,democrats,https://www.tiktok.com/@democrats/video/7433525271283666218,there she goes 👏,there she goes 👏,20241104,9,240400,8516,228,78,,there she goes,🎸🪩,False
7433507520674680106,democrats,https://www.tiktok.com/@democrats/video/7433507520674680106,this is so cool! ,this is so cool! ,20241104,16,2400000,271000,1461,3970,,original sound,Song Lyrics,False
7433500248514874666,democrats,https://www.tiktok.com/@democrats/video/7433500248514874666,this hits hard!,this hits hard!,20241104,120,2900000,519400,3873,32100,,original sound,Democrats,False
7433498363795885355,democrats,https://www.tiktok.com/@democrats/video/7433498363795885355,and they did 😎,and they did 😎,20241104,9,153500,17100,183,226,,som original,offlinebro,False
7433496529375268142,democrats,https://www.tiktok.com/@democrats/video/7433496529375268142,late night McFlurry AND an administration that fights for your rights...,late night McFlurry AND an administration that fights for your rights??? 🧑‍🍳💋,20241104,6,700700,20500,197,890,,original sound,EX7STENCE™,False
7433494869248658731,democrats,https://www.tiktok.com/@democrats/video/7433494869248658731,are you ready for it?,are you ready for it?,20241104,13,38600,3887,96,59,,original sound,MelodyMingle,False
7433474530074578218,democrats,https://www.tiktok.com/@democrats/video/7433474530074578218,felling patriotic 🇺🇸,felling patriotic 🇺🇸,20241104,11,1000000,108300,644,2303,,original sound,Democrats,False
7433473554001169706,democrats,https://www.tiktok.com/@democrats/video/7433473554001169706,TikTok video #7433473554001169706,,20241104,15,40500,2772,85,39,,GENTLEMEN START YOUR ENGINESSS,fierydeltav,False
7433461542286282026,democrats,https://www.tiktok.com/@democrats/video/7433461542286282026,TikTok video #7433461542286282026,,20241104,19,94200,11600,36,64,,original sound,Nick Kroll,False
7433459225755438379,democrats,https://www.tiktok.com/@democrats/video/7433459225755438379,let’s do this 🥹,let’s do this 🥹,20241104,27,760800,104300,1219,4943,,original sound,Billie Eilish Home,False
7433455272095419679,democrats,https://www.tiktok.com/@democrats/video/7433455272095419679,Let’s get out there and vote!,Let’s get out there and vote!,20241104,14,64700,6945,371,148,,original sound,Democrats,False
7433451843906342190,democrats,https://www.tiktok.com/@democrats/video/7433451843906342190,Let’s gooo 💙,Let’s gooo 💙,20241104,13,100500,7733,205,166,,Kamala Kamala Did You Vote Are You Gonna Vote For,CasaDi,False
7433447139012840734,democrats,https://www.tiktok.com/@democrats/video/7433447139012840734,This is great to hear!,This is great to hear!,20241104,19,20400,980,14,14,,original sound,Democrats,False
7433434104370072862,democrats,https://www.tiktok.com/@democrats/video/7433434104370072862,Make a plan to vote by November 5!,Make a plan to vote by November 5!,20241104,17,368000,54800,295,1434,,original sound,chloe (taylor's version),False
7433209824931876138,democrats,https://www.tiktok.com/@democrats/video/7433209824931876138,💙🙌,💙🙌,20241104,72,180700,9322,111,153,,original sound,Democrats,False
7433208381508209951,democrats,https://www.tiktok.com/@democrats/video/7433208381508209951,We have the momentum! ,We have the momentum! ,20241104,43,292900,24300,353,493,,original sound,Democrats,False
7433207478201994527,democrats,https://www.tiktok.com/@democrats/video/7433207478201994527,Let’s go Michigan!,Let’s go Michigan!,20241104,20,116900,10100,149,115,,original sound,Democrats,False
7433203771456621870,democrats,https://www.tiktok.com/@democrats/video/7433203771456621870,🫡,🫡,20241103,12,227700,17100,314,254,,original sound,billboard,False
7433114734989298986,democrats,https://www.tiktok.com/@democrats/video/7433114734989298986,TikTok video #7433114734989298986,,20241103,46,31700,1173,34,326,,original sound,soundeffectarchive,False
7433107463332760875,democrats,https://www.tiktok.com/@democrats/video/7433107463332760875,Pass the marinara ,Pass the marinara ,20241103,5,1900000,352400,1347,37400,,,,False
7433093292306304302,democrats,https://www.tiktok.com/@democrats/video/7433093292306304302,this is your sign to vote!,this is your sign to vote!,20241103,18,2300000,371800,2070,10100,,original sound,Democrats,False
7432900234210037034,democrats,https://www.tiktok.com/@democrats/video/7432900234210037034,TikTok video #7432900234210037034,,20241103,13,55200,6382,45,61,,original sound,kowkii,False
7432897111261220139,democrats,https://www.tiktok.com/@democrats/video/7432897111261220139,the crossover we needed 🙌,the crossover we needed 🙌,20241103,16,160300,21500,108,608,,original sound,Democrats,False
7432896574163782943,democrats,https://www.tiktok.com/@democrats/video/7432896574163782943,"Live from New York, it’s Saturday night! ","Live from New York, it’s Saturday night! ",20241103,161,213600,24200,122,1427,,original sound,Democrats,False
7432826139346816302,democrats,https://www.tiktok.com/@democrats/video/7432826139346816302,let’s do this!,let’s do this!,20241102,23,2600000,549500,1276,14300,,original sound,jayde_fx,False
7432813663733484830,democrats,https://www.tiktok.com/@democrats/video/7432813663733484830,Let’s make it happen ,Let’s make it happen ,20241102,12,99700,11800,100,290,,original sound,emii,False
7432802354296081695,democrats,https://www.tiktok.com/@democrats/video/7432802354296081695,Let’s go North Carolina!,Let’s go North Carolina!,20241102,9,152900,10400,146,208,,original sound,Democrats,False
7432802340547202347,democrats,https://www.tiktok.com/@democrats/video/7432802340547202347,Yessss!,Yessss!,20241102,25,1000000,190900,454,7708,,original sound,Democrats,False
7432800317445606686,democrats,https://www.tiktok.com/@democrats/video/7432800317445606686,Spot on from @Jeff Jackson ,Spot on from @Jeff Jackson ,20241102,35,146300,19800,235,371,,original sound,Democrats,False
7432795463289703726,democrats,https://www.tiktok.com/@democrats/video/7432795463289703726,listen to this ^,listen to this ^,20241102,88,6700000,1200000,2671,101400,,original sound,Democrats,False
7432770796021517614,democrats,https://www.tiktok.com/@democrats/video/7432770796021517614,it’s so important 💙,it’s so important 💙,20241102,13,164500,32700,783,520,,original sound,user38106908348,False
7432770638089162026,democrats,https://www.tiktok.com/@democrats/video/7432770638089162026,Make your plan to vote!,Make your plan to vote!,20241102,12,185300,10000,84,148,,original sound,Democrats,False
7432732628115066154,democrats,https://www.tiktok.com/@democrats/video/7432732628115066154,Kamala Harris for the people!,Kamala Harris for the people!,20241102,118,166500,29800,580,2370,,original sound,Democrats,False
7432717326602046762,democrats,https://www.tiktok.com/@democrats/video/7432717326602046762,she gets it!,she gets it!,20241102,24,238000,31500,131,1043,,original sound,Democrats,False
7432715058553130283,democrats,https://www.tiktok.com/@democrats/video/7432715058553130283,This is your sign to vote!,This is your sign to vote!,20241102,84,782300,98500,534,3778,,original sound,Democrats,False
7432707325905095982,democrats,https://www.tiktok.com/@democrats/video/7432707325905095982,TikTok video #7432707325905095982,,20241102,27,45800,2515,12,31,,happier than ever by billie eilish,rwn.🦇,False
7432505237816036650,democrats,https://www.tiktok.com/@democrats/video/7432505237816036650,yesss 👏,yesss 👏,20241102,23,275500,29300,205,1201,,original sound,Democrats,False
7432494330356436270,democrats,https://www.tiktok.com/@democrats/video/7432494330356436270,let’s gooooo,let’s gooooo,20241102,30,434000,41600,620,3201,,original sound,Democrats,False
7432455769385110814,democrats,https://www.tiktok.com/@democrats/video/7432455769385110814,TikTok video #7432455769385110814,,20241101,12,260800,36000,189,884,,original sound - andr3esx,andr3esx,False
7432452576441814302,democrats,https://www.tiktok.com/@democrats/video/7432452576441814302,This would be BAD!,This would be BAD!,20241101,12,228900,7559,76,909,,original sound,Democrats,False
7432407087575076126,democrats,https://www.tiktok.com/@democrats/video/7432407087575076126,Make a plan to vote!,Make a plan to vote!,20241101,16,1000000,135400,544,1085,,suara asli - skies🌸,everglow ✨,False
7432398631975521578,democrats,https://www.tiktok.com/@democrats/video/7432398631975521578,Trump is increasingly unhinged!,Trump is increasingly unhinged!,20241101,41,179600,30900,600,1747,,original sound,Democrats,False
7432363590998396203,democrats,https://www.tiktok.com/@democrats/video/7432363590998396203,TikTok video #7432363590998396203,,20241101,8,282700,33500,508,1123,,original sound,mrgamescene,False
7432361515849682207,democrats,https://www.tiktok.com/@democrats/video/7432361515849682207,"Instead of kicking and screaming, let’s vote for @Kamala Harris!","Instead of kicking and screaming, let’s vote for @Kamala Harris!",20241101,30,2300000,399600,1691,49300,,original sound,Democrats,False
7432355722718956842,democrats,https://www.tiktok.com/@democrats/video/7432355722718956842,4 days! 💙,4 days! 💙,20241101,25,1900000,302000,984,3574,,original sound,emii,False
7432349672133463326,democrats,https://www.tiktok.com/@democrats/video/7432349672133463326,Voters are fed up with Trump!,Voters are fed up with Trump!,20241101,20,36100,1378,12,17,,original sound,Democrats,False
7432347122692902186,democrats,https://www.tiktok.com/@democrats/video/7432347122692902186,🫶,🫶,20241101,26,807600,22100,1885,556,,son original,ànesi,False
7432341104437054766,democrats,https://www.tiktok.com/@democrats/video/7432341104437054766,yesssss! 💙,yesssss! 💙,20241101,25,48400,2163,34,84,,original sound,Democrats,False
7432334061433097502,democrats,https://www.tiktok.com/@democrats/video/7432334061433097502,"If you’ve voted for or are voting for @Kamala Harris, lmk!!","If you’ve voted for or are voting for @Kamala Harris, lmk!!",20241101,26,65200,10400,1902,410,,original sound,Democrats,False
7432305184522521899,democrats,https://www.tiktok.com/@democrats/video/7432305184522521899,😎,😎,20241101,21,454400,23300,313,469,,original sound,Democrats,False
7432302420178357550,democrats,https://www.tiktok.com/@democrats/video/7432302420178357550,It’s election month!,It’s election month!,20241101,10,493800,76400,547,4608,,original sound,oorsz,False
7432112560947678507,democrats,https://www.tiktok.com/@democrats/video/7432112560947678507,a true leader 🫡,a true leader 🫡,20241101,33,44300,4244,50,156,,original sound,Democrats,False
7432108979955764523,democrats,https://www.tiktok.com/@democrats/video/7432108979955764523,💙💙💙,💙💙💙,20241101,14,47500,2939,31,55,,original sound,Democrats,False
7432095695370341678,democrats,https://www.tiktok.com/@democrats/video/7432095695370341678,THIS is why we need to vote,THIS is why we need to vote,20241101,41,308900,16400,126,718,,original sound,Democrats,False
7432064867139570990,democrats,https://www.tiktok.com/@democrats/video/7432064867139570990,SPOOKY!,SPOOKY!,20241031,7,564000,119100,187,8826,,original sound,Justin Taite,False
7432061478435409182,democrats,https://www.tiktok.com/@democrats/video/7432061478435409182,TikTok video #7432061478435409182,,20241031,60,330200,63400,371,3336,,LEBRON AI COVER FOREVER,𝔠𝔞𝔯𝔪𝔢𝔩𝔬 𝔣𝔵 ☄️,False
7432039625209728302,democrats,https://www.tiktok.com/@democrats/video/7432039625209728302,absolutely not,absolutely not,20241031,75,60600,3209,33,80,,original sound,Democrats,False
7432027204822863150,democrats,https://www.tiktok.com/@democrats/video/7432027204822863150,Tim Walz is right!,Tim Walz is right!,20241031,38,31100,1608,11,27,,original sound,Democrats,False
7432022455918529835,democrats,https://www.tiktok.com/@democrats/video/7432022455918529835,make a plan to vote!,make a plan to vote!,20241031,23,26200,2785,30,41,,original sound,Mattiuz,False
7432009033952939307,democrats,https://www.tiktok.com/@democrats/video/7432009033952939307,🥴,🥴,20241031,18,49400,5692,30,1090,,original sound,Democrats,False
7432004947409161518,democrats,https://www.tiktok.com/@democrats/video/7432004947409161518,"the grind never stops, go vote!","the grind never stops, go vote!",20241031,8,23900,1672,16,43,,Rushing Sound,Dèja | Growth on Purpose,False
7431995579611221294,democrats,https://www.tiktok.com/@democrats/video/7431995579611221294,we’re not going back! ,we’re not going back! ,20241031,15,47000,8683,121,153,,original sound,James Ryan,False
7431984954390613290,democrats,https://www.tiktok.com/@democrats/video/7431984954390613290,TikTok video #7431984954390613290,,20241031,10,325200,39100,150,1138,,ilyis whisper allegation beater vers,.,False
7431970894391545131,democrats,https://www.tiktok.com/@democrats/video/7431970894391545131,Is Trump ok?,Is Trump ok?,20241031,5,1000000,40900,1419,2112,,original sound,Democrats,False
7431952974106070302,democrats,https://www.tiktok.com/@democrats/video/7431952974106070302,no somos basura. somos más. 🇵🇷,no somos basura. somos más. 🇵🇷,20241031,30,282900,38700,246,4618,,original sound,Democrats,False
7431759427155283242,democrats,https://www.tiktok.com/@democrats/video/7431759427155283242,we 💙 Gracie,we 💙 Gracie,20241031,33,4900000,920600,1772,32100,,original sound,Democrats,False
7431758762362424618,democrats,https://www.tiktok.com/@democrats/video/7431758762362424618,🫶,🫶,20241031,21,36500,2331,22,104,,original sound,Democrats,False
7431693979982384427,democrats,https://www.tiktok.com/@democrats/video/7431693979982384427,TikTok video #7431693979982384427,,20241030,12,92700,18100,139,152,,original sound,Nathan,False
7431671547431161134,democrats,https://www.tiktok.com/@democrats/video/7431671547431161134,💙,💙,20241030,7,188300,12500,374,213,,original sound,user98780300480,False
7431657876353060127,democrats,https://www.tiktok.com/@democrats/video/7431657876353060127,TikTok video #7431657876353060127,,20241030,44,93700,10500,14,52,,sonido original,el gringo,False
7431653943555476782,democrats,https://www.tiktok.com/@democrats/video/7431653943555476782,🎄,🎄,20241030,13,102000,9296,134,360,,original sound,it’s the best time of year🤎,False
7431643855604256042,democrats,https://www.tiktok.com/@democrats/video/7431643855604256042,"when we fight, we win!","when we fight, we win!",20241030,24,21500,1421,28,20,,Beyonce Kelly Kamala Harris Sing A New Song Remix,CasaDi,False
7431626028491148590,democrats,https://www.tiktok.com/@democrats/video/7431626028491148590,TikTok video #7431626028491148590,,20241030,18,127700,13800,78,205,,som original,𝙜𝙧𝙯𝙞𝙣𝙣❗️,False
7431613779684707627,democrats,https://www.tiktok.com/@democrats/video/7431613779684707627,TikTok video #7431613779684707627,,20241030,26,533500,60800,316,170,,wide awake 2,aboutourfeelingss🪐,False
7431603566189661486,democrats,https://www.tiktok.com/@democrats/video/7431603566189661486,TikTok video #7431603566189661486,,20241030,9,29300,1902,33,8,,original sound,Valentina’s Voyage,False
7431367914881584426,democrats,https://www.tiktok.com/@democrats/video/7431367914881584426,💙💙💙,💙💙💙,20241030,8,1200000,59800,431,877,,you are all so pretty,🎧,False
7431367637097008426,democrats,https://www.tiktok.com/@democrats/video/7431367637097008426,let’s do this! ,let’s do this! ,20241030,59,20500,1034,13,22,,original sound,Democrats,False
7431357417344093470,democrats,https://www.tiktok.com/@democrats/video/7431357417344093470,🇺🇸🇺🇸,🇺🇸🇺🇸,20241030,46,22900,1800,26,33,,original sound,Democrats,False
7431356545817922858,democrats,https://www.tiktok.com/@democrats/video/7431356545817922858,💔,💔,20241030,35,48300,3445,48,136,,original sound,Democrats,False
7431354943606410527,democrats,https://www.tiktok.com/@democrats/video/7431354943606410527,This is incredible!,This is incredible!,20241030,11,755100,30500,491,1356,,original sound,Democrats,False
7431351869374680366,democrats,https://www.tiktok.com/@democrats/video/7431351869374680366,one week to go! ,one week to go! ,20241030,26,62900,13200,278,345,,feel like we used to,Zimmer90,False
7431349403912424750,democrats,https://www.tiktok.com/@democrats/video/7431349403912424750,this is America 💙,this is America 💙,20241029,6,26300,2763,28,22,,Another day another slay,Feeli'n silly and goofy😻,False
7431297418408316203,democrats,https://www.tiktok.com/@democrats/video/7431297418408316203,get in my belly!!,get in my belly!!,20241029,10,18100,706,18,35,,Get Your Big Back Up Remix House of Evo Tia Kemp,CasaDi,False
7431283348481248555,democrats,https://www.tiktok.com/@democrats/video/7431283348481248555,talk about SPOOKY 👻,talk about SPOOKY 👻,20241029,6,18700,611,11,5,,original sound,missmaryweather,False
7431279850905750815,democrats,https://www.tiktok.com/@democrats/video/7431279850905750815,"No, Trump’s rally was not a “love fest”","No, Trump’s rally was not a “love fest”",20241029,32,75600,1918,195,444,,original sound,Democrats,False
7431256276740427050,democrats,https://www.tiktok.com/@democrats/video/7431256276740427050,let’s do this!,let’s do this!,20241029,16,2000000,416800,3037,14500,,som original,￴ ￴￴ ￴￴ ￴￴ ￴￴ ￴ ￴,False
7431243319990045995,democrats,https://www.tiktok.com/@democrats/video/7431243319990045995,🥰,🥰,20241029,9,429000,28000,2862,1223,,original sound,user34039301376,False
7431234337389006123,democrats,https://www.tiktok.com/@democrats/video/7431234337389006123,TikTok video #7431234337389006123,,20241029,41,72600,19000,12,196,,original sound - shiran <3,s,False
7431012453753900318,democrats,https://www.tiktok.com/@democrats/video/7431012453753900318,President Obama is spot on ,President Obama is spot on ,20241029,35,2800000,296500,2005,22200,,original sound,Democrats,False
7431012380848573739,democrats,https://www.tiktok.com/@democrats/video/7431012380848573739,legend 😍,legend 😍,20241029,9,80900,7609,38,47,,supervillain l slowed l d3adtr4ck vers,𝕯𝖊𝖆𝖉 𝕿𝖗𝖆𝖈𝖐 🎼,False
7430996022551268650,democrats,https://www.tiktok.com/@democrats/video/7430996022551268650,dynamic duo 🔥,dynamic duo 🔥,20241029,6,46600,3255,51,29,,Gameday (Radio Edit),Mardyny,False
7430981527795682603,democrats,https://www.tiktok.com/@democrats/video/7430981527795682603,this ^^,this ^^,20241029,23,63100,6207,110,117,,original sound,Democrats,False
7430975372977655082,democrats,https://www.tiktok.com/@democrats/video/7430975372977655082,🙌,🙌,20241028,39,93300,7175,136,132,,original sound,Democrats,False
7430947482751798571,democrats,https://www.tiktok.com/@democrats/video/7430947482751798571,is this what he calls the weave? 🤣,is this what he calls the weave? 🤣,20241028,12,85600,2886,98,265,,original sound,Democrats,False
7430940595750784299,democrats,https://www.tiktok.com/@democrats/video/7430940595750784299,🫡,🫡,20241028,12,27600,3377,33,36,,original sound,mariana falsone,False
7430936158382738718,democrats,https://www.tiktok.com/@democrats/video/7430936158382738718,This is great! ,This is great! ,20241028,60,121300,7381,18,630,,original sound,Democrats,False
7430902005553532202,democrats,https://www.tiktok.com/@democrats/video/7430902005553532202,this wasn’t on our 2024 bingo card,this wasn’t on our 2024 bingo card,20241028,30,178100,17000,48,1704,,original sound,Democrats,False
7430882993583050026,democrats,https://www.tiktok.com/@democrats/video/7430882993583050026,TikTok video #7430882993583050026,,20241028,25,541900,124900,626,1410,,original sound,msjacksonn89,False
7430876036960668970,democrats,https://www.tiktok.com/@democrats/video/7430876036960668970,did he want an invite? 🤭,did he want an invite? 🤭,20241028,10,374700,23900,196,580,,Immarkeyz,Bizzy Balboa,False
7430868667623165230,democrats,https://www.tiktok.com/@democrats/video/7430868667623165230,😍,😍,20241028,8,3800000,943600,2003,74100,,original sound,mywatchhistory,False
7430856880144059691,democrats,https://www.tiktok.com/@democrats/video/7430856880144059691,contrast is clear,contrast is clear,20241028,16,2100000,307000,465,2727,,"september on crack ft. a recorder (Earth, Wind & Fire - September)",frickin weeb,False
7430584326821006622,democrats,https://www.tiktok.com/@democrats/video/7430584326821006622,??????,??????,20241027,15,449300,34700,638,6504,,original sound,Democrats,False
7430561877572308270,democrats,https://www.tiktok.com/@democrats/video/7430561877572308270,🫢,🫢,20241027,5,36300,1473,25,46,,nhạc nền - 🐇莱韦雷特🌷,🐇莱韦雷特🌷,False
7430556207368162602,democrats,https://www.tiktok.com/@democrats/video/7430556207368162602,😎,😎,20241027,12,224600,57400,204,4481,,оригинальный звук,🎶Nostalgie Hits🎶,False
7430537541125803294,democrats,https://www.tiktok.com/@democrats/video/7430537541125803294,This is fantastic ,This is fantastic ,20241027,29,207900,27200,106,2472,,original sound,Democrats,False
7430241606453841198,democrats,https://www.tiktok.com/@democrats/video/7430241606453841198,🔥🔥🔥,🔥🔥🔥,20241027,81,29700,2889,47,174,,original sound,Democrats,False
7430212815169867050,democrats,https://www.tiktok.com/@democrats/video/7430212815169867050,these two 🫶,these two 🫶,20241026,11,138100,6345,291,182,,original sound,Democrats,False
7430203829196557614,democrats,https://www.tiktok.com/@democrats/video/7430203829196557614,she understands 💙,she understands 💙,20241026,32,25500,1414,35,70,,original sound,Democrats,False
7430200754163436842,democrats,https://www.tiktok.com/@democrats/video/7430200754163436842,an icon ,an icon ,20241026,16,119000,8327,137,121,,original sound,Democrats,False
7430161227545922859,democrats,https://www.tiktok.com/@democrats/video/7430161227545922859,TikTok video #7430161227545922859,,20241026,9,1300000,162300,1417,17300,,use this sound if your cool,Benny Keut,False
7430095466882174250,democrats,https://www.tiktok.com/@democrats/video/7430095466882174250,TikTok video #7430095466882174250,,20241026,9,174100,25900,133,365,,original sound,annalena,False
7429925248541379886,democrats,https://www.tiktok.com/@democrats/video/7429925248541379886,Kamala 🫶 Gen Z,Kamala 🫶 Gen Z,20241026,51,478600,48400,549,1328,,original sound,Democrats,False
7429924732704804138,democrats,https://www.tiktok.com/@democrats/video/7429924732704804138,TikTok video #7429924732704804138,,20241026,14,54100,6945,129,122,,original sound,"Kate, Loren",False
7429923056992406830,democrats,https://www.tiktok.com/@democrats/video/7429923056992406830,BIG ENERGY 🐝 ,BIG ENERGY 🐝 ,20241026,12,250000,39400,114,215,,original sound,Furkan,False
7429920616041434411,democrats,https://www.tiktok.com/@democrats/video/7429920616041434411,Beyoncé 👏,Beyoncé 👏,20241026,271,67500,4484,86,239,,original sound,Democrats,False
7429914530995506462,democrats,https://www.tiktok.com/@democrats/video/7429914530995506462,Let’s win this!,Let’s win this!,20241026,77,466400,34400,282,905,,original sound,Democrats,False
7429908186708167967,democrats,https://www.tiktok.com/@democrats/video/7429908186708167967,👑🐝,👑🐝,20241026,31,2300000,112600,1490,4061,,original sound,Democrats,False
7429881811242601759,democrats,https://www.tiktok.com/@democrats/video/7429881811242601759,We’re not going back!,We’re not going back!,20241026,23,31900,2620,69,89,,original sound,Democrats,False
7429780567308209450,democrats,https://www.tiktok.com/@democrats/video/7429780567308209450,make sure you vote! ,make sure you vote! ,20241025,15,37600,4083,93,63,,original sound,abby (go to him) ◡̈,False
7429773762326760746,democrats,https://www.tiktok.com/@democrats/video/7429773762326760746,TikTok video #7429773762326760746,,20241025,59,95000,5392,246,51,,original sound,backcue,False
7429762066195418410,democrats,https://www.tiktok.com/@democrats/video/7429762066195418410,take a guess 🤭,take a guess 🤭,20241025,40,25800,1503,13,56,,original sound,Music Collectors.net,False
7429749884934327598,democrats,https://www.tiktok.com/@democrats/video/7429749884934327598,TikTok video #7429749884934327598,,20241025,15,263900,55400,277,427,,this blew up jeezz,hope,False
7429719160210427167,democrats,https://www.tiktok.com/@democrats/video/7429719160210427167,He said what he said!,He said what he said!,20241025,36,45300,1793,39,58,,original sound,Democrats,False
7429707840618515758,democrats,https://www.tiktok.com/@democrats/video/7429707840618515758,TikTok video #7429707840618515758,,20241025,9,152900,13800,107,192,,night changes,ella🤠,False
7429498299939376426,democrats,https://www.tiktok.com/@democrats/video/7429498299939376426,iconic 😎,iconic 😎,20241025,23,10600000,637100,7877,14000,,AKON'S BEAUTIFUL DAY,Akon,False
7429495565483871518,democrats,https://www.tiktok.com/@democrats/video/7429495565483871518,Just listen to Trump’s former Chief of Staff! ,Just listen to Trump’s former Chief of Staff! ,20241024,53,72200,4234,62,106,,original sound,Democrats,False
7429491526604033323,democrats,https://www.tiktok.com/@democrats/video/7429491526604033323,let’s goooo Bruce! ,let’s goooo Bruce! ,20241024,27,31800,3375,72,83,,original sound,Democrats,False
7429458688567414062,democrats,https://www.tiktok.com/@democrats/video/7429458688567414062,This ^^,This ^^,20241024,9,1300000,268900,2703,32900,,original sound,lau,False
7429421349807967530,democrats,https://www.tiktok.com/@democrats/video/7429421349807967530,he’ll get there one day!,he’ll get there one day!,20241024,20,843900,95600,53,3466,,original sound,_yanciii_,False
7429414944535366955,democrats,https://www.tiktok.com/@democrats/video/7429414944535366955,TikTok video #7429414944535366955,,20241024,9,32200,3842,58,42,,original sound,thexfactor,False
7429387266402880811,democrats,https://www.tiktok.com/@democrats/video/7429387266402880811,🥹,🥹,20241024,21,5000000,1400000,7819,33300,,sonido original,annie,False
7429371675705216302,democrats,https://www.tiktok.com/@democrats/video/7429371675705216302,no thanks ,no thanks ,20241024,5,66100,8773,36,2648,,оригинальный звук,oLGA-DROBOTWA,False
7429358637547539754,democrats,https://www.tiktok.com/@democrats/video/7429358637547539754,who is this DIVA 💙,who is this DIVA 💙,20241024,21,355000,52200,236,1115,,original sound,user21910060917,False
7429161725829598506,democrats,https://www.tiktok.com/@democrats/video/7429161725829598506,💙,💙,20241024,17,73500,1474,43,44,,original sound,Democrats,False
7429161139222711594,democrats,https://www.tiktok.com/@democrats/video/7429161139222711594,We need to restore Roe v. wade,We need to restore Roe v. wade,20241024,30,24000,1186,19,18,,original sound,Democrats,False
7429159899780697375,democrats,https://www.tiktok.com/@democrats/video/7429159899780697375,We need to end corporate price gouging!,We need to end corporate price gouging!,20241024,65,456800,8604,405,261,,original sound,Democrats,False
7429152147473747243,democrats,https://www.tiktok.com/@democrats/video/7429152147473747243,There is a reason they aren’t backing him,There is a reason they aren’t backing him,20241024,20,27000,1174,24,20,,original sound,Democrats,False
7429108641673841950,democrats,https://www.tiktok.com/@democrats/video/7429108641673841950,🫡,🫡,20241023,9,59800,4798,125,104,,original sound,Democrats,False
7429094212853042478,democrats,https://www.tiktok.com/@democrats/video/7429094212853042478,may the odds be ever in our favor,may the odds be ever in our favor,20241023,10,435700,79700,103,6332,,original sound,Chynna Bryant,False
7429077916065107246,democrats,https://www.tiktok.com/@democrats/video/7429077916065107246,makes sense,makes sense,20241023,9,840500,102200,1156,1859,,original sound,william springfield,False
7429064449442450734,democrats,https://www.tiktok.com/@democrats/video/7429064449442450734,😳,😳,20241023,12,81300,8467,82,540,,original sound - °•celes♡🌴,- 🖇️𖥻 [ Lianna ],False
7429048813987417386,democrats,https://www.tiktok.com/@democrats/video/7429048813987417386,TikTok video #7429048813987417386,,20241023,56,19300,1936,37,20,,Originalton,SpotTV,False
7429037404176043307,democrats,https://www.tiktok.com/@democrats/video/7429037404176043307,Trump is dangerous and unfit for office,Trump is dangerous and unfit for office,20241023,60,31800,1580,69,103,,original sound,Democrats,False
7429035038991338795,democrats,https://www.tiktok.com/@democrats/video/7429035038991338795,We cannot let this happen,We cannot let this happen,20241023,36,34200,2291,59,97,,original sound,Democrats,False
7429026476437065003,democrats,https://www.tiktok.com/@democrats/video/7429026476437065003,"Oh, that’s not…","Oh, that’s not…",20241023,5,17700,1242,23,51,,original sound,FN,False
7429015159764487467,democrats,https://www.tiktok.com/@democrats/video/7429015159764487467,🎃😱,🎃😱,20241023,10,33200,3797,26,123,,původní zvuk,tereza.debnarova,False
7429005241716051242,democrats,https://www.tiktok.com/@democrats/video/7429005241716051242,TikTok video #7429005241716051242,,20241023,30,31800,6174,20,56,,original sound,.,False
7428772434737646891,democrats,https://www.tiktok.com/@democrats/video/7428772434737646891,Eminem 🤝 Kamala,Eminem 🤝 Kamala,20241023,20,11200000,1200000,11100,49200,,original sound,Democrats,False
7428706815946411310,democrats,https://www.tiktok.com/@democrats/video/7428706815946411310,no wonder the economy felt good 🤣,no wonder the economy felt good 🤣,20241022,18,57000,3147,36,388,,original sound,Democrats,False
7428700544002215211,democrats,https://www.tiktok.com/@democrats/video/7428700544002215211,🔥🔥🔥,🔥🔥🔥,20241022,9,59600,4453,83,338,,thump (shock sound)(1396920),DJ HYOGI,False
7428697162957016362,democrats,https://www.tiktok.com/@democrats/video/7428697162957016362,Is he wrong though? 😏,Is he wrong though? 😏,20241022,23,25800,1473,38,78,,original sound,Democrats,False
7428682437783211310,democrats,https://www.tiktok.com/@democrats/video/7428682437783211310,get out there and VOTE!,get out there and VOTE!,20241022,8,40700,3411,223,40,,SIMP SCREAM,(∵✷‿✷∵),False
7428679590488362282,democrats,https://www.tiktok.com/@democrats/video/7428679590488362282,TikTok video #7428679590488362282,,20241022,24,46800,6249,127,181,,sonido original,CeT Music,False
7428660599359311146,democrats,https://www.tiktok.com/@democrats/video/7428660599359311146,Trump does not have the stamina to be president ,Trump does not have the stamina to be president ,20241022,17,76500,5097,177,328,,original sound,Democrats,False
7428644780130700587,democrats,https://www.tiktok.com/@democrats/video/7428644780130700587,spoiler alert: it’s not looking good!!,spoiler alert: it’s not looking good!!,20241022,6,46800,2654,52,60,,original sound - ⋆𝓣 𝓑 𝓣 𝓥 𝓘 𝓝 𝓔 𝓢 ⋆,user13453368881,False
7428409075504827691,democrats,https://www.tiktok.com/@democrats/video/7428409075504827691,good point,good point,20241022,14,20200,1459,16,26,,original sound,Democrats,False
7428344433499721003,democrats,https://www.tiktok.com/@democrats/video/7428344433499721003,TikTok video #7428344433499721003,,20241021,79,424300,39000,130,799,,Wheel of Fortune theme evolution,Christian Dixie,False
7428340913774152991,democrats,https://www.tiktok.com/@democrats/video/7428340913774152991,TikTok video #7428340913774152991,,20241021,30,739200,51600,1031,1244,,supervillain l slowed l d3adtr4ck vers,𝕯𝖊𝖆𝖉 𝕿𝖗𝖆𝖈𝖐 🎼,False
7428319796946537774,democrats,https://www.tiktok.com/@democrats/video/7428319796946537774,TikTok video #7428319796946537774,,20241021,18,442100,129200,440,6217,,son original,oi.ha.na,False
7428311861851884842,democrats,https://www.tiktok.com/@democrats/video/7428311861851884842,Coach Walz 🙌,Coach Walz 🙌,20241021,16,23900,2168,33,34,,original sound,Democrats,False
7428294820369845550,democrats,https://www.tiktok.com/@democrats/video/7428294820369845550,💙🐐,💙🐐,20241021,52,2300000,489100,1564,18900,,original sound,Democrats,False
7428277579339140395,democrats,https://www.tiktok.com/@democrats/video/7428277579339140395,just meet me to vote for Kamala 🕺,just meet me to vote for Kamala 🕺,20241021,14,660700,135100,478,7111,,original sound,aly 📧,False
7427943595694427438,democrats,https://www.tiktok.com/@democrats/video/7427943595694427438,It’s about damn time!,It’s about damn time!,20241020,21,58100,6439,68,78,,about damn time x promiscuous,Adamusic,False
7427842531871837483,democrats,https://www.tiktok.com/@democrats/video/7427842531871837483,Happy birthday Madam VP 🎂,Happy birthday Madam VP 🎂,20241020,11,103400,16100,417,401,,original sound,Notfromco,False
7427657832381631774,democrats,https://www.tiktok.com/@democrats/video/7427657832381631774,"If Jimmy Carter can, you can!","If Jimmy Carter can, you can!",20241020,20,39200,3395,46,44,,original sound,Democrats,False
7427582664426786090,democrats,https://www.tiktok.com/@democrats/video/7427582664426786090,🥹,🥹,20241019,15,214600,28900,150,720,,afilmbykirk,ꫂ ၴႅၴ,False
7427541774551354666,democrats,https://www.tiktok.com/@democrats/video/7427541774551354666,These are not the same?!,These are not the same?!,20241019,5,1400000,179400,292,2407,,original sound,★,False
7427517292331814186,democrats,https://www.tiktok.com/@democrats/video/7427517292331814186,😳,😳,20241019,12,63400,2366,41,425,,original sound,Democrats,False
7427494129774497070,democrats,https://www.tiktok.com/@democrats/video/7427494129774497070,someone’s sleepy,someone’s sleepy,20241019,21,37700,4376,59,139,,original sound,🤍,False
7427277948903886123,democrats,https://www.tiktok.com/@democrats/video/7427277948903886123,we know real strength 💙,we know real strength 💙,20241019,32,38800,2391,56,76,,original sound,Democrats,False
7427267008015699243,democrats,https://www.tiktok.com/@democrats/video/7427267008015699243,🐐,🐐,20241018,7,655400,22200,295,361,,AKON'S BEAUTIFUL DAY,Akon,False
7427249602404928811,democrats,https://www.tiktok.com/@democrats/video/7427249602404928811,dream team 🤩,dream team 🤩,20241018,20,886400,148800,1608,3134,,original sound,Democrats,False
7427223323907493166,democrats,https://www.tiktok.com/@democrats/video/7427223323907493166,Maybe he should reconsider 🤔,Maybe he should reconsider 🤔,20241018,31,29800,2248,56,53,,original sound,Democrats,False
7427212290925006122,democrats,https://www.tiktok.com/@democrats/video/7427212290925006122,Trump is unstable and unfit ,Trump is unstable and unfit ,20241018,26,20100,995,33,58,,original sound,Democrats,False
7427188765082258734,democrats,https://www.tiktok.com/@democrats/video/7427188765082258734,We can’t believe this ,We can’t believe this ,20241018,32,22100,937,25,56,,original sound,Democrats,False
7427156865017990443,democrats,https://www.tiktok.com/@democrats/video/7427156865017990443,🤣🤣🤣,🤣🤣🤣,20241018,28,18900,1083,33,58,,original sound - Hermzjohn-L Creator,Hermsjohn-L,False
7427151217324789035,democrats,https://www.tiktok.com/@democrats/video/7427151217324789035,TikTok video #7427151217324789035,,20241018,13,335200,46300,1309,1980,,original sound,Tempest,False
7426875882809134379,democrats,https://www.tiktok.com/@democrats/video/7426875882809134379,🤭,🤭,20241017,22,1600000,128800,1139,14100,,original sound,Democrats,False
7426870053443849514,democrats,https://www.tiktok.com/@democrats/video/7426870053443849514,💙💙💙,💙💙💙,20241017,29,214300,23800,259,880,,original sound,Democrats,False
7426859917568396590,democrats,https://www.tiktok.com/@democrats/video/7426859917568396590,We can’t let this happen,We can’t let this happen,20241017,30,27100,2180,58,34,,original sound,Democrats,False
7426829046127938862,democrats,https://www.tiktok.com/@democrats/video/7426829046127938862,Hmmm 🤔,Hmmm 🤔,20241017,12,22300,1298,12,23,,original sound,massacremedia,False
7426810690180140334,democrats,https://www.tiktok.com/@democrats/video/7426810690180140334,TikTok video #7426810690180140334,,20241017,6,29900,1501,102,56,,original sound,fay,False
7426791587918646570,democrats,https://www.tiktok.com/@democrats/video/7426791587918646570,TikTok video #7426791587918646570,,20241017,21,53900,6169,143,42,,original sound - easymoneyy,godzy,False
7426774742339734826,democrats,https://www.tiktok.com/@democrats/video/7426774742339734826,TikTok video #7426774742339734826,,20241017,21,30900,2772,86,29,,original sound - easymoneyy,godzy,False
7426484952331603230,democrats,https://www.tiktok.com/@democrats/video/7426484952331603230,Well said from VP Harris here,Well said from VP Harris here,20241016,43,32300,2230,76,40,,original sound,Democrats,False
7426477431676079390,democrats,https://www.tiktok.com/@democrats/video/7426477431676079390,TikTok video #7426477431676079390,,20241016,31,6700000,1200000,3489,39300,,TakeHer2TheMoon4Me,H Y O U K Λ,False
7426457287025380650,democrats,https://www.tiktok.com/@democrats/video/7426457287025380650,We see you 💙,We see you 💙,20241016,20,48300,3868,69,73,,original sound,Democrats,False
7426446659002895658,democrats,https://www.tiktok.com/@democrats/video/7426446659002895658,Our next VP 🫶,Our next VP 🫶,20241016,13,362500,12900,369,140,,original sound,Democrats,False
7426434168030121258,democrats,https://www.tiktok.com/@democrats/video/7426434168030121258,TikTok video #7426434168030121258,,20241016,30,526600,33400,1652,303,,lost cause,wren,False
7426425110036434222,democrats,https://www.tiktok.com/@democrats/video/7426425110036434222,🙄🙄🙄,🙄🙄🙄,20241016,36,24100,1494,23,26,,original sound,Democrats,False
7426415847444352299,democrats,https://www.tiktok.com/@democrats/video/7426415847444352299,She said what she said!,She said what she said!,20241016,31,25600,2277,67,38,,original sound,Democrats,False
7426412121329683758,democrats,https://www.tiktok.com/@democrats/video/7426412121329683758,Ted Cruz needs to be defeated!,Ted Cruz needs to be defeated!,20241016,89,22300,1014,19,75,,original sound,Democrats,False
7426403405813321003,democrats,https://www.tiktok.com/@democrats/video/7426403405813321003,Did he really just say that??,Did he really just say that??,20241016,15,31500000,4700000,22600,518500,,sonido original,emilia's wife,False
7426123536881978670,democrats,https://www.tiktok.com/@democrats/video/7426123536881978670,We are not going back. ,We are not going back. ,20241015,10,124600,11100,845,271,,original sound,Democrats,False
7426099036895071519,democrats,https://www.tiktok.com/@democrats/video/7426099036895071519,What is the Trump campaign hiding? ,What is the Trump campaign hiding? ,20241015,34,20500,1526,34,42,,"Spooky, quiet, scary atmosphere piano songs",Skittlegirl Sound,False
7426089590714322219,democrats,https://www.tiktok.com/@democrats/video/7426089590714322219,Make a plan to vote 😎,Make a plan to vote 😎,20241015,13,1300000,97600,2277,2881,,Kamala Kamala Did You Vote Are You Gonna Vote For,CasaDi,False
7426052130139589919,democrats,https://www.tiktok.com/@democrats/video/7426052130139589919,TikTok video #7426052130139589919,,20241015,22,918300,247900,241,2163,,Anti dump trump,user47720350115,False
7426045625101192479,democrats,https://www.tiktok.com/@democrats/video/7426045625101192479,Early voting is open in Georgia now through November 1st! You will ne...,Early voting is open in Georgia now through November 1st! You will need your photo ID to vote. Make your plan to vote! 💙,20241015,22,115600,16500,508,356,,original sound,Democrats,False
7426019058526473503,democrats,https://www.tiktok.com/@democrats/video/7426019058526473503,🤔🤔🤔,🤔🤔🤔,20241015,17,287700,55400,318,2283,,original sound,Democrats,False
7425789456369716510,democrats,https://www.tiktok.com/@democrats/video/7425789456369716510,"Uh, what is he saying??","Uh, what is he saying??",20241015,22,865800,74100,1736,13200,,original sound,Democrats,False
7425773836802608415,democrats,https://www.tiktok.com/@democrats/video/7425773836802608415,This is very powerful ,This is very powerful ,20241014,48,292800,53300,354,4547,,original sound,Democrats,False
7425725144284384554,democrats,https://www.tiktok.com/@democrats/video/7425725144284384554,wait…,wait…,20241014,11,2500000,445600,3540,35200,,,,False
7425694187938434347,democrats,https://www.tiktok.com/@democrats/video/7425694187938434347,Kamala Harris: For the people 💙,Kamala Harris: For the people 💙,20241014,11,15100,1668,40,30,,original sound,Democrats,False
7425675924898843950,democrats,https://www.tiktok.com/@democrats/video/7425675924898843950,Hmmm 🤔,Hmmm 🤔,20241014,16,13700,1005,29,25,,original sound,,False
7425660280388046123,democrats,https://www.tiktok.com/@democrats/video/7425660280388046123,Trump will not protect women,Trump will not protect women,20241014,16,24200,2072,28,127,,original sound,Democrats,False
7425418885572087071,democrats,https://www.tiktok.com/@democrats/video/7425418885572087071,Why is Trump hiding?,Why is Trump hiding?,20241014,77,42600,5331,152,185,,original sound,Democrats,False
7425270111163927851,democrats,https://www.tiktok.com/@democrats/video/7425270111163927851,TikTok video #7425270111163927851,,20241013,10,35900,7263,163,55,,happy birthday,L,False
7424981561591745834,democrats,https://www.tiktok.com/@democrats/video/7424981561591745834,YUP 🫵 ,YUP 🫵 ,20241012,13,290600,73300,198,3977,,sonido original,DILFwLOVE,False
7424946931362762027,democrats,https://www.tiktok.com/@democrats/video/7424946931362762027,Trump is scared! ,Trump is scared! ,20241012,12,16300,934,16,33,,original sound,BravoWWHL,False
7424921054155476270,democrats,https://www.tiktok.com/@democrats/video/7424921054155476270,We’re not going back! ,We’re not going back! ,20241012,8,14900,1344,21,30,,original sound,Ellie🐱,False
7424638415863336223,democrats,https://www.tiktok.com/@democrats/video/7424638415863336223,Don’t mess with Detroit!,Don’t mess with Detroit!,20241011,59,54100,6248,85,502,,original sound,Democrats,False
7424633167597833503,democrats,https://www.tiktok.com/@democrats/video/7424633167597833503,TikTok video #7424633167597833503,,20241011,15,176400,29500,283,1425,,just wanna rock,xxtristanxo,False
7424626807292431647,democrats,https://www.tiktok.com/@democrats/video/7424626807292431647,TikTok video #7424626807292431647,,20241011,30,9000000,1500000,4699,59300,,supervillain l slowed l d3adtr4ck vers,𝕯𝖊𝖆𝖉 𝕿𝖗𝖆𝖈𝖐 🎼,False
7424597065512209710,democrats,https://www.tiktok.com/@democrats/video/7424597065512209710,Obama is the GOAT 😎,Obama is the GOAT 😎,20241011,6,34900,3308,58,50,,som original,𝑺𝒂𝒎𝒖.𝒆𝒅𝒊𝒕𝒔𝒔,False
7424580652600905006,democrats,https://www.tiktok.com/@democrats/video/7424580652600905006,We can’t let this happen,We can’t let this happen,20241011,28,13600,686,11,16,,original sound,Democrats,False
7424564350389701934,democrats,https://www.tiktok.com/@democrats/video/7424564350389701934,🤭,🤭,20241011,5,47800,6677,55,491,,original sound,Liv4tmr63,False
7424543349547437358,democrats,https://www.tiktok.com/@democrats/video/7424543349547437358,TikTok video #7424543349547437358,,20241011,13,53500,7823,158,73,,original sound,xxtristanxo,False
7424337408969149727,democrats,https://www.tiktok.com/@democrats/video/7424337408969149727,Trump is a 🐔,Trump is a 🐔,20241011,40,99900,11900,168,177,,original sound,Democrats,False
7424311811861679402,democrats,https://www.tiktok.com/@democrats/video/7424311811861679402,@Tim Walz knows how to change a tire!,@Tim Walz knows how to change a tire!,20241011,32,84100,4886,82,118,,original sound,Democrats,False
7424307589841734954,democrats,https://www.tiktok.com/@democrats/video/7424307589841734954,Kamala has ACTUAL plans!,Kamala has ACTUAL plans!,20241011,39,58500,2858,38,98,,original sound,Democrats,False
7424303522629520686,democrats,https://www.tiktok.com/@democrats/video/7424303522629520686,Trump is a fraud,Trump is a fraud,20241011,40,250200,22600,594,2691,,original sound,Democrats,False
7424300494744571179,democrats,https://www.tiktok.com/@democrats/video/7424300494744571179,Back on the trail for Kamala! ,Back on the trail for Kamala! ,20241010,15,241100,8060,138,198,,Star Spangled (Bass Boosted),SNC,False
7424248155224673582,democrats,https://www.tiktok.com/@democrats/video/7424248155224673582,💙🫡,💙🫡,20241010,20,47000,5851,44,58,,original sound - luna,luna,False
7424244394997386539,democrats,https://www.tiktok.com/@democrats/video/7424244394997386539,President Biden is holding Trump accountable for his lies,President Biden is holding Trump accountable for his lies,20241010,5,188700,1504,20,37,,original sound,Democrats,False
7424193657458281771,democrats,https://www.tiktok.com/@democrats/video/7424193657458281771,🫡,🫡,20241010,7,146700,24000,2295,524,,original sound,Democrats,False
7424171050360917290,democrats,https://www.tiktok.com/@democrats/video/7424171050360917290,TikTok video #7424171050360917290,,20241010,27,114000,8970,1324,266,,original sound,2000s pop hits,False
7423888164340665642,democrats,https://www.tiktok.com/@democrats/video/7423888164340665642,"Stay safe, everyone. ","Stay safe, everyone. ",20241009,43,11100,845,19,9,,original sound,Democrats,False
7423887678661299498,democrats,https://www.tiktok.com/@democrats/video/7423887678661299498,Price gouging is wrong - period. ,Price gouging is wrong - period. ,20241009,40,27900,2864,43,90,,original sound,Democrats,False
7423872203969645866,democrats,https://www.tiktok.com/@democrats/video/7423872203969645866,🤔🤔🤔,🤔🤔🤔,20241009,19,82200,5087,166,665,,оригинальный звук,•,False
7423861243624131883,democrats,https://www.tiktok.com/@democrats/video/7423861243624131883,You already know 💙,You already know 💙,20241009,12,34000,4399,78,69,,original sound,Rabbit ☾,False
7423848000125930798,democrats,https://www.tiktok.com/@democrats/video/7423848000125930798,This is a powerful ad,This is a powerful ad,20241009,59,74300,8977,182,745,,original sound,Democrats,False
7423829250467171626,democrats,https://www.tiktok.com/@democrats/video/7423829250467171626,TikTok video #7423829250467171626,,20241009,20,221900,47600,922,1647,,original sound,🏎️🥥 BLAZE ¹⁶ ¹⁸,False
7423825634943618347,democrats,https://www.tiktok.com/@democrats/video/7423825634943618347,"They’re laughing at you Donald, not with you!","They’re laughing at you Donald, not with you!",20241009,12,43400,2253,56,244,,original sound,Democrats,False
7423811248418082090,democrats,https://www.tiktok.com/@democrats/video/7423811248418082090,A con artist shouldn’t run this country!,A con artist shouldn’t run this country!,20241009,28,21900,2865,64,193,,original sound,Democrats,False
7423798823912230187,democrats,https://www.tiktok.com/@democrats/video/7423798823912230187,‼️‼️,‼️‼️,20241009,10,55200,1791,24,163,,original sound,unspokentrueness,False
7423535256260594986,democrats,https://www.tiktok.com/@democrats/video/7423535256260594986,This ^^,This ^^,20241008,24,11200,1076,30,26,,original sound,Democrats,False
7423471020230675755,democrats,https://www.tiktok.com/@democrats/video/7423471020230675755,Have a plan to vote 💙,Have a plan to vote 💙,20241008,17,17100,1379,12,14,,original sound,Democrats,False
7423439237497769262,democrats,https://www.tiktok.com/@democrats/video/7423439237497769262,No Democrats voted against it,No Democrats voted against it,20241008,9,580700,86000,457,1119,,origineel geluid,☆,False
7423421255757434158,democrats,https://www.tiktok.com/@democrats/video/7423421255757434158,This is very powerful. ,This is very powerful. ,20241008,60,4800000,938200,2552,68500,,original sound,Democrats,False
7423160925018017067,democrats,https://www.tiktok.com/@democrats/video/7423160925018017067,iwillvote.com baybee!,iwillvote.com baybee!,20241007,15,7553,342,8,14,,original sound,Democrats,False
7422721690720914731,democrats,https://www.tiktok.com/@democrats/video/7422721690720914731,Time is ticking!,Time is ticking!,20241006,13,7963,322,8,13,,second nature,"Patrick Hizon, Chevy",False
7422693723781238062,democrats,https://www.tiktok.com/@democrats/video/7422693723781238062,she’s all in 👑 ,she’s all in 👑 ,20241006,20,103300,15300,193,307,,original sound,oscar_broken 🌑🌪️🩸,False
7422330495276469535,democrats,https://www.tiktok.com/@democrats/video/7422330495276469535,JD Vance being JD Vance,JD Vance being JD Vance,20241005,28,85200,8429,36,328,,original sound,Democrats,False
7421995967190453550,democrats,https://www.tiktok.com/@democrats/video/7421995967190453550,Liz 🤝 Kamala ,Liz 🤝 Kamala ,20241004,8,29900,3140,36,52,,original sound,fran,False
7421974372220685614,democrats,https://www.tiktok.com/@democrats/video/7421974372220685614,TikTok video #7421974372220685614,,20241004,34,15900,1233,25,36,,original sound,Disney Channel,False
7421963346011835690,democrats,https://www.tiktok.com/@democrats/video/7421963346011835690,Hear us out…,Hear us out…,20241004,12,65800,9313,63,447,,оригинальный звук,engsongg,False
7421618456442850603,democrats,https://www.tiktok.com/@democrats/video/7421618456442850603,"btw, JD Vance has said he wants a national abortion ban! ","btw, JD Vance has said he wants a national abortion ban! ",20241003,11,121500,12600,225,304,,suara asli - 🇪 🇻 🇻 🇦 🇳 🕊,~Edward-^~^,False
7421596359364480298,democrats,https://www.tiktok.com/@democrats/video/7421596359364480298,☺️☺️☺️,☺️☺️☺️,20241003,7,17000,1545,18,26,,original sound,Kate Petrik,False
7421327474421714206,democrats,https://www.tiktok.com/@democrats/video/7421327474421714206,That’s our VP ❤️,That’s our VP ❤️,20241002,10,201300,21600,1325,850,,original sound,Democrats,False
7421318710876671278,democrats,https://www.tiktok.com/@democrats/video/7421318710876671278,"Coincidentally, project 2025 is also 900 pages 🤔","Coincidentally, project 2025 is also 900 pages 🤔",20241002,20,156700,31600,142,5391,,original sound,Democrats,False
7421297405057862942,democrats,https://www.tiktok.com/@democrats/video/7421297405057862942,"VP Harris visiting impacted hurricane zone in Augusta, Georgia today.","VP Harris visiting impacted hurricane zone in Augusta, Georgia today.",20241002,42,48600,4930,128,140,,original sound,Democrats,False
7421296680730987818,democrats,https://www.tiktok.com/@democrats/video/7421296680730987818,🫶,🫶,20241002,11,46800,3453,90,62,,original sound,CONTENT CREATION TIPS,False
7421268636351925547,democrats,https://www.tiktok.com/@democrats/video/7421268636351925547,🙏🙏🙏,🙏🙏🙏,20241002,6,53200,7741,80,1307,,som original,nosense,False
7421032052163661098,democrats,https://www.tiktok.com/@democrats/video/7421032052163661098,Governor Walz was on 🔥,Governor Walz was on 🔥,20241002,63,17700,1652,40,23,,original sound,Democrats,False
7421024412381629739,democrats,https://www.tiktok.com/@democrats/video/7421024412381629739,TikTok video #7421024412381629739,,20241002,15,83700,6215,298,88,,original sound,Crackingupp || 200K,False
7421010152020561198,democrats,https://www.tiktok.com/@democrats/video/7421010152020561198,They STILL won’t admit it,They STILL won’t admit it,20241002,20,17200,1438,28,27,,original sound,Democrats,False
7421001868907695402,democrats,https://www.tiktok.com/@democrats/video/7421001868907695402,These lies have to stop,These lies have to stop,20241002,29,8367,506,8,14,,original sound,Democrats,False
7421000995406122282,democrats,https://www.tiktok.com/@democrats/video/7421000995406122282,We are pro-women!,We are pro-women!,20241002,39,37300,4289,67,53,,original sound,Democrats,False
7420988910651772206,democrats,https://www.tiktok.com/@democrats/video/7420988910651772206,Donald Trump is a climate change denier ,Donald Trump is a climate change denier ,20241002,35,12200,769,14,29,,original sound,Democrats,False
7420931104737168683,democrats,https://www.tiktok.com/@democrats/video/7420931104737168683,Coach Walz is ready to take the field ‼️,Coach Walz is ready to take the field ‼️,20241001,6,12600,978,36,47,,Originalton,Adeyum,False
7420920779425991967,democrats,https://www.tiktok.com/@democrats/video/7420920779425991967,Drop the beat,Drop the beat,20241001,6,1000000,117800,664,9252,,Never Trump Guy JD Vance House of Evo Remix,CasaDi,False
7420905162346155294,democrats,https://www.tiktok.com/@democrats/video/7420905162346155294,TikTok video #7420905162346155294,,20241001,12,26400,2138,27,47,,original sound,kk,False
7420826320147385643,democrats,https://www.tiktok.com/@democrats/video/7420826320147385643,Jimmy Carter is a legend 🔥 ,Jimmy Carter is a legend 🔥 ,20241001,47,2500000,144600,790,5403,,original sound,Democrats,False
7420804543249796395,democrats,https://www.tiktok.com/@democrats/video/7420804543249796395,Celebrating 100 years! 🎂,Celebrating 100 years! 🎂,20241001,27,113500,10800,78,324,,original sound,Nathan Lust,False
7420552422575197482,democrats,https://www.tiktok.com/@democrats/video/7420552422575197482,vice presidential debate 🔜,vice presidential debate 🔜,20240930,15,1700000,253900,1735,6154,,som original,joana,False
7420521857109019950,democrats,https://www.tiktok.com/@democrats/video/7420521857109019950,TikTok video #7420521857109019950,,20240930,25,185300,8115,303,339,,She knows,ℒ𝒶𝓎💋,False
7420498203201621278,democrats,https://www.tiktok.com/@democrats/video/7420498203201621278,Let’s do this @Tim Walz ,Let’s do this @Tim Walz ,20240930,14,228100,41500,443,1464,,original sound,Democrats,False
7420469865523236127,democrats,https://www.tiktok.com/@democrats/video/7420469865523236127,Well said VP! ,Well said VP! ,20240930,28,3900000,590000,4183,101900,,original sound,Democrats,False
7420182550003404074,democrats,https://www.tiktok.com/@democrats/video/7420182550003404074,TikTok video #7420182550003404074,,20240929,28,41500,3759,105,90,,original sound,ESPN,False
7420090291752865066,democrats,https://www.tiktok.com/@democrats/video/7420090291752865066,Harris Country 💙,Harris Country 💙,20240929,6,51900,4825,82,47,,,,False
7419723262826925354,democrats,https://www.tiktok.com/@democrats/video/7419723262826925354,TikTok video #7419723262826925354,,20240928,29,16600,1523,34,40,,original sound,esha tewari,False
7419409410725924139,democrats,https://www.tiktok.com/@democrats/video/7419409410725924139,TikTok video #7419409410725924139,,20240927,20,40100,2695,183,102,,original sound,Bionation Media,False
7419374654076292394,democrats,https://www.tiktok.com/@democrats/video/7419374654076292394,TikTok video #7419374654076292394,,20240927,10,86500,5302,179,48,,original sound,Anna Delvey,False
7419050853945986347,democrats,https://www.tiktok.com/@democrats/video/7419050853945986347,Walz is ready for his VP moment!,Walz is ready for his VP moment!,20240926,19,120000,8673,80,89,,original sound,hunପଓ,False
7418672778213215531,democrats,https://www.tiktok.com/@democrats/video/7418672778213215531,Trump and Vance can’t keep up with Coach Walz 😤,Trump and Vance can’t keep up with Coach Walz 😤,20240925,13,916900,158700,661,3016,,original sound,ftp.edits0,False
7418642560224169259,democrats,https://www.tiktok.com/@democrats/video/7418642560224169259,Banning abortion isn’t what we’d call protecting women at a “level ne...,Banning abortion isn’t what we’d call protecting women at a “level never seen before.”,20240925,40,82000,5933,78,629,,original sound,Democrats,False
7418614670010912031,democrats,https://www.tiktok.com/@democrats/video/7418614670010912031,TikTok video #7418614670010912031,,20240925,49,88600,6823,296,179,,Trump I Have Concepts of a plan,CasaDi,False
7418274616168303914,democrats,https://www.tiktok.com/@democrats/video/7418274616168303914,TikTok video #7418274616168303914,,20240924,43,4200000,399800,4972,10500,,Define aura,ɯɐu︎ǝl,False
7417939029519289646,democrats,https://www.tiktok.com/@democrats/video/7417939029519289646,"Donald Trump, JD Vance, and Mark Robinson are all wrong for North Car...","Donald Trump, JD Vance, and Mark Robinson are all wrong for North Carolina",20240923,18,28000,1821,24,44,,original sound,Democrats,False
7417894244678896926,democrats,https://www.tiktok.com/@democrats/video/7417894244678896926,It’s pronounced COMMA-LA. Brought to you by Kamala Harris and her gra...,It’s pronounced COMMA-LA. Brought to you by Kamala Harris and her grandnieces 💙,20240923,42,1900000,110900,122,778,,original sound,Democrats,False
7417165448837385514,democrats,https://www.tiktok.com/@democrats/video/7417165448837385514,TikTok video #7417165448837385514,,20240921,5,241000,22700,378,191,,original sound,yadro.greenscreen,False
7416808284532804907,democrats,https://www.tiktok.com/@democrats/video/7416808284532804907,our favorite moments 🫶,our favorite moments 🫶,20240920,109,104100,12300,118,281,,original sound,Democrats,False
7416764065747438891,democrats,https://www.tiktok.com/@democrats/video/7416764065747438891,the freedom candidate,the freedom candidate,20240920,14,36200,2704,44,72,,,,False
7416736191099194654,democrats,https://www.tiktok.com/@democrats/video/7416736191099194654,VP had some kind words for Taylor Swift 💙,VP had some kind words for Taylor Swift 💙,20240920,26,1600000,214900,365,6548,,original sound,Democrats,False
7416555853601377578,democrats,https://www.tiktok.com/@democrats/video/7416555853601377578,President Harris has a great ring to it,President Harris has a great ring to it,20240920,9,491200,31000,1027,733,,original sound,Democrats,False
7416481519184694558,democrats,https://www.tiktok.com/@democrats/video/7416481519184694558,Kamala Harris is ready to lead on day one.,Kamala Harris is ready to lead on day one.,20240919,19,327000,32200,181,272,,original sound,hunପଓ,False
7416451881506966814,democrats,https://www.tiktok.com/@democrats/video/7416451881506966814,He’s cooked,He’s cooked,20240919,8,148800,23000,297,1411,,original sound,salma,False
7416101476730277150,democrats,https://www.tiktok.com/@democrats/video/7416101476730277150,That’s our future VP 🤩,That’s our future VP 🤩,20240918,16,74100,6859,220,153,,summervibes,annika🎧🦭⛸️,False
7416082730573778207,democrats,https://www.tiktok.com/@democrats/video/7416082730573778207,we love down ballot dems 🤩 who should we feature next?,we love down ballot dems 🤩 who should we feature next?,20240918,45,34600,3609,43,43,,original sound,Democrats,False
7415721232630320414,democrats,https://www.tiktok.com/@democrats/video/7415721232630320414,It’s National Voter Registration Day! ,It’s National Voter Registration Day! ,20240917,12,6400000,718600,2396,7892,,original sound,Democrats,False
7415694765569658155,democrats,https://www.tiktok.com/@democrats/video/7415694765569658155,TikTok video #7415694765569658155,,20240917,12,78800,6798,155,251,,heyyprada aint no way,bk6,False
7415656432839986478,democrats,https://www.tiktok.com/@democrats/video/7415656432839986478,you heard billie!,you heard billie!,20240917,14,6500000,1100000,3848,19700,,original sound,Democrats,False
7415317721778375967,democrats,https://www.tiktok.com/@democrats/video/7415317721778375967,can’t wait to hear another victory speech from Kamala 💙,can’t wait to hear another victory speech from Kamala 💙,20240916,50,48600,2405,32,44,,original sound,Democrats,False
7415271353265261855,democrats,https://www.tiktok.com/@democrats/video/7415271353265261855,"thanks, obama ","thanks, obama ",20240916,48,43200,1566,19,51,,original sound,Democrats,False
7414585972752420126,democrats,https://www.tiktok.com/@democrats/video/7414585972752420126,11 years and still doesn’t have a health care plan,11 years and still doesn’t have a health care plan,20240914,42,189800,11500,175,309,,original sound,Democrats,False
7414532833273761066,democrats,https://www.tiktok.com/@democrats/video/7414532833273761066,pure aura,pure aura,20240914,16,2700000,418200,2403,9843,,original sound - Fan Account,INORI ENTERTAINMENT,False
7414240452305620254,democrats,https://www.tiktok.com/@democrats/video/7414240452305620254,TikTok video #7414240452305620254,,20240913,41,123100,18900,151,348,,original sound,k,False
7414158957142445343,democrats,https://www.tiktok.com/@democrats/video/7414158957142445343,receipts 👏 proof 👏 timeline 👏 screenshots ,receipts 👏 proof 👏 timeline 👏 screenshots ,20240913,5,45700,1726,28,28,,original sound - Hayu,Hayu,False
7413834093034491167,democrats,https://www.tiktok.com/@democrats/video/7413834093034491167,Let him cook 👨‍🍳,Let him cook 👨‍🍳,20240912,13,49700,2721,53,88,,original sound,Chef Adam Libby,False
7413452776056917294,democrats,https://www.tiktok.com/@democrats/video/7413452776056917294,kamala harris neva plays 🔥 ,kamala harris neva plays 🔥 ,20240911,18,1900000,409600,2106,13500,,original sound,Megan Thee Stallion,False
7413225067141680415,democrats,https://www.tiktok.com/@democrats/video/7413225067141680415,Oop!,Oop!,20240911,38,389200,41600,213,1088,,original sound,Democrats,False
7413206043947240735,democrats,https://www.tiktok.com/@democrats/video/7413206043947240735,TikTok video #7413206043947240735,,20240911,23,119600,7702,154,205,,Kamala Harris Were Not Going Back Remix Mashup,CasaDi,False
7413116015686503711,democrats,https://www.tiktok.com/@democrats/video/7413116015686503711,TikTok video #7413116015686503711,,20240910,24,128600,9103,112,124,,original sound - smokinaftereat,unrestrainedz,False
7413085560748789035,democrats,https://www.tiktok.com/@democrats/video/7413085560748789035,TikTok video #7413085560748789035,,20240910,53,347200,32500,688,705,,original sound - Ꮺ : ꒰ Mei ꒱,HUEMEI,False
7413063430346722591,democrats,https://www.tiktok.com/@democrats/video/7413063430346722591,TikTok video #7413063430346722591,,20240910,12,111800,6322,78,189,,original sound,kk,False
7412792901479992606,democrats,https://www.tiktok.com/@democrats/video/7412792901479992606,TikTok video #7412792901479992606,,20240909,12,604400,55800,718,3356,,discoo,neika,False
7412724255969840415,democrats,https://www.tiktok.com/@democrats/video/7412724255969840415,Tell a friend to tell a friend! ,Tell a friend to tell a friend! ,20240909,5,68500,2125,21,91,,,,False
7412678393285578015,democrats,https://www.tiktok.com/@democrats/video/7412678393285578015,Let’s do this.,Let’s do this.,20240909,14,10200000,1600000,10800,44400,,original sound,Democrats,False
7411896947323211051,democrats,https://www.tiktok.com/@democrats/video/7411896947323211051,#stresscore,#stresscore,20240907,5,175200,15900,308,378,,original sound,Ranvision 軟趴皮,False
7411606659690138911,democrats,https://www.tiktok.com/@democrats/video/7411606659690138911,An icon💙,An icon💙,20240906,62,333100,44000,197,665,,original sound,Democrats,False
7411543194023906603,democrats,https://www.tiktok.com/@democrats/video/7411543194023906603,🎨,🎨,20240906,14,52100,2365,13,49,,оригинальный звук,PHONK MVP,False
7411269064770850090,democrats,https://www.tiktok.com/@democrats/video/7411269064770850090,which theme would you pick for Coach Walz?,which theme would you pick for Coach Walz?,20240905,28,53200,4672,73,274,,original sound,ESPN,False
7411196565844544799,democrats,https://www.tiktok.com/@democrats/video/7411196565844544799,kamala and doug 🫶,kamala and doug 🫶,20240905,15,205800,8104,77,260,,original sound,fran,False
7410899459359509791,democrats,https://www.tiktok.com/@democrats/video/7410899459359509791,We’re ready for the debate on September 10🫡,We’re ready for the debate on September 10🫡,20240904,67,101100,8437,150,155,,original sound,Democrats,False
7410447461036084510,democrats,https://www.tiktok.com/@democrats/video/7410447461036084510,passing the torch 🥹,passing the torch 🥹,20240903,26,183900,18700,312,153,,original sound,,False
7410199708272004383,democrats,https://www.tiktok.com/@democrats/video/7410199708272004383,Trump is a scab,Trump is a scab,20240902,21,67700,4577,217,72,,original sound,🎵,False
7410130530689240350,democrats,https://www.tiktok.com/@democrats/video/7410130530689240350,our super stars 🤩,our super stars 🤩,20240902,13,25200,1060,25,71,,original sound,💜🎩 Max 💜🎩,False
7410102488923131167,democrats,https://www.tiktok.com/@democrats/video/7410102488923131167,it’s time 🫡,it’s time 🫡,20240902,8,26100,1562,32,72,,original sound,Notworthit,False
7409041967083982111,democrats,https://www.tiktok.com/@democrats/video/7409041967083982111,TikTok video #7409041967083982111,,20240830,51,569400,50300,452,2862,,original sound,julia,False
7409001786079464746,democrats,https://www.tiktok.com/@democrats/video/7409001786079464746,Nothing like a Harris-Walz rally 🫶,Nothing like a Harris-Walz rally 🫶,20240830,15,29900,2630,37,23,,Fill the room and make it a home,Gelsey,False
7408963187824954654,democrats,https://www.tiktok.com/@democrats/video/7408963187824954654,two govs getting mikshakes 🤩,two govs getting mikshakes 🤩,20240830,18,77100,2821,160,72,,original sound,Democrats,False
7408671086587415851,democrats,https://www.tiktok.com/@democrats/video/7408671086587415851,Kamala Harris appreciation post,Kamala Harris appreciation post,20240829,8,53000,2239,788,79,,original sound,Karessa,False
7408637144404626718,democrats,https://www.tiktok.com/@democrats/video/7408637144404626718,she can cook ☝️,she can cook ☝️,20240829,10,211300,33600,178,740,,оригинальный звук,𝟘𝟟𝟟,False
7408586930411064618,democrats,https://www.tiktok.com/@democrats/video/7408586930411064618,This is who Donald Trump is,This is who Donald Trump is,20240829,40,1500000,175600,810,14100,,original sound,Democrats,False
7408286203201506590,democrats,https://www.tiktok.com/@democrats/video/7408286203201506590,in tan suit we trust,in tan suit we trust,20240828,13,142300,22000,78,2825,,оригинальный звук,julia,False
7408179037438250282,democrats,https://www.tiktok.com/@democrats/video/7408179037438250282,TikTok video #7408179037438250282,,20240828,10,86500,6969,94,61,,suara asli - ֶָ ⭑ࣶࣸ  cellow,celloved,False
7407905279532125471,democrats,https://www.tiktok.com/@democrats/video/7407905279532125471,dark brandon means business,dark brandon means business,20240827,13,933900,127700,541,30900,,original sound,groak69,False
7407868694937832747,democrats,https://www.tiktok.com/@democrats/video/7407868694937832747,Throwback ,Throwback ,20240827,44,36600,2061,35,46,,original sound,Democrats,False
7407816850274405675,democrats,https://www.tiktok.com/@democrats/video/7407816850274405675,Vice President Kamala Harris never misses ,Vice President Kamala Harris never misses ,20240827,77,3900000,439800,1017,6661,,original sound,Democrats,False
7407578526649552159,democrats,https://www.tiktok.com/@democrats/video/7407578526649552159,🐬 ,🐬 ,20240826,12,499700,117900,597,9244,,original sound,anastazija,False
7407463793166454046,democrats,https://www.tiktok.com/@democrats/video/7407463793166454046,🫠,🫠,20240826,14,92800,12400,70,769,,original sound,ameliadimz,False
7406414103243279646,democrats,https://www.tiktok.com/@democrats/video/7406414103243279646,"thank you, Chicago","thank you, Chicago",20240823,13,22200,1246,25,46,,chicago chicago chicago explorechicago,Explore Chicago,False
7406375304685456671,democrats,https://www.tiktok.com/@democrats/video/7406375304685456671,TikTok video #7406375304685456671,,20240823,9,353800,85400,227,1344,,original sound,"Katie, Nitro",False
7406356460373953823,democrats,https://www.tiktok.com/@democrats/video/7406356460373953823,Charcoal Pit milkshakes 🥤💙,Charcoal Pit milkshakes 🥤💙,20240823,31,286700,12500,140,445,,original sound,Democrats,False
7406331649467714859,democrats,https://www.tiktok.com/@democrats/video/7406331649467714859,🛋️,🛋️,20240823,23,41900,3434,50,148,,original sound,Democrats,False
7406190432880725278,democrats,https://www.tiktok.com/@democrats/video/7406190432880725278,havent left our seats,havent left our seats,20240823,8,26400,2678,35,64,,original sound,cassie,False
7406184221141781791,democrats,https://www.tiktok.com/@democrats/video/7406184221141781791,we are united behind Kamala Harris 🇺🇸,we are united behind Kamala Harris 🇺🇸,20240823,52,37600,3144,71,79,,original sound,Democrats,False
7406152040633634079,democrats,https://www.tiktok.com/@democrats/video/7406152040633634079,The🐐supporting our MVP💙,The🐐supporting our MVP💙,20240823,67,68000,8197,91,455,,original sound,Democrats,False
7406094706955783454,democrats,https://www.tiktok.com/@democrats/video/7406094706955783454,It’s tiiiiimeeeeee,It’s tiiiiimeeeeee,20240822,6,64600,5835,119,66,,original sound,Democrats,False
7406072659852741919,democrats,https://www.tiktok.com/@democrats/video/7406072659852741919,Cooking with Kamala! ,Cooking with Kamala! ,20240822,34,30900,2609,21,59,,original sound,Democrats,False
7406055642676464939,democrats,https://www.tiktok.com/@democrats/video/7406055642676464939,We asked 2024 Democratic National Convention attendees about THAT ‘96...,We asked 2024 Democratic National Convention attendees about THAT ‘96 Macarena video.,20240822,51,111700,15700,37,241,,original sound,Democrats,False
7405971698794630443,democrats,https://www.tiktok.com/@democrats/video/7405971698794630443,Democrats have taste 🤌,Democrats have taste 🤌,20240822,22,24100,1679,17,68,,espresso sabrina,celebs media,False
7405784871940934955,democrats,https://www.tiktok.com/@democrats/video/7405784871940934955,Rep. Hakeem Jeffries is right! 🙌,Rep. Hakeem Jeffries is right! 🙌,20240822,31,21600,1841,29,71,,original sound,Democrats,False
7405688663495036191,democrats,https://www.tiktok.com/@democrats/video/7405688663495036191,@Lil Jon 🤝 Senator Warnock,@Lil Jon 🤝 Senator Warnock,20240821,6,59400,4800,44,75,,original sound - MeidasTouch,MeidasTouch,False
7405661989680188702,democrats,https://www.tiktok.com/@democrats/video/7405661989680188702,presidential aura ,presidential aura ,20240821,6,532500,72200,189,752,,sonido original,futt.ediitx,False
7405648291393850666,democrats,https://www.tiktok.com/@democrats/video/7405648291393850666,🫶,🫶,20240821,63,352700,58900,161,811,,original sound,jacquelinethoma,False
7405441612622400814,democrats,https://www.tiktok.com/@democrats/video/7405441612622400814,Tell ‘em Michelle 😮‍💨,Tell ‘em Michelle 😮‍💨,20240821,16,4600000,838000,2557,55000,,original sound,Democrats,False
7405387369530133791,democrats,https://www.tiktok.com/@democrats/video/7405387369530133791,turn down for what‼️,turn down for what‼️,20240821,68,59000,7551,128,1641,,original sound,Democrats,False
7405309332717440302,democrats,https://www.tiktok.com/@democrats/video/7405309332717440302,Coach Walz is fighting for us 🫡,Coach Walz is fighting for us 🫡,20240820,14,39100,3114,46,60,,original sound,Democrats,False
7405235374609517866,democrats,https://www.tiktok.com/@democrats/video/7405235374609517866,🥲💙,🥲💙,20240820,27,711800,55800,1475,1301,,original sound,Democrats,False
7405083717791730975,democrats,https://www.tiktok.com/@democrats/video/7405083717791730975,"When he’s right, he’s right!","When he’s right, he’s right!",20240820,11,36000,2977,28,100,,original sound,Democrats,False
7405065605642030378,democrats,https://www.tiktok.com/@democrats/video/7405065605642030378,Let’s get to work!,Let’s get to work!,20240820,57,31900,3745,42,91,,original sound,Democrats,False
7405050332134296878,democrats,https://www.tiktok.com/@democrats/video/7405050332134296878,Our future President ❤️,Our future President ❤️,20240820,16,716700,45500,1240,1648,,original sound,Democrats,False
7405048155747700011,democrats,https://www.tiktok.com/@democrats/video/7405048155747700011,Our MVP 💙,Our MVP 💙,20240820,15,30900,2673,74,67,,original sound,Democrats,False
7405028637914729771,democrats,https://www.tiktok.com/@democrats/video/7405028637914729771,"Dems supporting unions? Well, yes!","Dems supporting unions? Well, yes!",20240820,19,21700,1616,31,32,,original sound,Democrats,False
7405005341022522670,democrats,https://www.tiktok.com/@democrats/video/7405005341022522670,💙,💙,20240820,14,97300,3990,137,51,,original sound,Democrats,False
7404938781096201503,democrats,https://www.tiktok.com/@democrats/video/7404938781096201503,"thank you, coach @timwalz 💙","thank you, coach @timwalz 💙",20240819,16,337200,26400,742,493,,original sound,Democrats,False
7403881982242884894,democrats,https://www.tiktok.com/@democrats/video/7403881982242884894,You have to watch this,You have to watch this,20240816,29,22300,1414,15,155,,original sound,Democrats,False
7403832551866895659,democrats,https://www.tiktok.com/@democrats/video/7403832551866895659,1996 DNC 🕺,1996 DNC 🕺,20240816,20,1900000,227400,891,28900,,original sound,Democrats,False
7403737736076627230,democrats,https://www.tiktok.com/@democrats/video/7403737736076627230,these two 🥹,these two 🥹,20240816,25,24000,1703,28,38,,original sound,Democrats,False
7403459484967800095,democrats,https://www.tiktok.com/@democrats/video/7403459484967800095,the 2008 Democratic National Convention 💙,the 2008 Democratic National Convention 💙,20240815,31,330000,50300,222,402,,som original,paulina,False
7403423253722582303,democrats,https://www.tiktok.com/@democrats/video/7403423253722582303,⏭️2024 next,⏭️2024 next,20240815,118,156700,6503,52,40,,som original - 𝒆𝒅𝒖𝒆𝒗𝒍'𝒔,Cinderella Moderna,False
7403389199874903326,democrats,https://www.tiktok.com/@democrats/video/7403389199874903326,thank you for bringing back the joy #hopecore ,thank you for bringing back the joy #hopecore ,20240815,30,30600,5560,147,116,,Evergreen,music <3,False
7403062505330789663,democrats,https://www.tiktok.com/@democrats/video/7403062505330789663,a pawsitively perfect model 🐾,a pawsitively perfect model 🐾,20240814,17,18400,1170,18,23,,original sound,jadoredior,False
7403018954408578347,democrats,https://www.tiktok.com/@democrats/video/7403018954408578347,TikTok video #7403018954408578347,,20240814,29,1500000,131400,1225,574,,End Of Beginning by DJO,aboutourfeelingss🪐,False
7402987614078422318,democrats,https://www.tiktok.com/@democrats/video/7402987614078422318,TikTok video #7402987614078422318,,20240814,10,152200,7876,1056,333,,original sound,Tokio The Creator,False
7402728097088408874,democrats,https://www.tiktok.com/@democrats/video/7402728097088408874,Big dad energy 💙,Big dad energy 💙,20240813,31,125000,17300,89,892,,MILLION DOLLAR BABY (VHS),Tommy Richman,False
7402683858967104811,democrats,https://www.tiktok.com/@democrats/video/7402683858967104811,The Trump-Vance campaign is flopping,The Trump-Vance campaign is flopping,20240813,60,215000,28500,149,1833,,AnySoundEffects Monkeys Spinning Monkeys,Any Sound Effects,False
7402299187393498410,democrats,https://www.tiktok.com/@democrats/video/7402299187393498410,TikTok video #7402299187393498410,,20240812,79,137200,16600,366,299,,original sound,Headquarters,False
7402288094512237870,democrats,https://www.tiktok.com/@democrats/video/7402288094512237870,TikTok video #7402288094512237870,,20240812,25,70900,5226,122,72,,one more light,favsoundds,False
7401913207415115051,democrats,https://www.tiktok.com/@democrats/video/7401913207415115051,Then and now 🫶,Then and now 🫶,20240811,16,52200,11400,112,279,,original sound,vanessa 🏃‍♀️🫶🏋️,False
7401591989369703722,democrats,https://www.tiktok.com/@democrats/video/7401591989369703722,TikTok video #7401591989369703722,,20240810,29,51900,5759,342,100,,Let him cook x Imperius on all platforms,Caleb,False
7401194341974248746,democrats,https://www.tiktok.com/@democrats/video/7401194341974248746,TikTok video #7401194341974248746,,20240809,4,11600,571,7,8,,original sound,Crop Archive,False
7401158036255034670,democrats,https://www.tiktok.com/@democrats/video/7401158036255034670,Tim Walz owned JD Vance 🔥 ,Tim Walz owned JD Vance 🔥 ,20240809,26,16800,1435,19,46,,original sound,Democrats,False
7400823733885144351,democrats,https://www.tiktok.com/@democrats/video/7400823733885144351,The party of joy is ready to WIN this November 🕺,The party of joy is ready to WIN this November 🕺,20240808,15,265900,49700,282,2041,,original sound,💜絶望🖤,False
7400773322046328106,democrats,https://www.tiktok.com/@democrats/video/7400773322046328106,#democrats ,#democrats ,20240808,48,12000,907,17,24,,bounce (i just wanna dance),"фрози, joyful",False
7400505463894330670,democrats,https://www.tiktok.com/@democrats/video/7400505463894330670,Also here for Harris-Walz obviously 😇,Also here for Harris-Walz obviously 😇,20240807,12,34800,3875,32,39,,original sound,I think you should leave shop,False
7399674650055265578,democrats,https://www.tiktok.com/@democrats/video/7399674650055265578,🌭🌭🌭 @Tony4wi ,🌭🌭🌭 @Tony4wi ,20240805,6,27200,1339,22,64,,Black Beatles,C 🌝,False
7399404586143960351,democrats,https://www.tiktok.com/@democrats/video/7399404586143960351,TikTok video #7399404586143960351,,20240804,10,35500,3563,40,51,,Oh You Cant Find This In The Store,THE TUMBLER AMBASSADOR ✨,False
7398233057536396586,democrats,https://www.tiktok.com/@democrats/video/7398233057536396586,💀💀💀,💀💀💀,20240801,6,3100000,531300,1610,86100,,original sound,Democrats,False
7398203378075077934,democrats,https://www.tiktok.com/@democrats/video/7398203378075077934,she’s getting rave reviews 🤩,she’s getting rave reviews 🤩,20240801,60,550800,47700,328,663,,BIG UP,INJI,False
7397949768363773227,democrats,https://www.tiktok.com/@democrats/video/7397949768363773227,real recognizes real,real recognizes real,20240731,80,33100,2505,14,45,,Star Spangled (Bass Boosted),SNC,False
7397509319903743274,democrats,https://www.tiktok.com/@democrats/video/7397509319903743274,We couldn’t agree more,We couldn’t agree more,20240730,22,75800,10100,79,823,,original sound,Democrats,False
7394887889009577258,democrats,https://www.tiktok.com/@democrats/video/7394887889009577258,"Thank you, Mr. President 🫡","Thank you, Mr. President 🫡",20240723,60,157000,10600,294,189,,it boy,bbno$,False
7394120329443986718,democrats,https://www.tiktok.com/@democrats/video/7394120329443986718,,,20240721,0,333000,23400,237,789,,unnamed_sound,,True
7393874300014562590,democrats,https://www.tiktok.com/@democrats/video/7393874300014562590,TikTok video #7393874300014562590,,20240721,19,165700,6908,84,204,,sad SpongeBob music,michael,False
7393466645387201822,democrats,https://www.tiktok.com/@democrats/video/7393466645387201822,oh brother this guy stinks ,oh brother this guy stinks ,20240719,47,225200,8611,240,331,,original sound,Democrats,False
7392781507884059934,democrats,https://www.tiktok.com/@democrats/video/7392781507884059934,🤌🤌🤌 #thedemocrats #jillbiden ,🤌🤌🤌 #thedemocrats #jillbiden ,20240718,7,230900,16700,111,552,,son original,Bekomme,False
7392374248905493791,democrats,https://www.tiktok.com/@democrats/video/7392374248905493791,Obama stopped by @Team USA’s basketball game ,Obama stopped by @Team USA’s basketball game ,20240716,7,5000000,643700,1999,48000,,original sound,Jett,False
7392349852295892255,democrats,https://www.tiktok.com/@democrats/video/7392349852295892255,TikTok video #7392349852295892255,,20240716,9,720400,69400,368,1575,,what the fuck was that,santhosh,False
7390822309231168798,democrats,https://www.tiktok.com/@democrats/video/7390822309231168798,TikTok video #7390822309231168798,,20240712,23,2100000,223800,987,8846,,original sound,carson,False
7390202655831756063,democrats,https://www.tiktok.com/@democrats/video/7390202655831756063,Google Project 2025.,Google Project 2025.,20240711,4,68700,2486,82,152,,original sound,Democrats,False
7389774947909995807,democrats,https://www.tiktok.com/@democrats/video/7389774947909995807,TikTok video #7389774947909995807,,20240709,21,583500,57200,70,9549,,id rather take my whiskey neat,char,False
7386800773209853214,democrats,https://www.tiktok.com/@democrats/video/7386800773209853214,TikTok video #7386800773209853214,,20240701,13,182000,17700,189,157,,original sound,xxtristanxo,False
7386754835300764959,democrats,https://www.tiktok.com/@democrats/video/7386754835300764959,🥳,🥳,20240701,29,65400,2275,71,65,,original sound,Democrats,False
7384595711012212010,democrats,https://www.tiktok.com/@democrats/video/7384595711012212010,Gay rights!,Gay rights!,20240626,6,324500,31700,199,1292,,original sound,Democrats,False
7384493288121716010,democrats,https://www.tiktok.com/@democrats/video/7384493288121716010,Joe Biden and Kamala Harris are fighting to restore Roe as the law of...,Joe Biden and Kamala Harris are fighting to restore Roe as the law of the land 💙,20240625,11,800900,148400,583,1692,,original sound,Democrats,False
7380390974800809259,democrats,https://www.tiktok.com/@democrats/video/7380390974800809259,Trump has stripped reproductive rights away from millions of women.,Trump has stripped reproductive rights away from millions of women.,20240614,13,756900,176600,807,16700,,sonido original,🎧Songs🎧,False
7380103316996410667,democrats,https://www.tiktok.com/@democrats/video/7380103316996410667,💙,💙,20240613,12,82200,2625,214,88,,เสียงต้นฉบับ - supermodels,supermodels,False
7380007850782887211,democrats,https://www.tiktok.com/@democrats/video/7380007850782887211,TikTok video #7380007850782887211,,20240613,22,752200,149700,753,4925,,Von dutch,Charli XCX,False
7378933670863834410,democrats,https://www.tiktok.com/@democrats/video/7378933670863834410,You need to hear this. ,You need to hear this. ,20240610,114,53200,1563,56,56,,original sound,Democrats,False
7378675530876341546,democrats,https://www.tiktok.com/@democrats/video/7378675530876341546,Four more years 💙 #TheDemocrats ,Four more years 💙 #TheDemocrats ,20240610,11,1300000,89200,820,596,,original sound,THORODINSQN,False
7378626271976131882,democrats,https://www.tiktok.com/@democrats/video/7378626271976131882,The Republican Party is the party of Trump.  #TheDemocrats #Dems ,The Republican Party is the party of Trump.  #TheDemocrats #Dems ,20240609,6,48600,1450,27,83,,Just ah little,babylace,False
7377541413396843819,democrats,https://www.tiktok.com/@democrats/video/7377541413396843819,We deserve a President who doesn’t escape his responsibilities ⛳️,We deserve a President who doesn’t escape his responsibilities ⛳️,20240606,30,713200,77700,453,7784,,original sound - 𝐨𝐯𝐞𝐫𝐥𝐚𝐲𝐬 ✧˚ ·,𝐨𝐯𝐞𝐫𝐥𝐚𝐲𝐬 ✧˚ ·,False
7377482448109620522,democrats,https://www.tiktok.com/@democrats/video/7377482448109620522,President Biden has made historic investments to tackle the climate c...,President Biden has made historic investments to tackle the climate crisis.  #ClimateChange #Climate #DemocratsDeliver ,20240606,16,110100,5940,157,56,,feather on SNL,aimee ❀,False
7377392641698254123,democrats,https://www.tiktok.com/@democrats/video/7377392641698254123,😌 #VoteBlue ,😌 #VoteBlue ,20240606,7,597600,11500,513,776,,"Funny video ""Carmen Prelude"" Arranging weakness(836530)",yo suzuki(akisai),False
7376728743638830378,democrats,https://www.tiktok.com/@democrats/video/7376728743638830378,TikTok video #7376728743638830378,,20240604,22,466200,24200,1125,662,,American classic,Our Nice World 🌎,False
7376091446299872555,democrats,https://www.tiktok.com/@democrats/video/7376091446299872555,Four more years. ,Four more years. ,20240603,14,236900,5468,339,228,,original sound,EX7STENCE™,False
7375243184387018026,democrats,https://www.tiktok.com/@democrats/video/7375243184387018026,Trump is responsible for ending Roe. ,Trump is responsible for ending Roe. ,20240531,11,62300,3585,112,281,,before vs after,krizzl,False
7374094351997078826,democrats,https://www.tiktok.com/@democrats/video/7374094351997078826,President Biden and Vice President Harris will continue to fight to p...,President Biden and Vice President Harris will continue to fight to protect reproductive rights. #RoeVWade #DobbsVJackson #DobbsDecision #ReproductiveRights ,20240528,12,131200,5415,499,231,,sonido original,Miguelrv_09,False
7373050199792438571,democrats,https://www.tiktok.com/@democrats/video/7373050199792438571,TikTok video #7373050199792438571,,20240525,7,353300,38900,229,519,,BIRDS OF A FEATHER,user,False
7372720097393167658,democrats,https://www.tiktok.com/@democrats/video/7372720097393167658,TikTok video #7372720097393167658,,20240524,26,81300,2911,79,110,,west coast apollo353 remix,uiitraviolence,False
7371594956919541034,democrats,https://www.tiktok.com/@democrats/video/7371594956919541034,Trump only cares about holding on to power. ,Trump only cares about holding on to power. ,20240521,12,63400,3248,84,110,,original sound,Democrats,False
7371517623038790954,democrats,https://www.tiktok.com/@democrats/video/7371517623038790954,Second Gentleman Doug Emhoff responds to Trump attacking Jewish Ameri...,Second Gentleman Doug Emhoff responds to Trump attacking Jewish Americans. ,20240521,20,150800,11800,202,362,,original sound,Democrats,False
7371174304651808043,democrats,https://www.tiktok.com/@democrats/video/7371174304651808043,TikTok video #7371174304651808043,,20240520,38,473400,16900,1475,879,,som original,音楽,False
7370739621556178219,democrats,https://www.tiktok.com/@democrats/video/7370739621556178219,#thedemocrats #dnc #joebiden #barackobama ,#thedemocrats #dnc #joebiden #barackobama ,20240519,20,89800,5624,162,142,,If we being rëal,￴ ￴￴,False
7370452724388728107,democrats,https://www.tiktok.com/@democrats/video/7370452724388728107,📍Wisconsin: Stops on the road to November #thedemocrats #dnc #cinemat...,📍Wisconsin: Stops on the road to November #thedemocrats #dnc #cinematic #2024election ,20240518,26,30700,949,28,85,,Whatcha Gonna Do,TheValdons,False
7369223409428892970,democrats,https://www.tiktok.com/@democrats/video/7369223409428892970,#stitch with @Biden-Harris HQ Biden dragged him,#stitch with @Biden-Harris HQ Biden dragged him,20240515,7,114700,6768,113,217,,original sound,Democrats,False
7368559816408681770,democrats,https://www.tiktok.com/@democrats/video/7368559816408681770,You have to hear what Trump just said. ,You have to hear what Trump just said. ,20240513,40,77200,3912,99,434,,original sound,Democrats,False
7366318005535509806,democrats,https://www.tiktok.com/@democrats/video/7366318005535509806,You’ve got to watch this,You’ve got to watch this,20240507,48,22700,628,23,100,,original sound,Democrats,False
7365268454565383470,democrats,https://www.tiktok.com/@democrats/video/7365268454565383470,May the Fourth be with you ,May the Fourth be with you ,20240504,5,147600,9873,281,1038,,original sound,Democrats,False
7364479768504339754,democrats,https://www.tiktok.com/@democrats/video/7364479768504339754,oof… 🫣,oof… 🫣,20240502,5,89900,5899,50,254,,original sound,Jessica 🥰,False
7364431280412544302,democrats,https://www.tiktok.com/@democrats/video/7364431280412544302,We’ve got to protect our reproductive rights this November. ,We’ve got to protect our reproductive rights this November. ,20240502,21,100000,7009,285,228,,original sound,Democrats,False
7364408785638559019,democrats,https://www.tiktok.com/@democrats/video/7364408785638559019,MVP’s McDonald’s order 🍔🍟,MVP’s McDonald’s order 🍔🍟,20240502,44,664300,47700,200,1978,,original sound,Democrats,False
7361863505902882094,democrats,https://www.tiktok.com/@democrats/video/7361863505902882094,TikTok video #7361863505902882094,,20240425,10,230800,11100,183,447,,original sound,canasia ⭐️,False
7361617081713888555,democrats,https://www.tiktok.com/@democrats/video/7361617081713888555,dark brandon 😎 #thedemocrats #dnc ,dark brandon 😎 #thedemocrats #dnc ,20240425,33,1500000,94300,2301,23000,,original sound,Democrats,False
7360888080884190506,democrats,https://www.tiktok.com/@democrats/video/7360888080884190506,😎,😎,20240423,5,224300,13100,185,1376,,0atria,Jennie sister,False
7360769930523921707,democrats,https://www.tiktok.com/@democrats/video/7360769930523921707,TikTok video #7360769930523921707,,20240422,43,191400,13100,354,277,,sonido original,Bryan BOJORQUEZ,False
7360687804017282350,democrats,https://www.tiktok.com/@democrats/video/7360687804017282350,Scranton Joe 🥰,Scranton Joe 🥰,20240422,9,69200,3739,134,77,,hendriksvibes,Hendrik 🐊,False
7359609617015606574,democrats,https://www.tiktok.com/@democrats/video/7359609617015606574,The Kennedy family has endorsed President Biden. ,The Kennedy family has endorsed President Biden. ,20240419,38,346300,18500,719,1129,,original sound,Democrats,False
7358149462344125739,democrats,https://www.tiktok.com/@democrats/video/7358149462344125739,TikTok video #7358149462344125739,,20240415,24,92000,4557,119,147,,original sound,𝑬𝒂𝒔𝒚 𝑹𝒆𝒗𝒆𝒏𝒈𝒆 ★,False
7356671841764789546,democrats,https://www.tiktok.com/@democrats/video/7356671841764789546,Vice President Harris has had it! @I’ve Had It Podcast ,Vice President Harris has had it! @I’ve Had It Podcast ,20240411,39,58100,4541,21,70,,original sound,Democrats,False
7356611811543633195,democrats,https://www.tiktok.com/@democrats/video/7356611811543633195,hit it! @I’ve Had It Podcast ,hit it! @I’ve Had It Podcast ,20240411,32,35700,2360,28,135,,original sound,Democrats,False
7356391769426201902,democrats,https://www.tiktok.com/@democrats/video/7356391769426201902,dark brandon 😎,dark brandon 😎,20240410,14,39800,4167,167,313,,Sun Bleached Flies X Dancing On My Own,icarus lemaitre,False
7355698710384364842,democrats,https://www.tiktok.com/@democrats/video/7355698710384364842,President Biden is committed to protecting our reproductive freedoms.,President Biden is committed to protecting our reproductive freedoms.,20240409,46,97600,7559,143,370,,original sound,Democrats,False
7355476723078548778,democrats,https://www.tiktok.com/@democrats/video/7355476723078548778,TikTok video #7355476723078548778,,20240408,12,252700,29500,92,2701,,original sound,becca,False
7354516644707765550,democrats,https://www.tiktok.com/@democrats/video/7354516644707765550,TikTok video #7354516644707765550,,20240405,15,514400,72000,456,10600,,оригинальный звук,julia,False
7354422158455475499,democrats,https://www.tiktok.com/@democrats/video/7354422158455475499,@Bernie Sanders and President Biden 😎,@Bernie Sanders and President Biden 😎,20240405,73,69700,5241,81,386,,original sound,Democrats,False
7354143627959930154,democrats,https://www.tiktok.com/@democrats/video/7354143627959930154,TikTok video #7354143627959930154,,20240404,17,118700,7666,383,232,,original sound,xypho,False
7354026905273732395,democrats,https://www.tiktok.com/@democrats/video/7354026905273732395,💙,💙,20240404,6,26100,1665,57,36,,origineel geluid,hannafonteynx,False
7353715642177981738,democrats,https://www.tiktok.com/@democrats/video/7353715642177981738,TikTok video #7353715642177981738,,20240403,68,239000,10300,183,219,,For the first time,audios 🎧,False
7353083423428250923,democrats,https://www.tiktok.com/@democrats/video/7353083423428250923,TikTok video #7353083423428250923,,20240402,11,94300,6948,129,136,,original sound,-_-,False
7350725685553532202,democrats,https://www.tiktok.com/@democrats/video/7350725685553532202,perfect putt 💯,perfect putt 💯,20240326,18,140200,7782,75,151,,original sound,Democrats,False
7348219728168521002,democrats,https://www.tiktok.com/@democrats/video/7348219728168521002,TikTok video #7348219728168521002,,20240319,19,312000,31700,272,734,,original sound,𝒗𝒂𝒎𝒑,False
7348116992039193899,democrats,https://www.tiktok.com/@democrats/video/7348116992039193899,President Biden makes a surprise call 😇,President Biden makes a surprise call 😇,20240319,71,477900,33900,438,940,,original sound,Democrats,False
7347321794245872942,democrats,https://www.tiktok.com/@democrats/video/7347321794245872942,TikTok video #7347321794245872942,,20240317,153,176900,18800,152,218,,original sound,₮Ⱨ₳₮₴₵ØⱠⱠɆɆ₦4Ʉ__,False
7345180934573985067,democrats,https://www.tiktok.com/@democrats/video/7345180934573985067,"The first, but certainly not the last. #dnc #thedemocrats #kamalaharr...","The first, but certainly not the last. #dnc #thedemocrats #kamalaharris #stateoftheunion ",20240311,12,93500,6485,129,121,,original sound,:),False
7344180884620332330,democrats,https://www.tiktok.com/@democrats/video/7344180884620332330,TikTok video #7344180884620332330,,20240309,19,32600,860,16,125,,good days,ｇｌｉｔｔｅｎ,False
7344104599151775018,democrats,https://www.tiktok.com/@democrats/video/7344104599151775018,TikTok video #7344104599151775018,,20240308,31,68000,5337,105,187,,september slowed,mar 🪼,False
7343819658702671147,democrats,https://www.tiktok.com/@democrats/video/7343819658702671147,MVP + SGOTUS 🫶,MVP + SGOTUS 🫶,20240308,9,516800,44400,314,1556,,my love mine all mine,🐇,False
7343311609194057006,democrats,https://www.tiktok.com/@democrats/video/7343311609194057006,TikTok video #7343311609194057006,,20240306,18,84500,4256,77,145,,l.a.love,⋆｡°✩,False
7341037288815824174,democrats,https://www.tiktok.com/@democrats/video/7341037288815824174,TikTok video #7341037288815824174,,20240229,32,289700,35400,317,1129,,never be like you,skibidi,False
7340478828420107562,democrats,https://www.tiktok.com/@democrats/video/7340478828420107562,TikTok video #7340478828420107562,,20240228,14,119800,14300,89,140,,original sound,miglė,False
7339920712431373614,democrats,https://www.tiktok.com/@democrats/video/7339920712431373614,MVP’s haul 🛍️,MVP’s haul 🛍️,20240226,24,63400,4089,55,55,,original sound,Democrats,False
7338625937463954730,democrats,https://www.tiktok.com/@democrats/video/7338625937463954730,typical 🙄,typical 🙄,20240223,5,48800,2091,63,122,,original sound,Democrats,False
7337808443635502378,democrats,https://www.tiktok.com/@democrats/video/7337808443635502378,TikTok video #7337808443635502378,,20240220,27,602600,64600,1039,624,,End of Beginning,Djo,False
7335924675286945067,democrats,https://www.tiktok.com/@democrats/video/7335924675286945067,TikTok video #7335924675286945067,,20240215,29,1500000,236000,1190,5496,,remember you,Dominurmom,False
7335148451992456494,democrats,https://www.tiktok.com/@democrats/video/7335148451992456494,We are so back. #dnc #thedemocrats #bidenharris2024 ,We are so back. #dnc #thedemocrats #bidenharris2024 ,20240213,5,130900,6446,330,177,,original sound,kardashianshulu,False
7333423032872078635,democrats,https://www.tiktok.com/@democrats/video/7333423032872078635,President Biden calls out Doocy. #dnc #thedemocrats #joebiden ,President Biden calls out Doocy. #dnc #thedemocrats #joebiden ,20240209,8,1000000,96300,685,3785,,original sound,Democrats,False
7333353655632121134,democrats,https://www.tiktok.com/@democrats/video/7333353655632121134,👀 #dnc #thedemocrats #joebiden ,👀 #dnc #thedemocrats #joebiden ,20240208,28,248200,8442,138,383,,original sound,Democrats,False
7333302030879984938,democrats,https://www.tiktok.com/@democrats/video/7333302030879984938,The chaos continues with Republicans. #thedemocrats #dnc ,The chaos continues with Republicans. #thedemocrats #dnc ,20240208,8,129000,7925,111,349,,original sound,Whoooo,False
7333274304865389867,democrats,https://www.tiktok.com/@democrats/video/7333274304865389867,Here’s why we need to protect reproductive freedom. #thedemocrats #dn...,Here’s why we need to protect reproductive freedom. #thedemocrats #dnc #bidenharris2024 ,20240208,59,2500000,69400,3669,2987,,original sound,Democrats,False
7332904230648352042,democrats,https://www.tiktok.com/@democrats/video/7332904230648352042,President Biden loves a sweet treat 🎀 #dnc #thedemocrats #joebiden ,President Biden loves a sweet treat 🎀 #dnc #thedemocrats #joebiden ,20240207,10,2300000,212400,1935,11700,,queen of disaster with sparkles,doll ♡,False
7331927738888113451,democrats,https://www.tiktok.com/@democrats/video/7331927738888113451,#thedemocrats #dnc #bidenharris2024 ,#thedemocrats #dnc #bidenharris2024 ,20240205,14,940100,22700,2229,299,,оригинальный звук,PHONK MVP,False
7330445020681522475,democrats,https://www.tiktok.com/@democrats/video/7330445020681522475,😎 #thedemocrats #dnc #joebiden #chrisevans ,😎 #thedemocrats #dnc #joebiden #chrisevans ,20240201,10,506400,67400,320,1030,,original sound - vic,vic ౨ৎ,False
7330101484446682410,democrats,https://www.tiktok.com/@democrats/video/7330101484446682410,Our MVP 💙 #thedemocrats #dnc #bidenharris2024 #kamalaharris ,Our MVP 💙 #thedemocrats #dnc #bidenharris2024 #kamalaharris ,20240131,7,100500,4450,196,186,,original sound,Roxi Audios,False
7329390309345889579,democrats,https://www.tiktok.com/@democrats/video/7329390309345889579,💙 #dnc #thedemocrats #bidenharris2024 ,💙 #dnc #thedemocrats #bidenharris2024 ,20240129,8,257200,5290,430,230,,original sound,Democrats,False
7329296804971810091,democrats,https://www.tiktok.com/@democrats/video/7329296804971810091,"When it comes to who will fight for working people, the choice could ...","When it comes to who will fight for working people, the choice could not be clearer. #dnc #thedemocrats #bidenharris2024 #joebiden ",20240128,17,218500,6917,405,273,,original sound,Democrats,False
7327149718759361835,democrats,https://www.tiktok.com/@democrats/video/7327149718759361835,President Biden and Vice President Harris are fighting for reproducti...,President Biden and Vice President Harris are fighting for reproductive freedom. #dnc #thedemocrats #roevwade #reproductiverights ,20240123,11,845300,119400,682,2763,,yummy x righteous,LOLA ⭑,False
7327028432284503338,democrats,https://www.tiktok.com/@democrats/video/7327028432284503338,Remember when Donald Trump promised to nominate justices that would o...,Remember when Donald Trump promised to nominate justices that would overturn Roe v. Wade to the Supreme Court? We do. ,20240122,6,146400,7741,318,149,,original sound,w4ves444,False
7327014646018460974,democrats,https://www.tiktok.com/@democrats/video/7327014646018460974,Trump’s Supreme Court overturned Roe v. Wade and he paved the way for...,Trump’s Supreme Court overturned Roe v. Wade and he paved the way for abortion bans across the country. #thedemocrats #dnc #reproductiverights #roevwade ,20240122,9,454700,9331,400,4944,,original sound,Democrats,False
7326932062827498794,democrats,https://www.tiktok.com/@democrats/video/7326932062827498794,TikTok video #7326932062827498794,,20240122,28,48200,2458,64,105,,the night we met,rapunzel🎀,False
7326914301451734318,democrats,https://www.tiktok.com/@democrats/video/7326914301451734318,Democrats are leading the fight to protect reproductive rights. #thed...,Democrats are leading the fight to protect reproductive rights. #thedemocrats #dnc #reproductiverights #roevwade  ,20240122,15,72100,5982,98,91,,original sound,Oswaldo Cepeda,False
7326794351340719402,democrats,https://www.tiktok.com/@democrats/video/7326794351340719402,#thedemocrats #dnc #bidenharris2024 ,#thedemocrats #dnc #bidenharris2024 ,20240122,12,72200,3018,126,152,,muhahahahaha,vexqrrblx,False
7326743809465896235,democrats,https://www.tiktok.com/@democrats/video/7326743809465896235,"That’s not it, Nikki Haley. #thedemocrats #dnc ","That’s not it, Nikki Haley. #thedemocrats #dnc ",20240122,6,53100,2568,39,39,,original sound,Democrats,False
7326732196289563950,democrats,https://www.tiktok.com/@democrats/video/7326732196289563950,Freedom is on the ballot. #thedemocrats #dnc #bidenharris2024 ,Freedom is on the ballot. #thedemocrats #dnc #bidenharris2024 ,20240122,17,41800,702,22,111,,original sound,Democrats,False
7326701497666915630,democrats,https://www.tiktok.com/@democrats/video/7326701497666915630,#dnc #thedemocrats #bidenharris2024 ,#dnc #thedemocrats #bidenharris2024 ,20240121,23,85900,5112,85,332,,bigger than the whole sky by Taylor Swift,Shannon,False
7326685981183151402,democrats,https://www.tiktok.com/@democrats/video/7326685981183151402,#dnc #thedemocrats #bidenharris2024 ,#dnc #thedemocrats #bidenharris2024 ,20240121,35,299400,21000,656,436,,original sound,abby 🫀🦌,False
7326637726881778990,democrats,https://www.tiktok.com/@democrats/video/7326637726881778990,Nikki Haley is not Nancy Pelosi. #dnc #thedemocrats #bidenharris2024 ,Nikki Haley is not Nancy Pelosi. #dnc #thedemocrats #bidenharris2024 ,20240121,63,70900,4017,55,186,,original sound,Democrats,False
7326602489199856926,democrats,https://www.tiktok.com/@democrats/video/7326602489199856926,Joe Biden is the only person who’s ever defeated Donald Trump. #thede...,Joe Biden is the only person who’s ever defeated Donald Trump. #thedemocrats #dnc #bidenharris2024 #joebiden ,20240121,12,825100,30200,1975,1290,,original sound,Democrats,False
7326290872612523307,democrats,https://www.tiktok.com/@democrats/video/7326290872612523307,Three years ago💙 #thedemocrats #dnc #joebiden #kamalaharris #bidenhar...,Three years ago💙 #thedemocrats #dnc #joebiden #kamalaharris #bidenharris2024 ,20240120,17,104600,6218,276,161,,original sound - ilham,ilham,False
7326229731442036011,democrats,https://www.tiktok.com/@democrats/video/7326229731442036011,Yikes… #thedemocrats #dnc #bidenharris2024 ,Yikes… #thedemocrats #dnc #bidenharris2024 ,20240120,27,39500,1431,30,127,,original sound,Democrats,False
7325562238058761518,democrats,https://www.tiktok.com/@democrats/video/7325562238058761518,President Biden doesn’t need a menu🫡#thedemocrats #dnc #joebiden ,President Biden doesn’t need a menu🫡#thedemocrats #dnc #joebiden ,20240118,8,5900000,300800,3279,16600,,,,False
7324164561916005674,democrats,https://www.tiktok.com/@democrats/video/7324164561916005674,📸: LA Times #thedemocrats #dnc #kamalaharris #dougemhoff ,📸: LA Times #thedemocrats #dnc #kamalaharris #dougemhoff ,20240115,21,92300,5177,117,115,,california love,🎧,False
7322976031890050347,democrats,https://www.tiktok.com/@democrats/video/7322976031890050347,Nikki Haley wants to raise the retirement age. #thedemocrats #bidenha...,Nikki Haley wants to raise the retirement age. #thedemocrats #bidenharris2024 #dnc ,20240111,10,326700,15600,1245,3160,,original sound,Democrats,False
7322681040265350442,democrats,https://www.tiktok.com/@democrats/video/7322681040265350442,#dnc #thedemocrats #joebiden #darkbrandon,#dnc #thedemocrats #joebiden #darkbrandon,20240111,23,69900,2669,38,133,,lowER,Destinyrenee,False
7322539430277942570,democrats,https://www.tiktok.com/@democrats/video/7322539430277942570,"Yes, Josh Hutcherson has seen our whistle edit 🤭 #dnc #thedemocrats #...","Yes, Josh Hutcherson has seen our whistle edit 🤭 #dnc #thedemocrats #joebiden ",20240110,24,414300,20000,47,370,,original sound,Democrats,False
7322486890173631790,democrats,https://www.tiktok.com/@democrats/video/7322486890173631790,The first couple 🥹🫶 #dnc #thedemocrats #joebiden #jillbiden ,The first couple 🥹🫶 #dnc #thedemocrats #joebiden #jillbiden ,20240110,7,81300,3192,74,135,,som original,user34976877295,False
7321549103232519467,democrats,https://www.tiktok.com/@democrats/video/7321549103232519467,#dnc #thedemocrats #bidenharris2024 ,#dnc #thedemocrats #bidenharris2024 ,20240108,19,165800,8426,287,202,,ocean blvd,xuzoqt,False
7321476917742325035,democrats,https://www.tiktok.com/@democrats/video/7321476917742325035,#dnc #thedemocrats #bidenharris2024 ,#dnc #thedemocrats #bidenharris2024 ,20240107,8,161200,4047,148,101,,original sound,︎︎︎,False
7321417591518530862,democrats,https://www.tiktok.com/@democrats/video/7321417591518530862,TikTok video #7321417591518530862,,20240107,19,133700,4545,255,135,,ocean blvd,xuzoqt,False
7321208841008385323,democrats,https://www.tiktok.com/@democrats/video/7321208841008385323,#thedemocrats #dnc #january6 #trumpattackeddemocracy ,#thedemocrats #dnc #january6 #trumpattackeddemocracy ,20240107,13,97600,1597,190,29,,original sound,𝔅,False
7321174550731951403,democrats,https://www.tiktok.com/@democrats/video/7321174550731951403,…😳 #thedemocrats #dnc #january6 #bidenharris2024 #trumpattackeddemocr...,…😳 #thedemocrats #dnc #january6 #bidenharris2024 #trumpattackeddemocracy  ,20240107,9,98100,2427,73,138,,original sound,Democrats,False
7321059977953643819,democrats,https://www.tiktok.com/@democrats/video/7321059977953643819,January 6 was not a “beautiful day.” #dnc #thedemocrats #january6 #tr...,January 6 was not a “beautiful day.” #dnc #thedemocrats #january6 #trumpattackeddemocracy ,20240106,22,578400,15500,324,4066,,original sound,Democrats,False
7321043397345692971,democrats,https://www.tiktok.com/@democrats/video/7321043397345692971,"Donald Trump tried to overturn the will of the people on January 6, 2...","Donald Trump tried to overturn the will of the people on January 6, 2021. #dnc #thedemocrats #january6 #trumpattackeddemocracy ",20240106,59,62100,723,62,116,,original sound,Democrats,False
7320658684684832046,democrats,https://www.tiktok.com/@democrats/video/7320658684684832046,#dnc #thedemocrats #bidenharris2024 #joebiden ,#dnc #thedemocrats #bidenharris2024 #joebiden ,20240105,0,162700,2779,540,158,;;;,unnamed_sound,,True
7320257300680248618,democrats,https://www.tiktok.com/@democrats/video/7320257300680248618,,,20240104,0,397000,6389,1276,219,,unnamed_sound,,True
7320369871701740842,democrats,https://www.tiktok.com/@democrats/video/7320369871701740842,#dnc #thedemocrats #bidenharris2024 ,#dnc #thedemocrats #bidenharris2024 ,20240104,22,6200000,331000,37000,11600,,Poker Face x Super Bass TEMPLE,TEMPLE.SOVND,False
7320321310230383915,democrats,https://www.tiktok.com/@democrats/video/7320321310230383915,Extreme MAGA Republicans are hellbent on attacking voting rights and ...,Extreme MAGA Republicans are hellbent on attacking voting rights and stripping away our fundamental freedoms. The world is watching this November. #dnc #thedemocrats #bidenharris2024 ,20240104,55,165700,2308,351,163,,original sound,Democrats,False
7320295044387212587,democrats,https://www.tiktok.com/@democrats/video/7320295044387212587,👯‍♀️ #dnc #thedemocrats #joebiden #barackobama ,👯‍♀️ #dnc #thedemocrats #joebiden #barackobama ,20240104,12,228100,10000,237,483,,serena n blair they do besties better than anyone,✧˖*°࿐,False
7320003388341701934,democrats,https://www.tiktok.com/@democrats/video/7320003388341701934,"Thank you, President Biden 😎 #dnc #thedemocrats #joebiden ","Thank you, President Biden 😎 #dnc #thedemocrats #joebiden ",20240103,7,95100,2416,111,58,,california love,🎧,False
7319961119479565611,democrats,https://www.tiktok.com/@democrats/video/7319961119479565611,Ron:🧍‍♂️,Ron:🧍‍♂️,20240103,19,110700,3015,90,216,,original sound,Democrats,False
7319721103671168302,democrats,https://www.tiktok.com/@democrats/video/7319721103671168302,Wow 😳 #dnc #thedemocrats ,Wow 😳 #dnc #thedemocrats ,20240103,68,62900,1660,40,79,,original sound,Democrats,False
7319385472302583083,democrats,https://www.tiktok.com/@democrats/video/7319385472302583083,#dnc #thedemocrats #bidenharris2024 ,#dnc #thedemocrats #bidenharris2024 ,20240102,60,488100,10000,2158,297,,som original,👑 ᏆᑎᎢᗴᖇ ᗯᝪᖇしᗞ ᝪᖴᏆᑕᏆᗩし 👑,False
7318592943932050730,democrats,https://www.tiktok.com/@democrats/video/7318592943932050730,Our vice president and second gentleman💙 #dnc #thedemocrats #kamalaha...,Our vice president and second gentleman💙 #dnc #thedemocrats #kamalaharris #dougemhoff,20231231,13,90900,4563,144,23,,ready for it x endgame,drew jessi,False
7315121300446514474,democrats,https://www.tiktok.com/@democrats/video/7315121300446514474,#thedemocrats #dnc #affordablecareact ,#thedemocrats #dnc #affordablecareact ,20231221,9,91800,8363,52,95,,krooked kings cigarette daydreams cover,krookedkings,False
7314702760350551342,democrats,https://www.tiktok.com/@democrats/video/7314702760350551342,President Biden and Vice President Harris will continue delivering fo...,President Biden and Vice President Harris will continue delivering for the American people. #thedemocrats #dnc #joebiden #kamalaharris ,20231220,17,100500,6162,152,339,,오리지널 사운드,minlee 민리,False
7314352738505182506,democrats,https://www.tiktok.com/@democrats/video/7314352738505182506,#thedemocrats #dnc ,#thedemocrats #dnc ,20231219,18,90400,6498,60,82,,grah,maddie,False
7313736379509558574,democrats,https://www.tiktok.com/@democrats/video/7313736379509558574,"Thanks to Donald Trump, MAGA Republicans are working to ban abortion ...","Thanks to Donald Trump, MAGA Republicans are working to ban abortion in every state in America. #thedemocrats #dnc #reproductiverights ",20231218,10,56400,2613,89,84,,,,False
7312901454442843435,democrats,https://www.tiktok.com/@democrats/video/7312901454442843435,#dnc #thedemocrats #bidenharris2024 ,#dnc #thedemocrats #bidenharris2024 ,20231215,9,92100,9381,179,293,,original sound,Ole Miss,False
7312672783601863978,democrats,https://www.tiktok.com/@democrats/video/7312672783601863978,All MAGA Republicans care about is advancing their extreme agenda. #d...,All MAGA Republicans care about is advancing their extreme agenda. #dnc #thedemocrats  ,20231215,8,63300,4562,91,54,,La La La LaLaLaLa,I Green Screen Things,False
7312511292961574186,democrats,https://www.tiktok.com/@democrats/video/7312511292961574186,#dnc #thedemocrats #houseofrepresentatives ,#dnc #thedemocrats #houseofrepresentatives ,20231214,14,161900,8807,539,136,,original sound,Darkpuffyy,False
7312252059930119466,democrats,https://www.tiktok.com/@democrats/video/7312252059930119466,TikTok video #7312252059930119466,,20231214,28,48900,2987,62,23,,original sound,sp33dsongsx,False
7311504707330116907,democrats,https://www.tiktok.com/@democrats/video/7311504707330116907,#dnc #thedemocrats #bidenharris2024 ,#dnc #thedemocrats #bidenharris2024 ,20231212,60,41100,1427,49,89,,original sound - Pianofighter9,Pianofighter9,False
7311048469064584491,democrats,https://www.tiktok.com/@democrats/video/7311048469064584491,We heard Nikki Haley loud and clear. #dnc #thedemocrats #bidenharris2...,We heard Nikki Haley loud and clear. #dnc #thedemocrats #bidenharris2024 ,20231210,5,54600,3414,45,69,,original sound,Democrats,False
7310701306128354606,democrats,https://www.tiktok.com/@democrats/video/7310701306128354606,The “new generation” of conservative leaders signing off🫡 #dnc #thede...,The “new generation” of conservative leaders signing off🫡 #dnc #thedemocrats #houseofrepresentatives ,20231209,18,50700,2394,28,107,,оригинальный звук,aburec,False
7310370953547058478,democrats,https://www.tiktok.com/@democrats/video/7310370953547058478,#dnc #thedemocrats #houseofrepresentatives ,#dnc #thedemocrats #houseofrepresentatives ,20231208,23,110900,7216,79,166,,bigger than the whole sky by Taylor Swift,Shannon,False
7310342952075660586,democrats,https://www.tiktok.com/@democrats/video/7310342952075660586,What happened to never quitting? #dnc #thedemocrats #houseofrepresent...,What happened to never quitting? #dnc #thedemocrats #houseofrepresentatives ,20231208,25,33500,1507,23,39,,original sound - LENiNGELS,LENiNGELS,False
7310078696671579438,democrats,https://www.tiktok.com/@democrats/video/7310078696671579438,"8 years ago today, Trump called to ban Muslims from entering the Unit...","8 years ago today, Trump called to ban Muslims from entering the United States. Now he’s vowing to “restore and expand” his ban if reelected. #thedemocrats #dnc ",20231208,31,276700,6809,290,471,,original sound,Democrats,False
7309974704616394030,democrats,https://www.tiktok.com/@democrats/video/7309974704616394030,#dnc #thedemocrats #houseofrepresentatives ,#dnc #thedemocrats #houseofrepresentatives ,20231207,15,59900,3228,45,66,,original sound,𝐒𝐓𝐀𝐑𝐙𝐈𝐅𝐘𝐘 ⟢,False
7309932781600017706,democrats,https://www.tiktok.com/@democrats/video/7309932781600017706,"If the ACA is repealed, protections for millions of Americans with pr...","If the ACA is repealed, protections for millions of Americans with preexisting conditions could be jeopardized. #dnc #thedemocrats #affordablecareact",20231207,24,39800,1707,41,52,,original sound,Democrats,False
7309899788420631854,democrats,https://www.tiktok.com/@democrats/video/7309899788420631854,#thedemocrats #dnc #bidenharris2024 ,#thedemocrats #dnc #bidenharris2024 ,20231207,17,33400,1956,29,71,,original sound,Monday Music Club with Willy J,False
7309883423194090794,democrats,https://www.tiktok.com/@democrats/video/7309883423194090794,Zero. The number is zero. #thedemocrats #dnc #bidenharris2024 ,Zero. The number is zero. #thedemocrats #dnc #bidenharris2024 ,20231207,24,27400,1168,28,12,,original sound,Democrats,False
7309552626792779051,democrats,https://www.tiktok.com/@democrats/video/7309552626792779051,Trump admits he will be a dictator on day one. #thedemocrats #bidenha...,Trump admits he will be a dictator on day one. #thedemocrats #bidenharris2024 #dnc,20231206,6,52100,3615,62,130,,original sound - s1mp0thegoat,s1mp0thegoat,False
7309301904214019374,democrats,https://www.tiktok.com/@democrats/video/7309301904214019374,#thedemocrats #dnc #bidenharris2024 ,#thedemocrats #dnc #bidenharris2024 ,20231206,14,45300,3668,184,81,,original sound,Off Music,False
7308790992402992430,democrats,https://www.tiktok.com/@democrats/video/7308790992402992430,George Santos made history by becoming the sixth member of Congress t...,George Santos made history by becoming the sixth member of Congress to be ousted from the House. #thedemocrats #dnc #houseofrepresentatives #georgesantos ,20231204,8,462900,62000,157,592,,Justice for Brittany,brayden 🎀,False
7308755749784538410,democrats,https://www.tiktok.com/@democrats/video/7308755749784538410,Remembering George Santos’s career in Congress (2023-2023)🙏 #dnc #hou...,Remembering George Santos’s career in Congress (2023-2023)🙏 #dnc #houseofrepresentatives #georgesantos #thedemocrats ,20231204,26,257600,27500,111,902,,always remember you,Abbi,False
7308529225399553326,democrats,https://www.tiktok.com/@democrats/video/7308529225399553326,#thedemocrats #dnc ,#thedemocrats #dnc ,20231204,14,67800,4508,69,210,,obvglimmer made this idea,jay,False
7308448124387740971,democrats,https://www.tiktok.com/@democrats/video/7308448124387740971,#thedemocrats #dnc #affordablecareact ,#thedemocrats #dnc #affordablecareact ,20231203,22,41500,2027,52,11,,Murder On The Dancefloor,Sophie Ellis-Bextor,False
7307795391687265579,democrats,https://www.tiktok.com/@democrats/video/7307795391687265579,This is your reminder that Donald Trump wants to “terminate” the Affo...,This is your reminder that Donald Trump wants to “terminate” the Affordable Care Act. #thedemocrats #affordablecareact #dnc  ,20231202,18,46900,1953,49,76,,original sound,Democrats,False
7307718511583923498,democrats,https://www.tiktok.com/@democrats/video/7307718511583923498,#thedemocrats #dnc #georgesantos #houseofrepresentatives ,#thedemocrats #dnc #georgesantos #houseofrepresentatives ,20231201,35,757300,70200,254,762,,original sound,abby 🫀🦌,False
7307701747772886318,democrats,https://www.tiktok.com/@democrats/video/7307701747772886318,#thedemocrats #dnc #georgesantos #houseofrepresentatives ,#thedemocrats #dnc #georgesantos #houseofrepresentatives ,20231201,23,66300,5391,47,328,,bigger than the whole sky by Taylor Swift,Shannon,False
7307699174248598826,democrats,https://www.tiktok.com/@democrats/video/7307699174248598826,Governor Newsom on Biden-Harris wins. #thedemocrats #bidenharris2024 ...,Governor Newsom on Biden-Harris wins. #thedemocrats #bidenharris2024 #dnc ,20231201,34,96000,7121,117,179,,original sound,Democrats,False
7307667314864901419,democrats,https://www.tiktok.com/@democrats/video/7307667314864901419,#thedemocrats #dnc ,#thedemocrats #dnc ,20231201,59,66200,2976,153,82,,sonido original,🔥 LyricsMood 🎵,False
7307648331809885486,democrats,https://www.tiktok.com/@democrats/video/7307648331809885486,Ron: 😀😐😛 #thedemocrats #dnc #gavinnewsom ,Ron: 😀😐😛 #thedemocrats #dnc #gavinnewsom ,20231201,21,454200,35600,929,2082,,original sound,Democrats,False
7307455804213300523,democrats,https://www.tiktok.com/@democrats/video/7307455804213300523,Smiling through the pain. #thedemocrats #dnc ,Smiling through the pain. #thedemocrats #dnc ,20231201,8,140600,15700,251,539,,original sound,Democrats,False
7307355599086292266,democrats,https://www.tiktok.com/@democrats/video/7307355599086292266,Vice President Harris with the receipts 💯 #dnc #thedemocrats #kamalah...,Vice President Harris with the receipts 💯 #dnc #thedemocrats #kamalaharris ,20231130,42,181100,12700,99,432,,original sound,Democrats,False
7307301580011949358,democrats,https://www.tiktok.com/@democrats/video/7307301580011949358,Day in the life of a ✨Meet the Bidens✨ contest winner. #thedemocrats ...,Day in the life of a ✨Meet the Bidens✨ contest winner. #thedemocrats #dnc #joebiden #jillbiden ,20231130,62,41200,943,34,49,,Aesthetic,Tollan Kim,False
7307272563976064298,democrats,https://www.tiktok.com/@democrats/video/7307272563976064298,You need to know this. #thedemocrats #dnc #affordablecareact #joebiden ,You need to know this. #thedemocrats #dnc #affordablecareact #joebiden ,20231130,8,79100,3645,117,75,,original sound,Ferizagui,False
7307060623513226538,democrats,https://www.tiktok.com/@democrats/video/7307060623513226538,#thedemocrats #dnc ,#thedemocrats #dnc ,20231130,19,135400,10700,145,302,,original sound,Unknown_fnaf_fan,False
7307016321995377966,democrats,https://www.tiktok.com/@democrats/video/7307016321995377966,Guys check the bottom of your Dark Brandon mugs right now. #thedemocr...,Guys check the bottom of your Dark Brandon mugs right now. #thedemocrats #dnc ,20231129,10,5800000,823700,11400,86900,,original sound,Democrats,False
7307007849782070574,democrats,https://www.tiktok.com/@democrats/video/7307007849782070574,House Republicans’ 2023 accomplishments: literally nothing.  #thedemo...,House Republicans’ 2023 accomplishments: literally nothing.  #thedemocrats #dnc #houseofrepresentatives ,20231129,33,309600,30500,115,1024,,오리지널 사운드,minlee 민리,False
7306920269581700398,democrats,https://www.tiktok.com/@democrats/video/7306920269581700398,#dnc #thedemocrats #2024election ,#dnc #thedemocrats #2024election ,20231129,12,59100,2378,25,47,,Confidence (sped up version),Ocean Alley,False
7306574331809697067,democrats,https://www.tiktok.com/@democrats/video/7306574331809697067,What do they do all day besides stirring the pot with each other?🤔 #d...,What do they do all day besides stirring the pot with each other?🤔 #dnc #thedemocrats #houseofrepresentatives ,20231128,8,57800,3147,38,83,,original sound,lukvi,False
7303728572777418015,democrats,https://www.tiktok.com/@democrats/video/7303728572777418015,#thedemocrats #dnc #bidenharris2024 ,#thedemocrats #dnc #bidenharris2024 ,20231121,140,390800,7257,692,91,,je te laisserai de mots,☆☆,False
7303669814483078430,democrats,https://www.tiktok.com/@democrats/video/7303669814483078430,TikTok video #7303669814483078430,,20231120,32,64600,5710,32,6,,original sound,Astranged,False
7303591401688812830,democrats,https://www.tiktok.com/@democrats/video/7303591401688812830,Fly was a paid actor. #thedemocrats #dnc #kamalaharris #2020election,Fly was a paid actor. #thedemocrats #dnc #kamalaharris #2020election,20231120,7,101400,9132,109,119,,original sound,FDuck🦆📖,False
7303231452441857311,democrats,https://www.tiktok.com/@democrats/video/7303231452441857311,Trump promised to appoint justices who would overturn Roe v. Wade — a...,Trump promised to appoint justices who would overturn Roe v. Wade — and he got what he wanted. #thedemocrats #dnc #roevwade,20231119,5,73800,5405,137,33,,female rage,bel6va,False
7302471620688497951,democrats,https://www.tiktok.com/@democrats/video/7302471620688497951,"The first, but certainly not the last 💙 #thedemocrats #dnc #kamalahar...","The first, but certainly not the last 💙 #thedemocrats #dnc #kamalaharris ",20231117,8,55600,4149,88,52,,Vince McMahon Crying,I Green Screen Things,False
7301806450966449454,democrats,https://www.tiktok.com/@democrats/video/7301806450966449454,#thedemocrats #dnc #bidenharris2024 ,#thedemocrats #dnc #bidenharris2024 ,20231115,22,334500,38200,471,564,,Wide Awake by Katy Perry,Aepurry ❀,False
7301462421917420842,democrats,https://www.tiktok.com/@democrats/video/7301462421917420842,Literally just today in the Republican Party. #thedemocrats #dnc ,Literally just today in the Republican Party. #thedemocrats #dnc ,20231114,60,87400,8104,73,401,,original sound,sped up songs <3,False
7301155949740313898,democrats,https://www.tiktok.com/@democrats/video/7301155949740313898,#thedemocrats #dnc ,#thedemocrats #dnc ,20231114,40,74500,6864,50,28,,som original,sped up📻,False
7300772310900870442,democrats,https://www.tiktok.com/@democrats/video/7300772310900870442,Our vice president and second gentleman🥰 #dnc #thedemocrats #kamalaha...,Our vice president and second gentleman🥰 #dnc #thedemocrats #kamalaharris #dougemhoff ,20231113,9,55700,4217,71,23,,original sound,☆정인,False
7300637756429094190,democrats,https://www.tiktok.com/@democrats/video/7300637756429094190,#thedemocrats #dnc #joebiden #barackobama ,#thedemocrats #dnc #joebiden #barackobama ,20231112,20,557900,25000,390,124,,original sound,.,False
7299593094977097003,democrats,https://www.tiktok.com/@democrats/video/7299593094977097003,🚩🚩🚩 #thedemocrats #dnc #houseofrepresentatives #speakerofthehouse ,🚩🚩🚩 #thedemocrats #dnc #houseofrepresentatives #speakerofthehouse ,20231109,19,31300,1149,37,42,,original sound,Democrats,False
7299574539862756650,democrats,https://www.tiktok.com/@democrats/video/7299574539862756650,Our first couple💙 #thedemocrats #dnc #joebiden #jillbiden ,Our first couple💙 #thedemocrats #dnc #joebiden #jillbiden ,20231109,5,103300,5658,108,79,,original sound,jacquelinethoma,False
7299317698079542570,democrats,https://www.tiktok.com/@democrats/video/7299317698079542570,Red flags. #thedemocrats #dnc #bidenharris2024 ,Red flags. #thedemocrats #dnc #bidenharris2024 ,20231109,6,40200,2547,74,43,,original sound,haileena,False
7299290174289104170,democrats,https://www.tiktok.com/@democrats/video/7299290174289104170,So true. #thedemocrats #dnc #bidenharris2024 ,So true. #thedemocrats #dnc #bidenharris2024 ,20231109,21,80300,6815,125,137,,original sound,Democrats,False
7299280243645336875,democrats,https://www.tiktok.com/@democrats/video/7299280243645336875,DeSantis: 👁️🫦👁️,DeSantis: 👁️🫦👁️,20231109,4,12700,194,20,28,,original sound,Democrats,False
7299265916062453038,democrats,https://www.tiktok.com/@democrats/video/7299265916062453038,Last night’s victories were a huge sign of Democrats’ continued momen...,Last night’s victories were a huge sign of Democrats’ continued momentum to protect reproductive freedom. #thedemocrats #dnc #reproductiverights ,20231109,43,158200,20000,187,318,,sonido original,Bryan BOJORQUEZ,False
7299249697091259691,democrats,https://www.tiktok.com/@democrats/video/7299249697091259691,We agree. #thedemocrats #dnc  ,We agree. #thedemocrats #dnc  ,20231109,24,35300,2478,62,60,,original sound,Democrats,False
7299232684092591406,democrats,https://www.tiktok.com/@democrats/video/7299232684092591406,#thedemocrats #dnc #joebiden #darkbrandon ,#thedemocrats #dnc #joebiden #darkbrandon ,20231108,26,63000,5395,170,58,,Asmaa,monga92i,False
7299109615025949998,democrats,https://www.tiktok.com/@democrats/video/7299109615025949998,"Last night, Democrats won in Virginia and protected reproductive free...","Last night, Democrats won in Virginia and protected reproductive freedom.  But make no mistake: Abortion and so many other fundamental freedoms will be on the ballot in 2024. #dnc #thedemocrats #kamalaharris ",20231108,33,96700,10800,268,131,,original sound,Democrats,False
7298932548749626666,democrats,https://www.tiktok.com/@democrats/video/7298932548749626666,#dnc #thedemocrats #election ,#dnc #thedemocrats #election ,20231108,22,30100,2447,32,24,,original sound,B/R Betting,False
7298738966361197870,democrats,https://www.tiktok.com/@democrats/video/7298738966361197870,"REMINDER: As governor of South Carolina, Nikki Haley signed an extrem...","REMINDER: As governor of South Carolina, Nikki Haley signed an extreme abortion ban. #dnc #thedemocrats ",20231107,16,44100,1896,95,57,,original sound,Democrats,False
7298370034378853674,democrats,https://www.tiktok.com/@democrats/video/7298370034378853674,TikTok video #7298370034378853674,,20231106,38,59200,5969,72,45,,original sound,audios 🤍,False
7297976293692362026,democrats,https://www.tiktok.com/@democrats/video/7297976293692362026,"One year from today, we’re reelecting President Biden and Vice Presid...","One year from today, we’re reelecting President Biden and Vice President Harris😎 #thedemocrats #bidenharris2024 #dnc ",20231105,5,257200,3932,2303,234,,original sound,2000_jw,False
7297343498410298666,democrats,https://www.tiktok.com/@democrats/video/7297343498410298666,The difference. #thedemocrats #dnc #joebiden #bidenharris2024 ,The difference. #thedemocrats #dnc #joebiden #bidenharris2024 ,20231103,24,1200000,14300,3544,352,,original sound,ΛstroOmar,False
7297324722705173806,democrats,https://www.tiktok.com/@democrats/video/7297324722705173806,Even Republicans are now calling out Tommy Tuberville for blocking ke...,Even Republicans are now calling out Tommy Tuberville for blocking key U.S. military appointments. ##thedemocrats##dnc##ussenate,20231103,53,355100,24600,398,447,,original sound,Democrats,False
7297290709231570218,democrats,https://www.tiktok.com/@democrats/video/7297290709231570218,"You know what to do, Kentucky. Get out there and vote for Governor Be...","You know what to do, Kentucky. Get out there and vote for Governor Beshear on November 7th🗳️ #electionday #gotv #dnc #thedemocrats",20231103,55,44000,4389,35,122,,original sound,Democrats,False
7297051695396212010,democrats,https://www.tiktok.com/@democrats/video/7297051695396212010,Even Senate Republicans are fed up with Senator Tuberville holding up...,Even Senate Republicans are fed up with Senator Tuberville holding up military nominees. #thedemocrats #dnc #ussenate ,20231103,17,45000,2787,15,28,,original sound,Democrats,False
7296932935758826798,democrats,https://www.tiktok.com/@democrats/video/7296932935758826798,Is Donald Trump okay? #thedemocrats #dnc #bidenharris2024 ,Is Donald Trump okay? #thedemocrats #dnc #bidenharris2024 ,20231102,57,57200,5149,86,178,,original sound,Democrats,False
7296631892848282923,democrats,https://www.tiktok.com/@democrats/video/7296631892848282923,MAGA Mike Johnson is Republicans’ new House speaker. #houseofrepresen...,MAGA Mike Johnson is Republicans’ new House speaker. #houseofrepresentatives #speakerofthehouse #thedemocrats #dnc ,20231101,5,37500,2716,91,27,,original sound,Chris Olsen,False
7296354324144475438,democrats,https://www.tiktok.com/@democrats/video/7296354324144475438,"GOP Speaker Mike Johnson, everybody… #dnc #speakerofthehouse #houseof...","GOP Speaker Mike Johnson, everybody… #dnc #speakerofthehouse #houseofrepresentatives #thedemocrats ",20231101,14,46900,3328,54,54,,original sound,Democrats,False
7296216090831801646,democrats,https://www.tiktok.com/@democrats/video/7296216090831801646,"No tricks, only treats with President Biden🍬 #dnc #thedemocrats #joeb...","No tricks, only treats with President Biden🍬 #dnc #thedemocrats #joebiden ",20231031,10,123200,11900,114,152,,TOXIC X PSYCHO by Altegomusic,ALTÉGO,False
7296177720168320298,democrats,https://www.tiktok.com/@democrats/video/7296177720168320298,Happy Halloween!🎃👻 #dnc #thedemocrats ,Happy Halloween!🎃👻 #dnc #thedemocrats ,20231031,11,74600,7945,60,22,,h a l l o w e e n t o w n,RIRI,False
7295950799107018026,democrats,https://www.tiktok.com/@democrats/video/7295950799107018026,"Wrong city, wrong state, wrong pick for president. #dnc #thedemocrats...","Wrong city, wrong state, wrong pick for president. #dnc #thedemocrats #bidenharris2024 ",20231031,15,28200,1622,14,18,,original sound,Democrats,False
7295857559985048874,democrats,https://www.tiktok.com/@democrats/video/7295857559985048874,Meet MAGA Mike Johnson. #dnc #thedemocrats #speakerofthehouse #houseo...,Meet MAGA Mike Johnson. #dnc #thedemocrats #speakerofthehouse #houseofrepresentatives ,20231030,68,70600,5355,73,82,,original sound,Democrats,False
7295604463409040683,democrats,https://www.tiktok.com/@democrats/video/7295604463409040683,Bidenomics vs. MAGAnomics. #dnc #thedemocrats #joebiden #bidenomics,Bidenomics vs. MAGAnomics. #dnc #thedemocrats #joebiden #bidenomics,20231030,11,59100,4847,156,73,,Benjamins Deli,JRitt,False
7295540753693003051,democrats,https://www.tiktok.com/@democrats/video/7295540753693003051,Australian State Dinner 🤩 #dnc #thedemocrats #joebiden #kamalaharris ,Australian State Dinner 🤩 #dnc #thedemocrats #joebiden #kamalaharris ,20231030,22,52800,4812,52,16,,original sound,haileysauudios,False
7294797135164329259,democrats,https://www.tiktok.com/@democrats/video/7294797135164329259,🚩🚩🚩 #houseofrepresentatives #dnc #speakerofthehouse #thedemocrats ,🚩🚩🚩 #houseofrepresentatives #dnc #speakerofthehouse #thedemocrats ,20231028,8,156500,6192,187,190,,original sound,Democrats,False
7294744974908869931,democrats,https://www.tiktok.com/@democrats/video/7294744974908869931,The difference. #dnc #thedemocrats #speakerofthehouse #hakeemjeffries...,The difference. #dnc #thedemocrats #speakerofthehouse #hakeemjeffries #houseofrepresentatives ,20231027,13,99300,12300,70,211,,original sound,user22983513427,False
7294678722848853290,democrats,https://www.tiktok.com/@democrats/video/7294678722848853290,"Thank you, President Biden🤩 #dnc #thedemocrats #joebiden #bidenomics ","Thank you, President Biden🤩 #dnc #thedemocrats #joebiden #bidenomics ",20231027,7,32200,2677,86,41,,original sound,TheBoredBitch,False
7294652141937986859,democrats,https://www.tiktok.com/@democrats/video/7294652141937986859,Unbelievable. #houseofrepresentatives #speakerofthehouse #thedemocrat...,Unbelievable. #houseofrepresentatives #speakerofthehouse #thedemocrats #dnc ,20231027,4,6473,117,13,14,,original sound,Democrats,False
7294452819237637419,democrats,https://www.tiktok.com/@democrats/video/7294452819237637419,🚨🚨🚨#dnc #speakerofthehouse #houseofrepresentatives #thedemocrats ,🚨🚨🚨#dnc #speakerofthehouse #houseofrepresentatives #thedemocrats ,20231027,5,68400,3461,197,106,,original sound,Democrats,False
7294425308034272555,democrats,https://www.tiktok.com/@democrats/video/7294425308034272555,Mike Johnson is Republicans’ new MAGA House speaker. #houseofrepresen...,Mike Johnson is Republicans’ new MAGA House speaker. #houseofrepresentatives  #thedemocrats #speakerofthehouse #dnc ,20231027,6,78000,7387,50,52,,EVERYBODY TOLD ME THAT I SOUND LIKE CG5,CG5,False
7294405038359842091,democrats,https://www.tiktok.com/@democrats/video/7294405038359842091,Mike Johnson is a MAGA extremist. Pass it on. #dnc #houseofrepresenta...,Mike Johnson is a MAGA extremist. Pass it on. #dnc #houseofrepresentatives #thedemocrats #speakerofthehouse ,20231026,28,60000,3654,124,281,,original sound,Democrats,False
7294388944895020330,democrats,https://www.tiktok.com/@democrats/video/7294388944895020330,Mike Johnson is a MAGA extremist. #dnc #speakerofthehouse #houseofrep...,Mike Johnson is a MAGA extremist. #dnc #speakerofthehouse #houseofrepresentatives #thedemocrats ,20231026,16,209200,9986,270,192,,original sound,petal,False
7293966255713815838,democrats,https://www.tiktok.com/@democrats/video/7293966255713815838,House Republicans are dysfunctional. #dnc #speakerofthehouse #houseof...,House Republicans are dysfunctional. #dnc #speakerofthehouse #houseofrepresentatives #thedemocrats ,20231025,8,84100,9628,25,119,,ty for using my audio,king⭐️,False
7293957125355703582,democrats,https://www.tiktok.com/@democrats/video/7293957125355703582,The new Republican speaker of the House. #speakerofthehouse #thedemoc...,The new Republican speaker of the House. #speakerofthehouse #thedemocrats #dnc #houseofrepresentatives ,20231025,26,628400,30600,1766,6198,,original sound,Democrats,False
7293557546017672478,democrats,https://www.tiktok.com/@democrats/video/7293557546017672478,G🤡P can’t choose a leader… #dnc #thedemocrats #speakerofthehouse #hou...,G🤡P can’t choose a leader… #dnc #thedemocrats #speakerofthehouse #houseofrepresentatives ,20231024,20,847000,128400,321,6840,,Turn Around,I Green Screen Things,False
7292459222585937182,democrats,https://www.tiktok.com/@democrats/video/7292459222585937182,Republicans in disarray. #thedemocrats #dnc #houseofrepresentatives #...,Republicans in disarray. #thedemocrats #dnc #houseofrepresentatives #speakerofthehouse ,20231021,66,43000,3384,31,98,,original sound,Democrats,False
7292128721341893919,democrats,https://www.tiktok.com/@democrats/video/7292128721341893919,House Republicans are still causing chaos🙄 #thedemocrats #speakerofth...,House Republicans are still causing chaos🙄 #thedemocrats #speakerofthehouse #houseofrepresentatives #dnc,20231020,7,196700,26100,81,1538,,original sound,Chief,False
7292101825522568478,democrats,https://www.tiktok.com/@democrats/video/7292101825522568478,🫣🫣🫣 #dnc #thedemocrats #bidenharris2024 ,🫣🫣🫣 #dnc #thedemocrats #bidenharris2024 ,20231020,15,140300,11500,148,334,,I carried this trend guys,hamburg,False
7292050267996998943,democrats,https://www.tiktok.com/@democrats/video/7292050267996998943,Happy Birthday Madam Vice President!🎉 #dnc #thedemocrats #kamalaharris ,Happy Birthday Madam Vice President!🎉 #dnc #thedemocrats #kamalaharris ,20231020,5,65800,5739,79,140,,IT GIRL,aliyahsinterlude,False
7291821596916993311,democrats,https://www.tiktok.com/@democrats/video/7291821596916993311,lol #dnc #thedemocrats #joebiden #bidenharris2024 #truthsocial ,lol #dnc #thedemocrats #joebiden #bidenharris2024 #truthsocial ,20231019,15,123100,10700,71,283,,whats the prob dog,emzo,False
7291779445927578910,democrats,https://www.tiktok.com/@democrats/video/7291779445927578910,House Republicans continue to cause chaos. #dnc #houseofrepresentativ...,House Republicans continue to cause chaos. #dnc #houseofrepresentatives #speakerofthehouse #thedemocrats ,20231019,7,215000,40000,99,2483,,Huh Cat,I Green Screen Things,False
7291708894680796447,democrats,https://www.tiktok.com/@democrats/video/7291708894680796447,Our president and first lady💙 #dnc #thedemocrats #joebiden #jillbiden ,Our president and first lady💙 #dnc #thedemocrats #joebiden #jillbiden ,20231019,24,98300,8732,109,122,,original sound,♡5𝑲♡ | 𝑺𝒑𝒂𝒎 = 𝑩𝑳𝑶𝑪𝑲,False
7291523990915403039,democrats,https://www.tiktok.com/@democrats/video/7291523990915403039,Exactly one year apart. #dnc #thedemocrats #bidenharris2024 #teambide...,Exactly one year apart. #dnc #thedemocrats #bidenharris2024 #teambidenharris ,20231019,12,66900,2812,53,22,,America,kii,False
7291477242423610654,democrats,https://www.tiktok.com/@democrats/video/7291477242423610654,More Democrats in office please 😇 #dnc #thedemocrats #bidenharris2024 ,More Democrats in office please 😇 #dnc #thedemocrats #bidenharris2024 ,20231019,14,64800,6034,86,140,,son original,AND ACTION,False
7291420945842064670,democrats,https://www.tiktok.com/@democrats/video/7291420945842064670,🤭 #dnc #thedemocrats #joebiden #speakerofthehouse #houseofrepresentat...,🤭 #dnc #thedemocrats #joebiden #speakerofthehouse #houseofrepresentatives ,20231018,12,72800,3181,37,102,,original sound,Democrats,False
7291412054076853534,democrats,https://www.tiktok.com/@democrats/video/7291412054076853534,Two for two... #dnc #thedemocrats #houseofrepresentatives #speakeroft...,Two for two... #dnc #thedemocrats #houseofrepresentatives #speakerofthehouse ,20231018,6,83400,5809,22,103,,original sound,sadiya,False
7291363516274052382,democrats,https://www.tiktok.com/@democrats/video/7291363516274052382,Flop. #dnc #thedemocrats #bidenharris2024 ,Flop. #dnc #thedemocrats #bidenharris2024 ,20231018,15,114200,12200,238,545,,original sound,🪩,False
7291097907921456414,democrats,https://www.tiktok.com/@democrats/video/7291097907921456414,Same time tomorrow? #dnc #thedemocrats #houseofrepresentatives #speak...,Same time tomorrow? #dnc #thedemocrats #houseofrepresentatives #speakerofthehouse ,20231018,6,181600,16400,43,491,,original sound,sadiya,False
7291072429173083422,democrats,https://www.tiktok.com/@democrats/video/7291072429173083422,Republicans still in disarray... #dnc #thedemocrats #houseofrepresent...,Republicans still in disarray... #dnc #thedemocrats #houseofrepresentatives #speakerofthehouse ,20231017,8,118200,14800,34,906,,original sound,jj🌺,False
7291042130108189982,democrats,https://www.tiktok.com/@democrats/video/7291042130108189982,Time to troll with the truth🫡 #dnc #thedemocrats #bidenharris2024 #tr...,Time to troll with the truth🫡 #dnc #thedemocrats #bidenharris2024 #truthsocial ,20231017,6,53100,2093,13,32,,original sound,Democrats,False
7291024047255702814,democrats,https://www.tiktok.com/@democrats/video/7291024047255702814,🤭🤭🤭 #dnc #thedemocrats #bidenharris2024 #truthsocial ,🤭🤭🤭 #dnc #thedemocrats #bidenharris2024 #truthsocial ,20231017,7,59400,3347,17,67,,Out here living tho,GenzXeditz,False
7291006378028715295,democrats,https://www.tiktok.com/@democrats/video/7291006378028715295,House Republican leadership got nothing on Speaker Emerita Pelosi💅 #d...,House Republican leadership got nothing on Speaker Emerita Pelosi💅 #dnc #thedemocrats #houseofrepresentatives #nancypelosi #speakerofthehouse ,20231017,7,56600,4115,22,68,,maneater,vi,False
7290984402627087646,democrats,https://www.tiktok.com/@democrats/video/7290984402627087646,L #dnc #thedemocrats #2020election #2024election #bidenharris2024 ,L #dnc #thedemocrats #2020election #2024election #bidenharris2024 ,20231017,18,1800000,366500,2400,27400,,i love wynter,laylaa.nw,False
7290643004598095134,democrats,https://www.tiktok.com/@democrats/video/7290643004598095134,Our Roman Empire🫡 #dnc #thedemocrats #romanempire ,Our Roman Empire🫡 #dnc #thedemocrats #romanempire ,20231016,31,62400,6446,33,160,,lacy second chorus olivia rodrigo,amelia⭐️⭐️,False
7290380328898710815,democrats,https://www.tiktok.com/@democrats/video/7290380328898710815,G🤡P #dnc #thedemocrats #halloween2023 ,G🤡P #dnc #thedemocrats #halloween2023 ,20231016,27,129600,21300,210,2028,,original sound,EX7STENCE™,False
7290315704429972766,democrats,https://www.tiktok.com/@democrats/video/7290315704429972766,⚠️REMINDER⚠️: 2024 Republican candidates align with Trump and the ext...,⚠️REMINDER⚠️: 2024 Republican candidates align with Trump and the extreme MAGA agenda. #dnc #thedemocrats #bidenharris2024 #2024election ,20231015,18,75200,6490,68,130,,Ludwig Van Beethoven On Tour,seb,False
7289563531274423582,democrats,https://www.tiktok.com/@democrats/video/7289563531274423582,House Democrats know what leadership looks like. #dnc #thedemocrats #...,House Democrats know what leadership looks like. #dnc #thedemocrats #speakerofthehouse #houseofrepresentatives ,20231013,9,696200,100100,390,2644,,original sound,Jo Wuensche,False
7289538044179287327,democrats,https://www.tiktok.com/@democrats/video/7289538044179287327,Republicans in disarray. #dnc #thedemocrats #speakerofthehouse #house...,Republicans in disarray. #dnc #thedemocrats #speakerofthehouse #houseofrepresentatives ,20231013,59,75500,5065,15,82,,always remember you,Abbi,False
7289476165209722143,democrats,https://www.tiktok.com/@democrats/video/7289476165209722143,It’s fall y’all. #dnc #thedemocrats #joebiden #kamalaharris #barackob...,It’s fall y’all. #dnc #thedemocrats #joebiden #kamalaharris #barackobama ,20231013,49,44900,4875,41,35,,original sound,gilmoregirlstok,False
7289277381888511263,democrats,https://www.tiktok.com/@democrats/video/7289277381888511263,👁️👄👁️ #dnc #thedemocrats #bidenharris2024 ,👁️👄👁️ #dnc #thedemocrats #bidenharris2024 ,20231013,57,24600,1314,25,60,,original sound,Democrats,False
7288819222455667999,democrats,https://www.tiktok.com/@democrats/video/7288819222455667999,🦗🦗🦗 #dnc #thedemocrats #joebiden #bidenomics ,🦗🦗🦗 #dnc #thedemocrats #joebiden #bidenomics ,20231011,8,35800,2973,31,30,,original sound,KA$IM💰‼️,False
7288713958452710687,democrats,https://www.tiktok.com/@democrats/video/7288713958452710687,This historic achievement marks a significant step to making sure our...,This historic achievement marks a significant step to making sure our nation’s Capitol reflects the people it represents. #dnc #thedemocrats #laphonzabutler,20231011,8,32600,3470,10,16,,original sound - Floptropica,As@p Pineapplé,False
7287616500951780639,democrats,https://www.tiktok.com/@democrats/video/7287616500951780639,"Thank you, President Biden 🙌 #dnc #thedemocrats #studentdebtrelief #j...","Thank you, President Biden 🙌 #dnc #thedemocrats #studentdebtrelief #joebiden ",20231008,8,97200,7213,148,106,,som original,isa ellie★,False
7286903578889817375,democrats,https://www.tiktok.com/@democrats/video/7286903578889817375,From the Bipartisan Safer Communities Act to the Inflation Reduction ...,"From the Bipartisan Safer Communities Act to the Inflation Reduction Act, President Biden has signed some of the most significant legislation of our time into law. Let’s keep it going! #thedemocrats #dnc #joebiden ",20231006,13,78600,5363,47,168,,Let him cook x Imperius on all platforms,Caleb,False
7286864251380059423,democrats,https://www.tiktok.com/@democrats/video/7286864251380059423,McCarthy making history🤡✨🤭💅 #dnc #thedemocrats #kevinmccarthy #speake...,McCarthy making history🤡✨🤭💅 #dnc #thedemocrats #kevinmccarthy #speakerofthehouse  #houseofrepresentatives ,20231006,18,1500000,296600,441,11600,,i love wynter,laylaa.nw,False
7286595350389935391,democrats,https://www.tiktok.com/@democrats/video/7286595350389935391,MAGA Republicans offer nothing but chaos. #dnc #thedemocrats #kevinmc...,MAGA Republicans offer nothing but chaos. #dnc #thedemocrats #kevinmccarthy #houseofrepresentatives ,20231005,22,133300,10100,41,180,,original sound,Savannah,False
7286551342380764446,democrats,https://www.tiktok.com/@democrats/video/7286551342380764446,McCarthy could never. #thedemocrats #dnc #thedemocrats #nancypelosi #...,McCarthy could never. #thedemocrats #dnc #thedemocrats #nancypelosi #kevinmccarthy ,20231005,11,242400,24700,206,575,,Originalton,jean.7567,False
7286488501971963167,democrats,https://www.tiktok.com/@democrats/video/7286488501971963167,🤭 #dnc #thedemocrats #kevinmccarthy #houseofrepresentatives #joebiden ,🤭 #dnc #thedemocrats #kevinmccarthy #houseofrepresentatives #joebiden ,20231005,11,453600,31900,189,1324,,original sound,M dog,False
7286256646769216798,democrats,https://www.tiktok.com/@democrats/video/7286256646769216798,Remembering McCarthy’s Speakership (2023-2023) 🙏 #houseofrepresentati...,Remembering McCarthy’s Speakership (2023-2023) 🙏 #houseofrepresentatives #dnc #thedemocrats #kevinmccarthy ,20231004,25,1300000,151300,512,13600,,always remember you,Abbi,False
7286208375937830175,democrats,https://www.tiktok.com/@democrats/video/7286208375937830175,The generation of conservative flops. #dnc #thedemocrats #kevinmccart...,The generation of conservative flops. #dnc #thedemocrats #kevinmccarthy #houseofrepresentatives ,20231004,18,263200,19700,86,2039,,оригинальный звук,aburec,False
7286169032741375263,democrats,https://www.tiktok.com/@democrats/video/7286169032741375263,President Biden and Champ💙 #thedemocrats #dnc #joebiden ,President Biden and Champ💙 #thedemocrats #dnc #joebiden ,20231004,107,97000,10900,58,192,,To be loved Is to be changed,_.g_m._4,False
7286122498880490783,democrats,https://www.tiktok.com/@democrats/video/7286122498880490783,😀😐 #dnc #thedemocrats ,😀😐 #dnc #thedemocrats ,20231004,9,100300,11100,116,1076,,original sound,Melly Own,False
7285920607680728351,democrats,https://www.tiktok.com/@democrats/video/7285920607680728351,He lost his job. #dnc #thedemocrats #houseofrepresentatives #kevinmcc...,He lost his job. #dnc #thedemocrats #houseofrepresentatives #kevinmccarthy ,20231004,5,982200,138400,221,9191,,original sound,officialcody._cody69,False
7285893225229946143,democrats,https://www.tiktok.com/@democrats/video/7285893225229946143,269 days later. #dnc #thedemocrats #houseofrepresentatives #kevinmcca...,269 days later. #dnc #thedemocrats #houseofrepresentatives #kevinmccarthy ,20231004,8,1300000,234500,456,13700,,Justice for Brittany,brayden 🎀,False
7285875710231694622,democrats,https://www.tiktok.com/@democrats/video/7285875710231694622,#stitch with @The Democrats Oof. #dnc #thedemocrats #houseofrepresent...,#stitch with @The Democrats Oof. #dnc #thedemocrats #houseofrepresentatives #kevinmccarthy  ,20231003,5,90000,4671,20,149,,original sound,Democrats,False
7285861592821026078,democrats,https://www.tiktok.com/@democrats/video/7285861592821026078,The end of a short era. #dnc #thedemocrats #houseofrepresentatives #k...,The end of a short era. #dnc #thedemocrats #houseofrepresentatives #kevinmccarthy ,20231003,35,536600,68700,193,4021,,original sound,abby 🫀🦌,False
7285825347814198558,democrats,https://www.tiktok.com/@democrats/video/7285825347814198558,"Congratulations, Senator Laphonza Butler! #dnc #thedemocrats #laphonz...","Congratulations, Senator Laphonza Butler! #dnc #thedemocrats #laphonzabutler #kamalaharris ",20231003,24,129300,18500,76,415,,Thats my girl,SP33D audios,False
7284959420314897695,democrats,https://www.tiktok.com/@democrats/video/7284959420314897695,Wishing former President Jimmy Carter a happy 99th birthday!🎉 #dnc #t...,Wishing former President Jimmy Carter a happy 99th birthday!🎉 #dnc #thedemocrats #jimmycarter,20231001,12,75800,7806,44,64,,original sound,amy,False
7284702585917951262,democrats,https://www.tiktok.com/@democrats/video/7284702585917951262,United. #dnc #thedemocrats ,United. #dnc #thedemocrats ,20230930,11,78300,6722,154,553,,Home Resonance,xervic,False
7284647366018354463,democrats,https://www.tiktok.com/@democrats/video/7284647366018354463,The Biden-Harris administration is taking historic actions to end gun...,The Biden-Harris administration is taking historic actions to end gun violence in our country. #dnc #thedemocrats #bidenharris2024 ,20230930,16,39800,2016,11,24,,original sound,Democrats,False
7284365244447690014,democrats,https://www.tiktok.com/@democrats/video/7284365244447690014,Reminder. #thedemocrats #2024election #bidenharris2024 #dnc ,Reminder. #thedemocrats #2024election #bidenharris2024 #dnc ,20230929,6,62800,5585,53,68,,original sound,Artist Kathy🆘🇨🇦🇺🇸,False
7284333757694283038,democrats,https://www.tiktok.com/@democrats/video/7284333757694283038,A cup of Joe never tasted better. #dnc #thedemocrats #joebiden #darkb...,A cup of Joe never tasted better. #dnc #thedemocrats #joebiden #darkbrandon ,20230929,11,58800,3247,56,350,,America,kii,False
7284056209664134431,democrats,https://www.tiktok.com/@democrats/video/7284056209664134431,🤔🤔🤔 #dnc #thedemocrats #bidenharris2024 #2024election ,🤔🤔🤔 #dnc #thedemocrats #bidenharris2024 #2024election ,20230929,3,25000,1001,10,43,,original sound,Democrats,False
7283955922316102942,democrats,https://www.tiktok.com/@democrats/video/7283955922316102942,Biden-Harris 2024🫡 #dnc #thedemocrats #bidenharris2024 #2024election ,Biden-Harris 2024🫡 #dnc #thedemocrats #bidenharris2024 #2024election ,20230928,13,283900,58000,155,3494,,Not a want but a need,Klaudijaaa,False
7283935287334407470,democrats,https://www.tiktok.com/@democrats/video/7283935287334407470,We approve this message. #dnc #thedemocrats #bidenharris2024 #2024ele...,We approve this message. #dnc #thedemocrats #bidenharris2024 #2024election ,20230928,20,697500,92100,519,11200,,original sound,Democrats,False
7283879810378698030,democrats,https://www.tiktok.com/@democrats/video/7283879810378698030,Our president 🫡 🦅 #thedemocrats #dnc #joebiden #lanadelrey ,Our president 🫡 🦅 #thedemocrats #dnc #joebiden #lanadelrey ,20230928,15,94600,10700,152,1922,,som original,ᝰ.ᐟ Samy,False
7283719613618097439,democrats,https://www.tiktok.com/@democrats/video/7283719613618097439,Unbearable. #dnc #thedemocrats #bidenharris2024 #2024election ,Unbearable. #dnc #thedemocrats #bidenharris2024 #2024election ,20230928,10,52300,4611,68,264,,aughhh,Colten Ellis,False
7283688277721255198,democrats,https://www.tiktok.com/@democrats/video/7283688277721255198,Couldn’t agree more. #dnc #thedemocrats   #bidenharris2024 #2024elect...,Couldn’t agree more. #dnc #thedemocrats   #bidenharris2024 #2024election ,20230928,13,131300,7931,108,351,,original sound,Democrats,False
7283675788833033503,democrats,https://www.tiktok.com/@democrats/video/7283675788833033503,We’re on Team Biden-Harris 💯 #dnc #thedemocrats #bidenharris2024 #joe...,We’re on Team Biden-Harris 💯 #dnc #thedemocrats #bidenharris2024 #joebiden ,20230928,31,76600,7548,123,142,,original sound,Democrats,False
7283672579523562782,democrats,https://www.tiktok.com/@democrats/video/7283672579523562782,Here we go again… #dnc #thedemocrats #2024election #bidenharris2024 ,Here we go again… #dnc #thedemocrats #2024election #bidenharris2024 ,20230928,10,28800,1609,22,47,,,,False
7283660085417626910,democrats,https://www.tiktok.com/@democrats/video/7283660085417626910,2024 Republican candidates are big on MAGA extremism. #dnc #thedemocr...,2024 Republican candidates are big on MAGA extremism. #dnc #thedemocrats #2024election #bidenharris2024 ,20230928,13,25200,1271,16,22,,,,False
7283653412070100254,democrats,https://www.tiktok.com/@democrats/video/7283653412070100254,😳✋ #dnc #thedemocrats #2024election #bidenharris2024 ,😳✋ #dnc #thedemocrats #2024election #bidenharris2024 ,20230927,9,67200,8761,65,882,,original sound,queenoppfunny,False
7283636653439126814,democrats,https://www.tiktok.com/@democrats/video/7283636653439126814,REMINDER: Trump paved the way for abortion bans across the country. #...,REMINDER: Trump paved the way for abortion bans across the country. #dnc #thedemocrats #roevwade #dobbsvjackson ,20230927,9,19000,927,23,31,,Creepy and simple horror background music(1070744),howlingindicator,False
7283622128736357662,democrats,https://www.tiktok.com/@democrats/video/7283622128736357662,DeSaster. #dnc #thedemocrats ,DeSaster. #dnc #thedemocrats ,20230927,20,423100,19800,299,2563,,original sound,SpongeBob background music,False
7283541598690987306,democrats,https://www.tiktok.com/@democrats/video/7283541598690987306,Caught in 4K. #thedemocrats #dnc ,Caught in 4K. #thedemocrats #dnc ,20230927,4,9995,540,3,11,,original sound,hemissme,False
7283521737717845278,democrats,https://www.tiktok.com/@democrats/video/7283521737717845278,"If there’s a government shut down, you can thank House Republicans. #...","If there’s a government shut down, you can thank House Republicans. #thedemocrats #dnc",20230927,7,23200,2060,8,36,,original sound,Josh Nelson,False
7283515391169531167,democrats,https://www.tiktok.com/@democrats/video/7283515391169531167,President Biden became the first sitting president to ever walk a pic...,President Biden became the first sitting president to ever walk a picket line when he joined the UAW autoworkers. #thedemocrats #dnc #joebiden #uawstrike ,20230927,20,16700,1429,12,7,,original sound,L,False
7283497816444456238,democrats,https://www.tiktok.com/@democrats/video/7283497816444456238,President Biden stands with autoworkers. #thedemocrats #joebiden #uaw...,President Biden stands with autoworkers. #thedemocrats #joebiden #uawstrike #dnc ,20230927,18,31400,3366,25,107,,original sound,Democrats,False
7282968237438979371,democrats,https://www.tiktok.com/@democrats/video/7282968237438979371,Our president and first lady💙 #dnc #thedemocrats #joebiden #jillbiden ,Our president and first lady💙 #dnc #thedemocrats #joebiden #jillbiden ,20230926,16,118300,6687,31,92,,original sound,leo,False
7282758366680681770,democrats,https://www.tiktok.com/@democrats/video/7282758366680681770,"Thank you, President Biden 😎 #dnc #thedemocrats #joebiden ","Thank you, President Biden 😎 #dnc #thedemocrats #joebiden ",20230925,7,29300,2883,63,76,,The most American sound to ever exist,.𖥔 ݁ ˖ִ🦇༄˖°.,False
7282514740520209706,democrats,https://www.tiktok.com/@democrats/video/7282514740520209706,Donald Trump owns every abortion ban across the country. Pass it on. ...,Donald Trump owns every abortion ban across the country. Pass it on. #thedemocrats #dnc #roevwade #dobbsvjackson ,20230924,35,306500,7004,362,11500,,original sound,Democrats,False
7282438384293776682,democrats,https://www.tiktok.com/@democrats/video/7282438384293776682,Give it up for Gen Z👏 #thedemocrats #dnc #kamalaharris #genz ,Give it up for Gen Z👏 #thedemocrats #dnc #kamalaharris #genz ,20230924,38,19800,1608,13,46,,original sound,Democrats,False
7281777364827245867,democrats,https://www.tiktok.com/@democrats/video/7281777364827245867,The Biden-Harris administration is listening to young people 💙 #dnc #...,The Biden-Harris administration is listening to young people 💙 #dnc #thedemocrats #maxwellfrost #bidenharris2024 ,20230922,17,15600,1547,26,24,,original sound,Democrats,False
7281752552054541611,democrats,https://www.tiktok.com/@democrats/video/7281752552054541611,MAGAnomics vs. Bidenomics. #joebiden #thedemocrats #dnc #bidenomics ,MAGAnomics vs. Bidenomics. #joebiden #thedemocrats #dnc #bidenomics ,20230922,13,19800,1788,34,32,,original sound,worsethanrevenge,False
7281707895341714734,democrats,https://www.tiktok.com/@democrats/video/7281707895341714734,That’s our president 💯 #joebiden #dnc #thedemocrats #darkbrandon ,That’s our president 💯 #joebiden #dnc #thedemocrats #darkbrandon ,20230922,14,67400,5878,94,428,,girlhood,coniiiiii,False
7281679725670468907,democrats,https://www.tiktok.com/@democrats/video/7281679725670468907,Yes. #dnc #thedemocrats #joebiden #bidenharris2024 ,Yes. #dnc #thedemocrats #joebiden #bidenharris2024 ,20230922,29,307400,41000,277,1522,,Sunshine,WIRA,False
7281648993778830638,democrats,https://www.tiktok.com/@democrats/video/7281648993778830638,"REMINDER: If there’s a government shutdown, you can thank House Repub...","REMINDER: If there’s a government shutdown, you can thank House Republicans. #dnc #thedemocrats ",20230922,15,47200,3995,24,237,,original sound,tuckerbudzyn,False
7281450138202049835,democrats,https://www.tiktok.com/@democrats/video/7281450138202049835,Nothing but excuses from Kevin McCarthy. #dnc #thedemocrats #nancypel...,Nothing but excuses from Kevin McCarthy. #dnc #thedemocrats #nancypelosi ,20230922,8,35900,3681,13,73,,original sound,Ttt tour updates !,False
7281416167120489770,democrats,https://www.tiktok.com/@democrats/video/7281416167120489770,"Time to unpin that tweet, Kevin McCarthy. #dnc #thedemocrats ","Time to unpin that tweet, Kevin McCarthy. #dnc #thedemocrats ",20230921,9,85300,7633,26,159,,original sound,cam.cc,False
7281363942239112494,democrats,https://www.tiktok.com/@democrats/video/7281363942239112494,The chaos continues with Republicans. #dnc #thedemocrats ,The chaos continues with Republicans. #dnc #thedemocrats ,20230921,10,16200,1043,8,28,,,,False
7281295976277527851,democrats,https://www.tiktok.com/@democrats/video/7281295976277527851,The difference. #joebiden #thedemocrats #dnc ,The difference. #joebiden #thedemocrats #dnc ,20230921,46,347000,17300,109,306,,original sound,Democrats,False
7281029702784175406,democrats,https://www.tiktok.com/@democrats/video/7281029702784175406,We’re back 😎 #dnc #thedemocrats ,We’re back 😎 #dnc #thedemocrats ,20230920,3,6080,139,6,6,,i do dis for my skwad,shego,False
7280660174178618670,democrats,https://www.tiktok.com/@democrats/video/7280660174178618670,No Malarkey found in this mug. #joebiden #darkbrandon #thedemocrats #...,No Malarkey found in this mug. #joebiden #darkbrandon #thedemocrats #dnc ,20230919,9,1500000,110500,861,15100,,原聲,mycatso_cute,False
7280562277089103147,democrats,https://www.tiktok.com/@democrats/video/7280562277089103147,"Last week, Vice President Harris kicked off her college tour at Hampt...","Last week, Vice President Harris kicked off her college tour at Hampton University! #dnc #thedemocrats #kamalaharris ",20230919,10,21100,1648,11,20,,original sound,Democrats,False
7280522614118976814,democrats,https://www.tiktok.com/@democrats/video/7280522614118976814,"See you in 2024, Chicago! #thedemocrats #dnc #bidenharris2024 #2024el...","See you in 2024, Chicago! #thedemocrats #dnc #bidenharris2024 #2024election #democraticnationalconvention  ",20230919,9,47200,1960,23,55,,original sound,ItsVyvica,False
7280151850924379438,democrats,https://www.tiktok.com/@democrats/video/7280151850924379438,Kevin McCarthy in 2019 vs. 2023. #dnc #thedemocrats ,Kevin McCarthy in 2019 vs. 2023. #dnc #thedemocrats ,20230918,9,33400,1787,9,21,,"original sound - datz suspicious, datz weird","datz suspicious, datz weird",False
7279911963981778219,democrats,https://www.tiktok.com/@democrats/video/7279911963981778219,Extremely rare Gaetz W. #dnc #thedemocrats ,Extremely rare Gaetz W. #dnc #thedemocrats ,20230917,11,34900,2862,15,65,,oh,cy,False
7279813614897204526,democrats,https://www.tiktok.com/@democrats/video/7279813614897204526,We can’t wait to celebrate our party’s accomplishments and renominate...,We can’t wait to celebrate our party’s accomplishments and renominate President Biden and Vice President Harris in Chicago! #bidenharris2024 #dnc #thedemocrats ,20230917,10,21200,1676,31,51,,chicago chicago chicago explorechicago,Explore Chicago,False
7279052648161021227,democrats,https://www.tiktok.com/@democrats/video/7279052648161021227,Cup of Joe ☕️💯 #dnc #darkbrandon #thedemocrats #joebiden ,Cup of Joe ☕️💯 #dnc #darkbrandon #thedemocrats #joebiden ,20230915,8,25800,2059,27,140,,original sound,Joseff,False
7278810386248387883,democrats,https://www.tiktok.com/@democrats/video/7278810386248387883,2024 Republican candidates align with Trump and the extreme MAGA base...,2024 Republican candidates align with Trump and the extreme MAGA base. #dnc #thedemocrats #2024election ,20230914,59,40700,3062,25,37,,sonido original,Joaquín Sebastián Amaya,False
7278353231284309294,democrats,https://www.tiktok.com/@democrats/video/7278353231284309294,"Once again, Kevin McCarthy doesn’t have the votes. #dnc #thedemocrats ","Once again, Kevin McCarthy doesn’t have the votes. #dnc #thedemocrats ",20230913,12,23800,2363,13,34,,I LOVE IT,Keegan Claire,False
7278316106119466283,democrats,https://www.tiktok.com/@democrats/video/7278316106119466283,We see right through Kevin McCarthy. #dnc #thedemocrats #johnfetterman ,We see right through Kevin McCarthy. #dnc #thedemocrats #johnfetterman ,20230913,17,40900,4169,39,126,,original sound,Democrats,False
7278135874414529835,democrats,https://www.tiktok.com/@democrats/video/7278135874414529835,We’re not backing down in the fight for reproductive rights. #dnc #th...,We’re not backing down in the fight for reproductive rights. #dnc #thedemocrats #dobbsvjackson #roevwade ,20230913,28,25200,3692,29,51,,original sound,TSAUDIOS,False
7278041135551958315,democrats,https://www.tiktok.com/@democrats/video/7278041135551958315,Kevin McCarthy on impeachment in 2019 vs. 2023. #dnc #thedemocrats ,Kevin McCarthy on impeachment in 2019 vs. 2023. #dnc #thedemocrats ,20230912,39,322000,18800,510,2005,,original sound,Democrats,False
7277971166848142638,democrats,https://www.tiktok.com/@democrats/video/7277971166848142638,Thank you President Biden🤩 #dnc #thedemocrats #joebiden ,Thank you President Biden🤩 #dnc #thedemocrats #joebiden ,20230912,7,50000,4464,119,80,,original sound,L,False
7277793884434910506,democrats,https://www.tiktok.com/@democrats/video/7277793884434910506,Hip hop is the ultimate American art form. #thedemocrats #dnc #kamala...,Hip hop is the ultimate American art form. #thedemocrats #dnc #kamalaharris ,20230912,54,13100,894,5,25,,original sound,Democrats,False
7277678775284845870,democrats,https://www.tiktok.com/@democrats/video/7277678775284845870,Madam Vice President ate and left no crumbs💃 #thedemocrats #dnc #kama...,Madam Vice President ate and left no crumbs💃 #thedemocrats #dnc #kamalaharris ,20230911,11,37800,2776,46,91,,original sound,MORE ENERGY 😎,False
7276507370149170475,democrats,https://www.tiktok.com/@democrats/video/7276507370149170475,MAGA Republicans are out of touch with the American people. #dnc #the...,MAGA Republicans are out of touch with the American people. #dnc #thedemocrats ,20230908,32,50900,6920,69,185,,I just had RAAAAUGHHH,,False
7275802820811492650,democrats,https://www.tiktok.com/@democrats/video/7275802820811492650,💙 (📸 AP Photo/Matt Rourke) #dnc #thedemocrats #joebiden ,💙 (📸 AP Photo/Matt Rourke) #dnc #thedemocrats #joebiden ,20230906,16,82600,9861,58,96,,snowfall by øneheart,💯,False
7275366242972699946,democrats,https://www.tiktok.com/@democrats/video/7275366242972699946,Reminder. #dnc #inflationreductionact #thedemocrats ,Reminder. #dnc #inflationreductionact #thedemocrats ,20230905,7,29500,3581,39,91,,,,False
7273610991940750635,democrats,https://www.tiktok.com/@democrats/video/7273610991940750635,President Biden took on Big Pharma and won. #thedemocrats #dnc #taylo...,President Biden took on Big Pharma and won. #thedemocrats #dnc #taylorswift #erastour ,20230831,14,24400,1966,18,334,,UPDATED album ranking,guy ☆,False
7273567279865023787,democrats,https://www.tiktok.com/@democrats/video/7273567279865023787,Democrats will hold MAGA Republicans accountable for their extreme ag...,Democrats will hold MAGA Republicans accountable for their extreme agenda. #dnc #thedemocrats ,20230831,6,17900,1416,10,11,,,,False
7273506927139687726,democrats,https://www.tiktok.com/@democrats/video/7273506927139687726,Trump talked. Biden delivered. Medicare can negotiate for lower presc...,Trump talked. Biden delivered. Medicare can negotiate for lower prescription drug prices under the Inflation Reduction Act. #dnc #thedemocrats #inflationreductionact ,20230831,5,46500,3664,40,106,,original sound,Kagan Dunlap,False
7273479057298246954,democrats,https://www.tiktok.com/@democrats/video/7273479057298246954,👨‍🚒👨‍🚒👨‍🚒 #dnc #thedemocrats ,👨‍🚒👨‍🚒👨‍🚒 #dnc #thedemocrats ,20230831,25,35300,4602,23,333,,ABBA Mashup,Joebot the Robot 🤖,False
7273185950023535918,democrats,https://www.tiktok.com/@democrats/video/7273185950023535918,It girls. #thedemocrats #dnc ,It girls. #thedemocrats #dnc ,20230830,21,30600,3553,27,41,,these videos are adorable,eachfallenrobin,False
7272779323789118762,democrats,https://www.tiktok.com/@democrats/video/7272779323789118762,Kerry Washington visits Vice President Harris at the White House. #th...,Kerry Washington visits Vice President Harris at the White House. #thedemocrats #dnc #kamalaharris ,20230829,6,779800,62600,309,1701,,original sound,jac 🧚🏼‍♀️,False
7272428170048032046,democrats,https://www.tiktok.com/@democrats/video/7272428170048032046,TikTok video #7272428170048032046,,20230828,6,28200,2644,28,42,,original sound,maaldaxon,False
7271810468187098410,democrats,https://www.tiktok.com/@democrats/video/7271810468187098410,Malarkey has met its match 😎 #darkbrandon #dnc #thedemocrats ,Malarkey has met its match 😎 #darkbrandon #dnc #thedemocrats ,20230827,20,202100,24900,85,2070,,original sound,Joshua,False
7271439132574911787,democrats,https://www.tiktok.com/@democrats/video/7271439132574911787,A bunch of Republicans pushing an extreme MAGA agenda. ##dnc##thedemo...,A bunch of Republicans pushing an extreme MAGA agenda. ##dnc##thedemocrats,20230826,6,52600,4370,80,75,,Funky Town Low Quality Reposted,Hellisupra Backup,False
7271021704011320619,democrats,https://www.tiktok.com/@democrats/video/7271021704011320619,🚨🚨🚨 #dnc #bidenharris2024 #teamjoe #thedemocrats ,🚨🚨🚨 #dnc #bidenharris2024 #teamjoe #thedemocrats ,20230824,43,134800,8507,240,185,,original sound,Kristin Chirico,False
7270971348397165867,democrats,https://www.tiktok.com/@democrats/video/7270971348397165867,What she said. #dnc #bidenharris2024 #teamjoe #thedemocrats ,What she said. #dnc #bidenharris2024 #teamjoe #thedemocrats ,20230824,11,108500,8589,63,145,,original sound,Democrats,False
7270943399405014314,democrats,https://www.tiktok.com/@democrats/video/7270943399405014314,Republicans running for president don’t think that human behavior is ...,Republicans running for president don’t think that human behavior is causing climate change. #dnc #bidenharris2024 #thedemocrats #teamjoe,20230824,11,176900,7556,51,270,,original sound,Democrats,False
7270913742928432426,democrats,https://www.tiktok.com/@democrats/video/7270913742928432426,No Malarkey here folks. #dnc #bidenharris2024 #teamjoe #thedemocrats ...,No Malarkey here folks. #dnc #bidenharris2024 #teamjoe #thedemocrats #darkbrandon,20230824,26,73800,11900,80,1048,,Asmaa,monga92i,False
7270609624850697518,democrats,https://www.tiktok.com/@democrats/video/7270609624850697518,The Biden-Harris administration will continue to provide support to e...,The Biden-Harris administration will continue to provide support to ensure the recovery of Hawai’i. #dnc #thedemocrats #maui #lahainafire ,20230823,35,31000,2427,69,21,,je te laisserai des mots,marie,False
7270555142238326059,democrats,https://www.tiktok.com/@democrats/video/7270555142238326059,President Biden and Vice President Harris are committed to delivering...,President Biden and Vice President Harris are committed to delivering relief to student loan borrowers 🙌 #dnc #thedemocrats #studentdebtrelief ,20230823,7,15800,727,10,18,,freaking out the neighborhood by mac demarcoシ,offline,False
7270231306414460202,democrats,https://www.tiktok.com/@democrats/video/7270231306414460202,🪰🪰🪰 #dnc #thedemocrats #kamalaharris #teambidenharris ,🪰🪰🪰 #dnc #thedemocrats #kamalaharris #teambidenharris ,20230822,9,93200,13500,95,608,,original sound,bonnie,False
7270150720777751851,democrats,https://www.tiktok.com/@democrats/video/7270150720777751851,Happy anniversary Vice President Harris and Second Gentleman Emhoff💙 ...,Happy anniversary Vice President Harris and Second Gentleman Emhoff💙 #dnc #thedemocrats,20230822,6,36000,2731,16,18,,i wanna be yours,a,False
7269867329402703150,democrats,https://www.tiktok.com/@democrats/video/7269867329402703150,🙄✋ #dnc #thedemocrats ,🙄✋ #dnc #thedemocrats ,20230821,7,25900,2540,13,26,,,,False
7269814917224516906,democrats,https://www.tiktok.com/@democrats/video/7269814917224516906,🦗🦗🦗 #thedemocrats #dnc ,🦗🦗🦗 #thedemocrats #dnc ,20230821,7,35200,3632,40,69,,original sound,KA$IM💰‼️,False
7269047234644249899,democrats,https://www.tiktok.com/@democrats/video/7269047234644249899,Unbelievable. #maui #climatechange #thedemocrats #dnc ,Unbelievable. #maui #climatechange #thedemocrats #dnc ,20230819,25,21700,2120,12,49,,Creepy and simple horror background music(1070744),howlingindicator,False
7266510679702555950,democrats,https://www.tiktok.com/@democrats/video/7266510679702555950,These major gun safety groups endorsed President Biden and Vice Presi...,"These major gun safety groups endorsed President Biden and Vice President Harris for reelection: ✔️Brady and Team Enough, ✔️Community Justice Action Fund, ✔️Everytown for Gun Safety Action Fund, ✔️Moms Demand Action, ✔️Students Demand Action, and ✔️Giffords",20230812,8,22100,1666,45,25,,This Wisp Sings by Winter Aid but slowed down,lastmanstanley,False
7266161019989364011,democrats,https://www.tiktok.com/@democrats/video/7266161019989364011,Another horrific disaster made catastrophically worse because of clim...,Another horrific disaster made catastrophically worse because of climate change. #lahaina #maui #thedemocrats ,20230811,38,23800,1486,11,8,,cry,favsoundds,False
7266073249010699562,democrats,https://www.tiktok.com/@democrats/video/7266073249010699562,Our vice president 💙 #kamalaharris #thedemocrats #teambidenharris ,Our vice president 💙 #kamalaharris #thedemocrats #teambidenharris ,20230811,8,51700,5874,111,51,,nhạc nền - Nguyễn Ngân,Nguyễn Ngân,False
7265722941596273962,democrats,https://www.tiktok.com/@democrats/video/7265722941596273962,Vice President Harris’ and Second Gentleman Emhoff’s fits for @Beyonc...,Vice President Harris’ and Second Gentleman Emhoff’s fits for @Beyoncé 🤩 #renaissancetour #kamalaharris #dougemhoff ,20230810,10,311300,11900,47,231,,original sound,cortisaudios,False
7263193088623988010,democrats,https://www.tiktok.com/@democrats/video/7263193088623988010,A cup of Joe never tasted better. #dnc #thedemocrats #joebiden #teamj...,A cup of Joe never tasted better. #dnc #thedemocrats #joebiden #teamjoe #darkbrandon ,20230803,11,3100000,387900,5963,115300,,,,False
7262360436652133674,democrats,https://www.tiktok.com/@democrats/video/7262360436652133674,happy august ☀️ #dnc #thedemocrats #joebiden #teamjoe ,happy august ☀️ #dnc #thedemocrats #joebiden #teamjoe ,20230801,23,248100,30400,273,7797,,august sped up,"r, m <3 ⸆⸉",False
7260943244131880235,democrats,https://www.tiktok.com/@democrats/video/7260943244131880235,😳 DeSantis to a kid in Iowa: “What is that? An ICEE? That’s probably ...,"😳 DeSantis to a kid in Iowa: “What is that? An ICEE? That’s probably a lot of sugar, huh?” #dnc #thedemocrats #rondesantis ",20230728,7,1300000,49100,1088,5201,,original sound,Democrats,False
7260579037397912878,democrats,https://www.tiktok.com/@democrats/video/7260579037397912878,It’s a record heat wave. And Republicans keep denying climate change....,It’s a record heat wave. And Republicans keep denying climate change. #thedemocrats #dnc #climatechange ,20230727,25,130500,7564,129,274,,Creepy and simple horror background music(1070744),howlingindicator,False
7259853231176666411,democrats,https://www.tiktok.com/@democrats/video/7259853231176666411,Emmett Till would have turned 82 today if his life wasn’t cut short a...,Emmett Till would have turned 82 today if his life wasn’t cut short at 14 years old. #dnc #thedemocrats ,20230725,24,85100,5437,73,70,,original sound,Democrats,False
7258069027887582507,democrats,https://www.tiktok.com/@democrats/video/7258069027887582507,2024 GOP presidential candidates as glass bottles rolling down stairs...,2024 GOP presidential candidates as glass bottles rolling down stairs. ##dnc##teamjoe##thedemocrats##bidenharris2024,20230721,30,1700000,141000,875,15300,,original sound,Democrats,False
7257949008272903466,democrats,https://www.tiktok.com/@democrats/video/7257949008272903466,Thank you President Biden 😎 #dnc #thedemocrats #joebiden #teamjoe ,Thank you President Biden 😎 #dnc #thedemocrats #joebiden #teamjoe ,20230720,7,82900,3719,156,98,,original sound,•,False
7257907985685433643,democrats,https://www.tiktok.com/@democrats/video/7257907985685433643,Remember when zero congressional Republicans voted for the Inflation ...,Remember when zero congressional Republicans voted for the Inflation Reduction Act?🤨 ##dnc##thedemocrats##inflationreductionact,20230720,6,80800,6124,48,203,,original sound,Miss👑,False
7257609503888346414,democrats,https://www.tiktok.com/@democrats/video/7257609503888346414,President Biden and @Bernie Sanders met with young worker leaders to ...,President Biden and @Bernie Sanders met with young worker leaders to discuss their fight for better pay and benefits. ##dnc##thedemocrats##joebiden##berniesanders,20230719,12,125500,10800,119,331,,America,Sage,False
7257523330792574254,democrats,https://www.tiktok.com/@democrats/video/7257523330792574254,👏👏👏 #dnc #thedemocrats #reproductiverights ,👏👏👏 #dnc #thedemocrats #reproductiverights ,20230719,76,86100,7115,36,211,,original sound,Democrats,False
7257334413481102635,democrats,https://www.tiktok.com/@democrats/video/7257334413481102635,We approve this message. #dnc #teamjoe #thedemocrats #bidenharris2024 ,We approve this message. #dnc #teamjoe #thedemocrats #bidenharris2024 ,20230719,27,2300000,311500,3569,31700,,Star Spangled (Bass Boosted),SNC,False
7257229255333989675,democrats,https://www.tiktok.com/@democrats/video/7257229255333989675,Flop era #dnc #thedemocrats #teamjoe #bidenharris2024 ,Flop era #dnc #thedemocrats #teamjoe #bidenharris2024 ,20230718,7,54600,2952,24,143,,original sound,Erich,False
7257179204297444654,democrats,https://www.tiktok.com/@democrats/video/7257179204297444654,We’re excited to announce that Team Biden-Harris headquarters will be...,We’re excited to announce that Team Biden-Harris headquarters will be in Wilmington! #thedemocrats #dnc #bidenharris2024 ##teamjoe,20230718,13,32400,1247,16,20,,original sound,lyrxcshub,False
7256952510160702766,democrats,https://www.tiktok.com/@democrats/video/7256952510160702766,That’s who we are. #dnc #thedemocrats #kamalaharris ,That’s who we are. #dnc #thedemocrats #kamalaharris ,20230718,25,27000,806,7,41,,snowfall Sped Up,dreaxnom ERROR. Follow the new,False
7256879154757373230,democrats,https://www.tiktok.com/@democrats/video/7256879154757373230,Thank you President Biden 😎🫶 #dnc #thedemocrats #studentdebt #student...,Thank you President Biden 😎🫶 #dnc #thedemocrats #studentdebt #studentdebtforgiveness #joebiden ,20230717,7,31700,2050,44,50,,original sound,Charles Leclerc,False
7256785024840764714,democrats,https://www.tiktok.com/@democrats/video/7256785024840764714,Dark Brandon 2024 🫡 #dnc #thedemocrats #joebiden #darkbrandon ,Dark Brandon 2024 🫡 #dnc #thedemocrats #joebiden #darkbrandon ,20230717,5,48300,3586,48,182,,,,False
7256595460515695914,democrats,https://www.tiktok.com/@democrats/video/7256595460515695914,Happy National Ice Cream Day!🍦 #dnc #thedemocrats #nationalicecreamda...,Happy National Ice Cream Day!🍦 #dnc #thedemocrats #nationalicecreamday #joebiden ,20230717,12,38200,1345,6,45,,Kids,🧇,False
7256432626737630506,democrats,https://www.tiktok.com/@democrats/video/7256432626737630506,President Biden doesn’t need a menu. He’s ordering chocolate chip ice cream 😎🍦 #dnc #thedemocrats #joebiden #nationalicecreamday ,President Biden doesn’t need a menu. He’s ordering chocolate chip ice cream 😎🍦 #dnc #thedemocrats #joebiden #nationalicecreamday ,20230716,0,144200,10600,103,562,;;;,unnamed_sound,,True
7256474423836904746,democrats,https://www.tiktok.com/@democrats/video/7256474423836904746,Dark Brandon slay for National Ice Cream Day🍦 #dnc #thedemocrats #joe...,Dark Brandon slay for National Ice Cream Day🍦 #dnc #thedemocrats #joebiden #nationalicecreamday ,20230716,7,2000000,266400,902,36700,,sonido original,Xenia,False
7255107056737209643,democrats,https://www.tiktok.com/@democrats/video/7255107056737209643,Bidenomics in action 😎 #dnc #thedemocrats #bidenomics ,Bidenomics in action 😎 #dnc #thedemocrats #bidenomics ,20230713,4,18100,830,11,42,,original sound,Democrats,False
7254942783134387502,democrats,https://www.tiktok.com/@democrats/video/7254942783134387502,Biden 🤝 Obama #dnc #thedemocrats #joebiden #barackobama ,Biden 🤝 Obama #dnc #thedemocrats #joebiden #barackobama ,20230712,6,71400,6311,20,206,,original sound,yàiza,False
7254685558541159726,democrats,https://www.tiktok.com/@democrats/video/7254685558541159726,A Republican senator refused to agree that white nationalists are rac...,A Republican senator refused to agree that white nationalists are racist on national TV. #dnc #thedemocrats ,20230711,21,973100,108900,917,7014,,Creepy and simple horror background music(1070744),howlingindicator,False
7254582946722729262,democrats,https://www.tiktok.com/@democrats/video/7254582946722729262,Commander and the Commander in Chief in the Oval Office. #dnc #thedem...,Commander and the Commander in Chief in the Oval Office. #dnc #thedemocrats #joebiden #commanderinchief ,20230711,83,820800,50500,545,1395,,blue hair,☆,False
7254216043730799918,democrats,https://www.tiktok.com/@democrats/video/7254216043730799918,😎☕️ #dnc #thedemocrats #joebiden #darkbrandon ,😎☕️ #dnc #thedemocrats #joebiden #darkbrandon ,20230710,8,22100,1055,21,22,,original sound,South Park,False
7254000464369405227,democrats,https://www.tiktok.com/@democrats/video/7254000464369405227,This is your reminder that every single congressional Republican vote...,This is your reminder that every single congressional Republican voted against the Inflation Reduction Act. #dnc #thedemocrats ,20230710,9,26900,2156,9,41,,original sound,Democrats,False
7253270471569935662,democrats,https://www.tiktok.com/@democrats/video/7253270471569935662,Bidenomics is working. #dnc #joebiden #thedemocrats #bidenomics  ,Bidenomics is working. #dnc #joebiden #thedemocrats #bidenomics  ,20230708,7,18700,1088,16,31,,sonido original,A L E X A ྀིྀི,False
7253190584498736427,democrats,https://www.tiktok.com/@democrats/video/7253190584498736427,😎📈 #dnc #thedemocrats #joebiden #bidenomics ,😎📈 #dnc #thedemocrats #joebiden #bidenomics ,20230707,7,20200,1144,32,25,,original sound,_dannydances,False
7253080551693864234,democrats,https://www.tiktok.com/@democrats/video/7253080551693864234,Republicans’ priorities 🥴 #dnc #thedemocrats #reproductiverights #cli...,Republicans’ priorities 🥴 #dnc #thedemocrats #reproductiverights #climatecrisis ,20230707,9,32300,3289,31,70,,,,False
7252808166528896298,democrats,https://www.tiktok.com/@democrats/video/7252808166528896298,Bidenomics is slaying. #thedemocrats #bidenomics #dnc ,Bidenomics is slaying. #thedemocrats #bidenomics #dnc ,20230706,8,40100,3083,87,95,,Andrei King,Andrei King,False
7252372083559124267,democrats,https://www.tiktok.com/@democrats/video/7252372083559124267,Every single Republican in Congress voted against the Inflation Reduc...,Every single Republican in Congress voted against the Inflation Reduction Act. #dnc #thedemocrats #climatecrisis ,20230705,7,15200,938,10,24,,Black Cat Zoning Out,I Green Screen Things,False
7251690392821714219,democrats,https://www.tiktok.com/@democrats/video/7251690392821714219,President Biden has overseen a historic economic recovery 🙌 #dnc #tea...,President Biden has overseen a historic economic recovery 🙌 #dnc #teamjoe #thedemocrats #bidenharris2024 ,20230703,11,48800,3624,85,59,,little miss sunshine,batman 🎀,False
7250154030146751790,democrats,https://www.tiktok.com/@democrats/video/7250154030146751790,The fab four. #dnc #thedemocrats #bidenharris2024 #jillbiden #dougemh...,The fab four. #dnc #thedemocrats #bidenharris2024 #jillbiden #dougemhoff ,20230629,12,15700,886,27,22,,original sound,💞,False
7249769854734011694,democrats,https://www.tiktok.com/@democrats/video/7249769854734011694,We’re fired up 🫡 #dnc #thedemocrats #teamjoe #bidenharris2024 ,We’re fired up 🫡 #dnc #thedemocrats #teamjoe #bidenharris2024 ,20230628,5,21700,1436,24,20,,original sound,Democrats,False
7249515938108820778,democrats,https://www.tiktok.com/@democrats/video/7249515938108820778,Be so for real 🙄 #thedemocrats #dnc #studentloanforgiveness #studentl...,Be so for real 🙄 #thedemocrats #dnc #studentloanforgiveness #studentloans,20230627,5,19800,1224,3,29,,Switching sides,Just Stalling,False
7249452183878503722,democrats,https://www.tiktok.com/@democrats/video/7249452183878503722,padam padam 💅 #kamalaharris #dnc #thedemocrats #stonewall,padam padam 💅 #kamalaharris #dnc #thedemocrats #stonewall,20230627,23,17400,762,11,262,,original sound,Democrats,False
7249358977006341418,democrats,https://www.tiktok.com/@democrats/video/7249358977006341418,Four 👏 more 👏 years 👏 #dnc #teamjoe #thedemocrats #bidenharris2024 ,Four 👏 more 👏 years 👏 #dnc #teamjoe #thedemocrats #bidenharris2024 ,20230627,15,33800,2163,120,133,,Follow tsatkow92,,False
7249186147228814634,democrats,https://www.tiktok.com/@democrats/video/7249186147228814634,Happy Pride! #thedemocrats #dnc #lgbtq #pridemonth ,Happy Pride! #thedemocrats #dnc #lgbtq #pridemonth ,20230627,14,44700,4320,96,61,,bloody mary,kpopvrycs⁷,False
7249071654129700139,democrats,https://www.tiktok.com/@democrats/video/7249071654129700139,Trump talks. Biden delivers. #dnc #thedemocrats #teamjoe #joebiden ,Trump talks. Biden delivers. #dnc #thedemocrats #teamjoe #joebiden ,20230626,11,12300,738,18,13,,little miss sunshine,batman 🎀,False
7249007662355172654,democrats,https://www.tiktok.com/@democrats/video/7249007662355172654,Vanquishing Malarkey 😎 #dnc #thedemocrats #darkbrandon ,Vanquishing Malarkey 😎 #dnc #thedemocrats #darkbrandon ,20230626,5,12100,585,5,8,,original sound,michael r 😛,False
7248454508274060587,democrats,https://www.tiktok.com/@democrats/video/7248454508274060587,Reminder. #dnc #thedemocrats #dobbsvjackson #roevwade #reproductiveri...,Reminder. #dnc #thedemocrats #dobbsvjackson #roevwade #reproductiverights ,20230625,12,12700,898,8,13,,cry,a,False
7248362081034997035,democrats,https://www.tiktok.com/@democrats/video/7248362081034997035,Donald Trump paved the way for extreme abortion bans across the count...,Donald Trump paved the way for extreme abortion bans across the country. #dnc #thedemocrats #reproductiverights #dobbsvjackson #roevwade ,20230624,14,20600,1219,8,37,,original sound,speedaudiios,False
7248304827636305198,democrats,https://www.tiktok.com/@democrats/video/7248304827636305198,Democrats will continue to fight for reproductive rights. #dnc #thede...,Democrats will continue to fight for reproductive rights. #dnc #thedemocrats #dobbsvjackson #roevwade #reproductiverights ,20230624,19,14400,1441,10,41,,where is my mind,jewel o_O,False
7247899591457377582,democrats,https://www.tiktok.com/@democrats/video/7247899591457377582,Trump was the worst jobs president since the Great Depression. #thede...,Trump was the worst jobs president since the Great Depression. #thedemocrats #dnc,20230623,6,20300,1328,24,18,,,,False
7247549218288602410,democrats,https://www.tiktok.com/@democrats/video/7247549218288602410,Union workers are fired up for Biden-Harris 2024! ##dnc##thedemocrats...,Union workers are fired up for Biden-Harris 2024! ##dnc##thedemocrats##teamjoe##bidenharris2024,20230622,13,9302,460,10,10,,original sound - 𝓆𝒾𝓁,ishowsleep,False
7247198214481251627,democrats,https://www.tiktok.com/@democrats/video/7247198214481251627,"Through the Inflation Reduction Act, Democrats delivered the largest ...","Through the Inflation Reduction Act, Democrats delivered the largest investment to combat climate change. #dnc #thedemocrats #climatechange #inflationreductionact ",20230621,9,15600,1272,19,23,,original sound,kaitlyn_dalys,False
7247145355513433387,democrats,https://www.tiktok.com/@democrats/video/7247145355513433387,President Biden kicked off his first reelection rally with union memb...,President Biden kicked off his first reelection rally with union members in Philadelphia. #teamjoe #bidenharris2024 ,20230621,6,15700,1058,14,18,,Mrs.Sunny.Ko,🌸༄ 𝐌𝐫𝐬.𝐒𝐮𝐧𝐧𝐲 ༄🌸,False
7246837146521275694,democrats,https://www.tiktok.com/@democrats/video/7246837146521275694,😎 ☕️ #dnc #thedemocrats #joebiden #darkbrandon ,😎 ☕️ #dnc #thedemocrats #joebiden #darkbrandon ,20230620,5,17900,1134,16,36,,Tick tock kid,Tony the sharkboy,False
7245389037010193707,democrats,https://www.tiktok.com/@democrats/video/7245389037010193707,😎😎😎 #dnc #thedemocrats #joebiden #ticketmaster ,😎😎😎 #dnc #thedemocrats #joebiden #ticketmaster ,20230616,7,42700,3070,61,61,,Lovely Day Austin Millz Remix,Austin Millz,False
7245357627448888622,democrats,https://www.tiktok.com/@democrats/video/7245357627448888622,MAGA Republicans are out of touch with the American people. #thedemoc...,MAGA Republicans are out of touch with the American people. #thedemocrats #dnc #election2024 #teamjoe,20230616,61,68600,5276,66,143,,original sound,EpicGamingMusic,False
7244527924144196910,democrats,https://www.tiktok.com/@democrats/video/7244527924144196910,Four more years. #dnc #thedemocrats #teamjoe #bidenharris2024 #electi...,Four more years. #dnc #thedemocrats #teamjoe #bidenharris2024 #election2024 ,20230614,11,1700000,137900,6972,9825,,WHAT IS LOVE,Cleqix,False
7244248567907454251,democrats,https://www.tiktok.com/@democrats/video/7244248567907454251,Abortion is health care. #thedemocrats #reproductiverights #dnc ,Abortion is health care. #thedemocrats #reproductiverights #dnc ,20230613,11,47500,2778,87,38,,original sound,•,False
7244163167926897966,democrats,https://www.tiktok.com/@democrats/video/7244163167926897966,Pride at the White House! #dnc #thedemocrats #pridemonth #lgbtq #joeb...,Pride at the White House! #dnc #thedemocrats #pridemonth #lgbtq #joebiden ,20230613,17,206000,7428,266,208,,i love you baby by frank sinatra,Xime,False
7243793579007790382,democrats,https://www.tiktok.com/@democrats/video/7243793579007790382,The firsts 🏳️‍🌈 #dnc #thedemocrats #pridemonth #lgbtq ,The firsts 🏳️‍🌈 #dnc #thedemocrats #pridemonth #lgbtq ,20230612,12,37800,1854,44,42,,let it happen,El,False
7242725712531131690,democrats,https://www.tiktok.com/@democrats/video/7242725712531131690,Unbelievable. #dnc #thedemocrats ,Unbelievable. #dnc #thedemocrats ,20230609,8,35300,2618,72,53,,OH MA GAWD,Megan,False
7242511700446989614,democrats,https://www.tiktok.com/@democrats/video/7242511700446989614,Love is love. #pridemonth #lgbtq #dnc #thedemocrats #respectformarria...,Love is love. #pridemonth #lgbtq #dnc #thedemocrats #respectformarriageact ,20230609,10,22300,1498,36,14,,sonido original,Música 8D,False
7242334847916608811,democrats,https://www.tiktok.com/@democrats/video/7242334847916608811,Wow… #thedemocrats #mentalhealth #houseofrepresentatives #dnc ,Wow… #thedemocrats #mentalhealth #houseofrepresentatives #dnc ,20230608,6,22100,1585,27,29,,Despicable Me Whistle Theme By TheBoisBeVibin V2,:),False
7242134206971694378,democrats,https://www.tiktok.com/@democrats/video/7242134206971694378,Democrats are leading the fight to protect reproductive rights. #thed...,Democrats are leading the fight to protect reproductive rights. #thedemocrats #dnc #reproductiverights ,20230608,14,30500,2309,52,7,,original sound,EX7STENCE™,False
7241603468379655467,democrats,https://www.tiktok.com/@democrats/video/7241603468379655467,Team Biden-Harris🫡 #dnc #teamjoe #thedemocrats #election2024 ,Team Biden-Harris🫡 #dnc #teamjoe #thedemocrats #election2024 ,20230606,9,86800,6004,195,179,,original sound,madsmooter,False
7241385313568967979,democrats,https://www.tiktok.com/@democrats/video/7241385313568967979,Donald Trump paved the way for extreme abortion bans across the count...,Donald Trump paved the way for extreme abortion bans across the country. ##dnc##thedemocrats##roevwade##dobbsvjackson,20230606,10,66600,3407,70,99,,original sound,𝓑𝓻𝔂 🌞,False
7241223547484474667,democrats,https://www.tiktok.com/@democrats/video/7241223547484474667,Serve all summer in your Dark Brandon top. #dnc #thedemocrats #teamjo...,Serve all summer in your Dark Brandon top. #dnc #thedemocrats #teamjoe #darkbrandon ,20230605,6,22500,1368,20,60,,original sound - Nhà đẹp không khó,Nhà đẹp không khó,False
7240990196081282350,democrats,https://www.tiktok.com/@democrats/video/7240990196081282350,Ron DeSantis continues to push an extreme MAGA agenda. #dnc #january6...,Ron DeSantis continues to push an extreme MAGA agenda. #dnc #january6 #thedemocrats #election2024 ,20230605,9,18800,1179,11,12,,Worsaaaaa,✨Kae Da Don✨,False
7239905927267241258,democrats,https://www.tiktok.com/@democrats/video/7239905927267241258,Donald Trump: “I got rid of Roe v. Wade” #dnc #thedemocrats #roevwade ,Donald Trump: “I got rid of Roe v. Wade” #dnc #thedemocrats #roevwade ,20230602,5,34700,1632,90,48,,original sound,Democrats,False
7239890265333583150,democrats,https://www.tiktok.com/@democrats/video/7239890265333583150,Trump promised to appoint justices who would overturn Roe v. Wade — a...,Trump promised to appoint justices who would overturn Roe v. Wade — and he got what he wanted. ##dnc##thedemocrats##election2024##teamjoe##roevwade,20230602,7,27900,1775,32,43,,ginger pyoobz,ƺ,False
7239718057277394218,democrats,https://www.tiktok.com/@democrats/video/7239718057277394218,Happy Pride!🏳️‍🌈 #pridemonth #dnc #thedemocrats #respectformarriageact ,Happy Pride!🏳️‍🌈 #pridemonth #dnc #thedemocrats #respectformarriageact ,20230601,47,446200,72100,977,2036,,i wanna be yours,a,False
7238822221345557806,democrats,https://www.tiktok.com/@democrats/video/7238822221345557806,Vice President Harris visits @Lynae Vanee’s parking lot. #dnc #thedem...,Vice President Harris visits @Lynae Vanee’s parking lot. #dnc #thedemocrats #kamalaharris ,20230530,31,15900,826,5,6,,original sound,Democrats,False
7238640651540204842,democrats,https://www.tiktok.com/@democrats/video/7238640651540204842,Replying to @Kee Dark Brandon slay. #dnc #thedemocrats #election2024 ...,Replying to @Kee Dark Brandon slay. #dnc #thedemocrats #election2024 #teamjoe #darkbrandon ,20230529,3,12000,213,11,15,,Capitalism popped off today,Poot,False
7237968292038610218,democrats,https://www.tiktok.com/@democrats/video/7237968292038610218,Abortion is health care. #dnc #thedemocrats #reproductiverights ,Abortion is health care. #dnc #thedemocrats #reproductiverights ,20230527,8,16200,1374,21,14,,Karma,TS,False
7237538888338640174,democrats,https://www.tiktok.com/@democrats/video/7237538888338640174,Replying to @Kyle Kleef Vice President Harris pays a visit to @Lynae ...,Replying to @Kyle Kleef Vice President Harris pays a visit to @Lynae Vanee’s parking lot. #kamalaharris #thedemocrats ##dnc,20230526,29,22200,1240,18,13,,original sound,Democrats,False
7236906798060588334,democrats,https://www.tiktok.com/@democrats/video/7236906798060588334,Flop. #dnc #thedemocrats #election2024 #bidenharris2024 #teamjoe ,Flop. #dnc #thedemocrats #election2024 #bidenharris2024 #teamjoe ,20230525,5,167700,17300,103,377,,original sound,unamamiloca,False
7236873759385324843,democrats,https://www.tiktok.com/@democrats/video/7236873759385324843,Ron DeSantis is running for president… Here’s what you need to know ⬆...,Ron DeSantis is running for president… Here’s what you need to know ⬆️ #dnc #thedemocrats #election2024 #teamjoe #bidenharris2024 ,20230524,32,55700,5306,93,205,,original sound,celebrity videos,False
7236195587329133866,democrats,https://www.tiktok.com/@democrats/video/7236195587329133866,Unbelievable. #dnc #thedemocrats #houseofrepresentatives ,Unbelievable. #dnc #thedemocrats #houseofrepresentatives ,20230523,12,19200,1123,37,19,,origineel geluid,Tik Toker,False
7236066805691780395,democrats,https://www.tiktok.com/@democrats/video/7236066805691780395,That’s our vice president 💯 #dnc #thedemocrats #kamalaharris ,That’s our vice president 💯 #dnc #thedemocrats #kamalaharris ,20230522,6,14400,668,21,12,,moth to a flame x after hours,lvstfm ﾒ’𝟶⁷,False
7235828503248293166,democrats,https://www.tiktok.com/@democrats/video/7235828503248293166,The difference is clear. #dnc #joebiden  #thedemocrats ,The difference is clear. #dnc #joebiden  #thedemocrats ,20230522,8,22800,1824,31,28,,som original,o.bielmoura,False
7235313033763982634,democrats,https://www.tiktok.com/@democrats/video/7235313033763982634,Politicians should not be making decisions about women’s bodies. #dnc...,Politicians should not be making decisions about women’s bodies. #dnc #prochoice #kamalaharris #thedemocrats #reproductiverights ,20230520,11,32500,3895,37,66,,original sound,Democrats,False
7234922964679150894,democrats,https://www.tiktok.com/@democrats/video/7234922964679150894,Commander and our Commander in Chief 💙 #dnc #thedemocrats #commander ...,Commander and our Commander in Chief 💙 #dnc #thedemocrats #commander #joebiden ,20230519,19,207500,30900,343,556,,Never felt so alone,♪,False
7234692020567067946,democrats,https://www.tiktok.com/@democrats/video/7234692020567067946,Ron DeSantis is hellbent on stripping fundamental rights from million...,Ron DeSantis is hellbent on stripping fundamental rights from millions of Americans. #dnc #thedemocrats ,20230519,7,336300,63200,407,3238,,ginger pyoobz,ƺ,False
7234644813902056750,democrats,https://www.tiktok.com/@democrats/video/7234644813902056750,"He’s the problem, it’s him. #dnc #thedemocrats #erastour #antihero #e...","He’s the problem, it’s him. #dnc #thedemocrats #erastour #antihero #election2024 ",20230518,6,31900,4513,51,425,,original sound,Democrats,False
7234525284144270635,democrats,https://www.tiktok.com/@democrats/video/7234525284144270635,Besties🤞 #dnc #thedemocrats #joebiden #nancypelosi ,Besties🤞 #dnc #thedemocrats #joebiden #nancypelosi ,20230518,10,13300,712,20,25,,Bestie vibes,Tiktoshh,False
7233939472583281962,democrats,https://www.tiktok.com/@democrats/video/7233939472583281962,Vice President Harris is ✨serving✨ the American people. #dnc #thedemo...,Vice President Harris is ✨serving✨ the American people. #dnc #thedemocrats #kamalaharris ,20230517,9,19700,1257,40,24,,ill do it,snoowflakee222,False
7233838504596327722,democrats,https://www.tiktok.com/@democrats/video/7233838504596327722,We’re on Team Biden-Harris. Let’s finish the job! #dnc #thedemocrats ...,We’re on Team Biden-Harris. Let’s finish the job! #dnc #thedemocrats #teamjoe #bidenharris2024 #2024election ,20230516,19,445600,30300,2855,1411,,,,False
7233471266206780714,democrats,https://www.tiktok.com/@democrats/video/7233471266206780714,Reminder. #dnc #thedemocrats #mealsonwheels #houseofrepresentatives ,Reminder. #dnc #thedemocrats #mealsonwheels #houseofrepresentatives ,20230515,7,14900,1143,8,20,,UH OHHH,★ KILLA ★,False
7233198869205617962,democrats,https://www.tiktok.com/@democrats/video/7233198869205617962,2024 is right around the corner. Register to vote today! #dnc #thedem...,2024 is right around the corner. Register to vote today! #dnc #thedemocrats #2024election #teamjoe ,20230515,12,9119,398,8,9,,original sound,Democrats,False
7232839996053540139,democrats,https://www.tiktok.com/@democrats/video/7232839996053540139,Congratulations to the Class of 2023. #dnc #thedemocrats #joebiden #c...,Congratulations to the Class of 2023. #dnc #thedemocrats #joebiden #classof2023 ,20230514,41,12200,754,20,20,,original sound,Democrats,False
7232321868093574442,democrats,https://www.tiktok.com/@democrats/video/7232321868093574442,Unbelievable. #dnc #thedemocrats #houseofrepresentatives ,Unbelievable. #dnc #thedemocrats #houseofrepresentatives ,20230512,12,10500,562,9,11,,sonido original,𝒐𝒔𝒘𝒂𝒍.𝒆𝒅𝒊𝒕𝒔,False
7232085574989942059,democrats,https://www.tiktok.com/@democrats/video/7232085574989942059,Remember when 210 House Republicans voted against a bill to codify Ro...,Remember when 210 House Republicans voted against a bill to codify Roe v. Wade? ##dnc##thedemocrats##roevwade##prochoice  ##reproductiverights##greenscreenvideo,20230512,20,18200,1400,22,12,,original sound,Democrats,False
7232000586726722862,democrats,https://www.tiktok.com/@democrats/video/7232000586726722862,Unbelievable. #thedemocrats #dnc #january6 #2024election #teamjoe ,Unbelievable. #thedemocrats #dnc #january6 #2024election #teamjoe ,20230511,23,18000,813,35,37,,original sound,Democrats,False
7231984120719707438,democrats,https://www.tiktok.com/@democrats/video/7231984120719707438,Donald Trump was “very honored” to end Roe v. Wade. ##thedemocrats##d...,Donald Trump was “very honored” to end Roe v. Wade. ##thedemocrats##dnc##prochoice##roevwade##2024election,20230511,17,20600,658,46,44,,original sound,Democrats,False
7231966461906996523,democrats,https://www.tiktok.com/@democrats/video/7231966461906996523,Trump lied a lot last night. #thedemocrats #dnc #2024election #teamjoe ,Trump lied a lot last night. #thedemocrats #dnc #2024election #teamjoe ,20230511,4,35300,332,225,55,,original sound,lickthepavement,False
7231641813570948395,democrats,https://www.tiktok.com/@democrats/video/7231641813570948395,Vice President Harris stopping by HR Records in DC to celebrate Small...,Vice President Harris stopping by HR Records in DC to celebrate Small Business Week. #dnc #thedemocrats #kamalaharris ,20230510,29,2400000,124800,969,4087,,original sound,Democrats,False
7231598755382824234,democrats,https://www.tiktok.com/@democrats/video/7231598755382824234,Ke Huy Quan introducing President Biden. #dnc #thedemocrats #joebiden...,Ke Huy Quan introducing President Biden. #dnc #thedemocrats #joebiden #kehuyquan  ,20230510,12,21100,1114,9,38,,original sound,Democrats,False
7231227106099825962,democrats,https://www.tiktok.com/@democrats/video/7231227106099825962,An important message from @Dwyane Wade 🏳️‍⚧️ #dnc #thedemocrats #lgbtq ,An important message from @Dwyane Wade 🏳️‍⚧️ #dnc #thedemocrats #lgbtq ,20230509,41,14600,2043,15,29,,original sound,Democrats,False
7230595082460663083,democrats,https://www.tiktok.com/@democrats/video/7230595082460663083,Eras (MVP’s version) #dnc #thedemocrats #kamalaharris #taylorswift #e...,Eras (MVP’s version) #dnc #thedemocrats #kamalaharris #taylorswift #erastour ,20230508,14,455700,83500,737,12300,,updated album sound,adam,False
7230141180007435566,democrats,https://www.tiktok.com/@democrats/video/7230141180007435566,205 House Republicans voted against a bill to increase mental health ...,205 House Republicans voted against a bill to increase mental health care in schools. ##dnc##thedemocrats##mentalhealth##houseofrepresentatives,20230506,10,52200,7564,34,195,,original sound,Gone,False
7229510770877402410,democrats,https://www.tiktok.com/@democrats/video/7229510770877402410,President Biden’s message for those who want to cut Social Security a...,President Biden’s message for those who want to cut Social Security and Medicare. #dnc #thedemocrats #joebiden #medicare #socialsecurity ,20230505,13,16900,1489,24,60,,original sound,_dannydances,False
7229446675692047662,democrats,https://www.tiktok.com/@democrats/video/7229446675692047662,President Biden slayed the White House Correspondents’ Dinner. #dnc #...,President Biden slayed the White House Correspondents’ Dinner. #dnc #joebiden #darkbrandon #thedemocrats #whitehousecorrespondentsdinner ,20230504,5,310500,40700,235,9293,,original sound,kyra,False
7229097904965799210,democrats,https://www.tiktok.com/@democrats/video/7229097904965799210,Wow. Republicans are threatening to default on our national debt unle...,Wow. Republicans are threatening to default on our national debt unless they get their way on dramatic cuts to programs families and veterans rely on. ##dnc##thedemocrats##nationaldebt##houseofrepresentatives,20230503,5,90000,2776,60,66,,,,False
7228962519535095083,democrats,https://www.tiktok.com/@democrats/video/7228962519535095083,Let’s get it done. #dnc #thedemocrats #joebiden #banassaultweapons ,Let’s get it done. #dnc #thedemocrats #joebiden #banassaultweapons ,20230503,14,11500,953,35,8,,original sound,Democrats,False
7228839758879919402,democrats,https://www.tiktok.com/@democrats/video/7228839758879919402,President Biden’s economic agenda has unleashed a manufacturing boom!...,President Biden’s economic agenda has unleashed a manufacturing boom! #dnc #joebiden #thedemocrats #bidenboom ,20230503,9,13800,1201,6,25,,I just came to say AY YO by Boxout,Boxout,False
7228370057347452206,democrats,https://www.tiktok.com/@democrats/video/7228370057347452206,😎😎😎 #dnc #thedemocrats #joebiden #teamjoe #darkbrandon ,😎😎😎 #dnc #thedemocrats #joebiden #teamjoe #darkbrandon ,20230502,28,28100,2261,22,53,,Sound blew up and idk how to act,jaden,False
7228296096861228330,democrats,https://www.tiktok.com/@democrats/video/7228296096861228330,Give it up for Dark Brandon 🔥 #dnc #joebiden #darkbrandon #thedemocrats ,Give it up for Dark Brandon 🔥 #dnc #joebiden #darkbrandon #thedemocrats ,20230501,10,847700,117800,579,15900,,original sound,Eras Tour Atlanta💜,False
7228214858188082474,democrats,https://www.tiktok.com/@democrats/video/7228214858188082474,Donald Trump is doubling down on his anti-choice record. #dnc #thedem...,Donald Trump is doubling down on his anti-choice record. #dnc #thedemocrats #prochoice #reproductiverights #2024election ,20230501,15,17200,645,42,18,,original sound,Democrats,False
7228028894677339434,democrats,https://www.tiktok.com/@democrats/video/7228028894677339434,Four more years. #joebiden #teamjoe #biden2024 #dnc #thedemocrats ,Four more years. #joebiden #teamjoe #biden2024 #dnc #thedemocrats ,20230501,5,22400,1985,38,52,,original sound,Alex Chapman,False
7227116398718356778,democrats,https://www.tiktok.com/@democrats/video/7227116398718356778,Take Your Child to Work Day at the White House. 💙 #joebiden #whitehou...,Take Your Child to Work Day at the White House. 💙 #joebiden #whitehouse #dnc #thedemocrats ,20230428,25,34500,3338,6,53,,original sound,Democrats,False
7226911060022791466,democrats,https://www.tiktok.com/@democrats/video/7226911060022791466,It’s time to finish the job. #teamjoe #joebiden  #kamalaharris #biden...,It’s time to finish the job. #teamjoe #joebiden  #kamalaharris #bidenharris2024 #dnc #thedemocrats ,20230428,6,17000,1582,42,9,,original sound,smelliot’s priv 😝😝,False
7226854466937556266,democrats,https://www.tiktok.com/@democrats/video/7226854466937556266,President Yoon Suk Yeol singing American Pie at the State Dinner. #jo...,President Yoon Suk Yeol singing American Pie at the State Dinner. #joebiden #dnc #thedemocrats ,20230427,39,19000,1323,17,51,,original sound,Democrats,False
7226827079373966635,democrats,https://www.tiktok.com/@democrats/video/7226827079373966635,Our vice president. #kamalaharris #dnc #thedemocrats ,Our vice president. #kamalaharris #dnc #thedemocrats ,20230427,3,3649,132,3,5,,som original,madu,False
7226427644718402859,democrats,https://www.tiktok.com/@democrats/video/7226427644718402859,👕💯 #joebiden #biden2024 #teamjoe #thedemocrats #dnc ,👕💯 #joebiden #biden2024 #teamjoe #thedemocrats #dnc ,20230426,8,29600,2679,104,259,,original sound,Democrats,False
7226153091148598571,democrats,https://www.tiktok.com/@democrats/video/7226153091148598571,President Biden and Vice President Harris💙 #thedemocrats #dnc #joebid...,President Biden and Vice President Harris💙 #thedemocrats #dnc #joebiden #kamalaharris ,20230426,9,15300,1607,32,53,,Austin Millz Move Your Feet,Austin Millz,False
7226108695183232298,democrats,https://www.tiktok.com/@democrats/video/7226108695183232298,“Four more years! Four more years!” #biden2024 #teamjoe #thedemocrats...,“Four more years! Four more years!” #biden2024 #teamjoe #thedemocrats #dnc ,20230425,24,34600,1097,40,60,,original sound,Democrats,False
7226057048985783594,democrats,https://www.tiktok.com/@democrats/video/7226057048985783594,It’s official: President Biden and Vice President Harris are running ...,It’s official: President Biden and Vice President Harris are running for reelection to stand up for democracy and defend our fundamental freedoms. ##biden2024##joebiden##thedemocrats##dnc##teamjoe,20230425,184,16600,1806,58,58,,original sound,Democrats,False
7225823379369053482,democrats,https://www.tiktok.com/@democrats/video/7225823379369053482,The contrast is clear. #thedemocrats #dnc #reproductiverights #aborti...,The contrast is clear. #thedemocrats #dnc #reproductiverights #abortion #prochoice ,20230425,46,10300,759,7,17,,original sound,Democrats,False
7225748276673285419,democrats,https://www.tiktok.com/@democrats/video/7225748276673285419,Vice President Harris and @@jeremiahoneandfiveon following your passi...,Vice President Harris and @@jeremiahoneandfiveon following your passions. ##thedemocrats##dnc##kamalaharris,20230424,37,10400,1074,9,8,,original sound,Democrats,False
7224206043285441835,democrats,https://www.tiktok.com/@democrats/video/7224206043285441835,Welcome to the Biden-Harris White House. #whitehouse #joebiden #kamal...,Welcome to the Biden-Harris White House. #whitehouse #joebiden #kamalaharris #thedemocrats #dnc #wesanderson ,20230420,22,240700,22800,170,2224,,original sound,TJ,False
7223944393332493611,democrats,https://www.tiktok.com/@democrats/video/7223944393332493611,The DNC is returning to the Midwest next summer! #thedemocrats #dnc #...,The DNC is returning to the Midwest next summer! #thedemocrats #dnc #dnc2024 ,20230420,11,7680,428,12,10,,chicago chicago chicago explorechicago,Explore Chicago,False
7223854495363616042,democrats,https://www.tiktok.com/@democrats/video/7223854495363616042,First Dog Commander💙 #thedemocrats #dnc #commander #joebiden ,First Dog Commander💙 #thedemocrats #dnc #commander #joebiden ,20230419,14,14600,1415,11,4,,original sound,dilfswhcre,False
7223775443105615147,democrats,https://www.tiktok.com/@democrats/video/7223775443105615147,"Last week, Florida Governor Ron DeSantis signed an extreme abortion b...","Last week, Florida Governor Ron DeSantis signed an extreme abortion ban into law. #dnc #thedemocrats #floridaabortionban #reproductiverights #prochoice ",20230419,4,6638,392,13,18,,original sound,Democrats,False
7223558844801109291,democrats,https://www.tiktok.com/@democrats/video/7223558844801109291,Here’s what you need to know about Florida’s extreme abortion ban. ⬆️...,Here’s what you need to know about Florida’s extreme abortion ban. ⬆️ ##dnc##thedemocrats##reproductiverights##floridaabortionban,20230419,29,8099,409,13,6,,original sound,Democrats,False
7223513674483485998,democrats,https://www.tiktok.com/@democrats/video/7223513674483485998,Every woman should have the freedom to make her own health care decis...,Every woman should have the freedom to make her own health care decisions without worrying about interference from the government. ##dnc##thedemocrats##prochoice##reproductiverights,20230418,9,97800,2458,137,1389,,original sound,Democrats,False
7223388764356234539,democrats,https://www.tiktok.com/@democrats/video/7223388764356234539,🇺🇸🇮🇪🇺🇸🇮🇪 #dnc #thedemocrats #joebiden ,🇺🇸🇮🇪🇺🇸🇮🇪 #dnc #thedemocrats #joebiden ,20230418,47,10100,990,14,32,,original sound,Democrats,False
7222817021136817454,democrats,https://www.tiktok.com/@democrats/video/7222817021136817454,It’s official! The 2024 Democratic National Convention will be held i...,"It’s official! The 2024 Democratic National Convention will be held in Chicago from August 19-22, 2024. ##dnc2024##dnc##thedemocrats",20230417,8,8339,603,12,19,,So it goes x Miss Americana,🪩,False
7222713429591739694,democrats,https://www.tiktok.com/@democrats/video/7222713429591739694,The 2024 Democratic National Convention will be held in Chicago! Are ...,The 2024 Democratic National Convention will be held in Chicago! Are you ready for it?  #dnc #thedemocrats #dnc2024 ,20230416,5,13900,853,10,20,,Ready For It,Acquaintedﾒ0,False
7222442670420118830,democrats,https://www.tiktok.com/@democrats/video/7222442670420118830,The Republican agenda ⬆️ #thedemocrats #dnc ,The Republican agenda ⬆️ #thedemocrats #dnc ,20230416,10,26900,2901,22,114,,original sound,Democrats,False
7222327495981305131,democrats,https://www.tiktok.com/@democrats/video/7222327495981305131,President Biden’s economic plan will not raise federal taxes for Amer...,"President Biden’s economic plan will not raise federal taxes for Americans earning less than $400,000 a year. #dnc #joebiden #thedemocrats ",20230415,7,34600,3448,67,52,,sonido original,carpintero_co,False
7222115478590836014,democrats,https://www.tiktok.com/@democrats/video/7222115478590836014,You. Me. Chicago. 2024. #dnc #thedemocrats #dnc2024 ,You. Me. Chicago. 2024. #dnc #thedemocrats #dnc2024 ,20230415,10,18700,1918,26,121,,original sound,:),False
7221988844495899950,democrats,https://www.tiktok.com/@democrats/video/7221988844495899950,Remember when… #dnc #thedemocrats #mentalhealthcare #houseofrepresent...,Remember when… #dnc #thedemocrats #mentalhealthcare #houseofrepresentatives ,20230414,6,13600,1670,22,19,,What Taylors Version,Troy,False
7221708001202343214,democrats,https://www.tiktok.com/@democrats/video/7221708001202343214,Can’t wait for Chicago 2024! #thedemocrats #dnc #democraticnationalco...,Can’t wait for Chicago 2024! #thedemocrats #dnc #democraticnationalconvention #jaimeharrison #election2024 #dnc2024 ,20230414,9,9652,642,13,9,,original sound,Democrats,False
7221649791283957035,democrats,https://www.tiktok.com/@democrats/video/7221649791283957035,Congress must pass an assault weapons ban. ##dnc##thedemocrats##kamal...,Congress must pass an assault weapons ban. ##dnc##thedemocrats##kamalaharris##assaultweaponsban,20230413,28,18000,993,84,24,,original sound,Democrats,False
7221400948051152171,democrats,https://www.tiktok.com/@democrats/video/7221400948051152171,They have no idea. ,They have no idea. ,20230413,6,11400,768,7,5,,original sound,Grayson.Squad,False
7221186754307575083,democrats,https://www.tiktok.com/@democrats/video/7221186754307575083,🤟Democrats🤟 do it best. #thedemocrats #dnc ,🤟Democrats🤟 do it best. #thedemocrats #dnc ,20230412,5,54800,3819,35,59,,original sound,lyrics,False
7220863135530437930,democrats,https://www.tiktok.com/@democrats/video/7220863135530437930,Happy National Pet Day!🐱 #dnc #thedemocrats #nationalpetday #willowth...,Happy National Pet Day!🐱 #dnc #thedemocrats #nationalpetday #willowthecat ,20230411,18,21500,1811,11,83,,original sound,Tank the GSD,False
7220647188504857899,democrats,https://www.tiktok.com/@democrats/video/7220647188504857899,Reminder. #dnc #thedemocrats ,Reminder. #dnc #thedemocrats ,20230411,11,416400,62600,143,1654,,original sound,Zay 🤪,False
7219362785019399466,democrats,https://www.tiktok.com/@democrats/video/7219362785019399466,"One year ago today, Justice Ketanji Brown Jackson made history. #dnc ...","One year ago today, Justice Ketanji Brown Jackson made history. #dnc #thedemocrats #ketanjibrownjackson #supremecourt ",20230407,13,32100,1843,11,26,,original sound,amorefilm,False
7219294981465443626,democrats,https://www.tiktok.com/@democrats/video/7219294981465443626,"Justice Ketanji Brown Jackson, the first Black woman to serve on the ...","Justice Ketanji Brown Jackson, the first Black woman to serve on the Supreme Court💜 ##dnc##thedemocrats##ketanjibrownjackson##supremecourt",20230407,14,18300,2518,16,11,,original sound,Democrats,False
7218974338622557482,democrats,https://www.tiktok.com/@democrats/video/7218974338622557482,@biggretchwhitmer just repealed Michigan’s extreme abortion ban. #rep...,@biggretchwhitmer just repealed Michigan’s extreme abortion ban. #reproductiverights #prochoice #thedemocrats #dnc ,20230406,16,41700,6294,53,92,,original sound,Democrats,False
7218739874193542446,democrats,https://www.tiktok.com/@democrats/video/7218739874193542446,While President Biden will always protect Social Security and Medicar...,"While President Biden will always protect Social Security and Medicare, 2024 Republican hopefuls have threatened to cut both programs. ##dnc##thedemocrats##socialsecurity##medicare",20230406,77,18000,1803,22,28,,original sound,Democrats,False
7217638451129093418,democrats,https://www.tiktok.com/@democrats/video/7217638451129093418,"If the Republicans running for president in 2024 get their way, milli...","If the Republicans running for president in 2024 get their way, millions of Americans could lose their heath care. #thedemocrats #dnc #affordablecareact ",20230403,6,30600,2692,45,27,,original sound,Democrats,False
7216520653053250858,democrats,https://www.tiktok.com/@democrats/video/7216520653053250858,"While MAGA Republicans threaten to cut Medicare and Social Security, ...","While MAGA Republicans threaten to cut Medicare and Social Security, President Biden will protect these programs. ##dnc##thedemocrats##medicare##socialsecurity",20230331,5,14800,744,1,5,,You Sure About That _ ITYSL,Golden Key Prints,False
7215980025533697322,democrats,https://www.tiktok.com/@democrats/video/7215980025533697322,That’s our vice president! #thedemocrats #dnc #kamalaharris #mvp ,That’s our vice president! #thedemocrats #dnc #kamalaharris #mvp ,20230329,9,13100,1264,17,20,,ladies and gentlemen HER,♱ gracie ♱,False
7215808654417775918,democrats,https://www.tiktok.com/@democrats/video/7215808654417775918,Happy Women’s History Month💜 ##dnc##thedemocrats##womenshistorymonth,Happy Women’s History Month💜 ##dnc##thedemocrats##womenshistorymonth,20230329,16,9449,811,9,4,,bug collector cover,BEN SCOTT,False
7214807270574525739,democrats,https://www.tiktok.com/@democrats/video/7214807270574525739,"This former Speaker sure is an icon and a legend. Happy birthday, Rep...","This former Speaker sure is an icon and a legend. Happy birthday, Rep. Pelosi!🎉 ##nancypelosi##thedemocrats##dnc",20230326,11,23000,1999,26,62,,WENDYS GROOVE,T. Kyle,False
7214270905889852714,democrats,https://www.tiktok.com/@democrats/video/7214270905889852714,In veep we trust. 🫡 #joebiden #veep #dnc #thedemocrats ,In veep we trust. 🫡 #joebiden #veep #dnc #thedemocrats ,20230325,28,34700,2297,10,38,,original sound,Democrats,False
7214194042584796462,democrats,https://www.tiktok.com/@democrats/video/7214194042584796462,President Biden’s plan will ensure the wealthy pay their fair share i...,President Biden’s plan will ensure the wealthy pay their fair share in taxes. #joebiden #thedemocrats #dnc ,20230324,5,16400,1356,22,20,,Mouse eating sound,Haidar🇮🇶,False
7213734859305422123,democrats,https://www.tiktok.com/@democrats/video/7213734859305422123,"Thirteen years ago today, President Biden and former President Obama ...","Thirteen years ago today, President Biden and former President Obama helped millions of Americans receive access to affordable health care. ##barackobama##joebiden##affordablecareact##thedemocrats##dnc",20230323,5,51400,4658,24,29,,deja vu,harpiche,False
7213530034546543914,democrats,https://www.tiktok.com/@democrats/video/7213530034546543914,"When Republicans say they want to reduce federal debt, but their plan...","When Republicans say they want to reduce federal debt, but their plans would increase the deficit 🤔🤔🤔 #thedemocrats #dnc #joebiden ",20230323,8,24600,2299,27,62,,original sound,thirteensinners 🖤,False
7213362739786435882,democrats,https://www.tiktok.com/@democrats/video/7213362739786435882,The government should not be telling a woman what to do with her body...,The government should not be telling a woman what to do with her body. 👏 #dnc #thedemocrats #reproductiverights ,20230322,70,18400,2588,38,49,,original sound,Democrats,False
7213207972464397614,democrats,https://www.tiktok.com/@democrats/video/7213207972464397614,Not a joke! #thedemocrats #dnc #houseofrepresentatives ,Not a joke! #thedemocrats #dnc #houseofrepresentatives ,20230322,6,8459,565,6,8,,Your joking,user24439752173,False
7212458201462197547,democrats,https://www.tiktok.com/@democrats/video/7212458201462197547,The firsts but not the last. 👏👏👏 #dnc #thedemocrats #womenshistorymonth ,The firsts but not the last. 👏👏👏 #dnc #thedemocrats #womenshistorymonth ,20230320,16,12000,1236,10,4,,Out getting ribs,Feelingblew,False
7210944014474890538,democrats,https://www.tiktok.com/@democrats/video/7210944014474890538,FYI. #thedemocrats #dnc #houseofrepresentatives  ,FYI. #thedemocrats #dnc #houseofrepresentatives  ,20230316,6,40400,4497,73,76,,Happy with you,Official Sound Studio,False
7210231861493255467,democrats,https://www.tiktok.com/@democrats/video/7210231861493255467,The firsts. #womenshistorymonth #thedemocrats #dnc ,The firsts. #womenshistorymonth #thedemocrats #dnc ,20230314,17,14400,1419,45,16,,evergreen,favsoundds,False
7209886436009577770,democrats,https://www.tiktok.com/@democrats/video/7209886436009577770,Huge news. ,Huge news. ,20230313,7,14500,918,56,14,,original sound,Victoria Ignacik,False
7196814607481163050,democrats,https://www.tiktok.com/@democrats/video/7196814607481163050,"Thanks to President Biden’s Infrastructure Law, we’re rebuilding Amer...","Thanks to President Biden’s Infrastructure Law, we’re rebuilding America’s infrastructure. ##thedemocrats##dnc##joebiden",20230205,7,49500,3933,101,36,,,,False
7196007689812462891,democrats,https://www.tiktok.com/@democrats/video/7196007689812462891,This is Republican leadership.,This is Republican leadership.,20230203,5,17800,667,10,12,,original sound,,False
7194833675001826602,democrats,https://www.tiktok.com/@democrats/video/7194833675001826602,We must hold them accountable. #dnc #thedemocrats #prochoice ,We must hold them accountable. #dnc #thedemocrats #prochoice ,20230131,5,27800,1242,11,12,,original sound,user182622919182362919,False
7192399295440637230,democrats,https://www.tiktok.com/@democrats/video/7192399295440637230,It’s Kevin. #thedemocrats #dnc #houseofrepresentatives #speakeroftheh...,It’s Kevin. #thedemocrats #dnc #houseofrepresentatives #speakerofthehouse ,20230125,15,49700,2437,25,18,,up and down,𝚜𝚔𝚢 🌌,False
7190754638394658094,democrats,https://www.tiktok.com/@democrats/video/7190754638394658094,Two years of serving the American people. #thedemocrats #dnc #joebide...,Two years of serving the American people. #thedemocrats #dnc #joebiden #kamalaharris ,20230120,14,58500,5582,104,58,,original sound,kirby,False
7190134728517864750,democrats,https://www.tiktok.com/@democrats/video/7190134728517864750,😎,😎,20230118,6,33300,2860,25,31,,boooots,drew and enya’s child,False
7189631330852818218,democrats,https://www.tiktok.com/@democrats/video/7189631330852818218,"Happy Birthday, Michelle Obama!🎉 #michelleobama #thedemocrats #dnc ","Happy Birthday, Michelle Obama!🎉 #michelleobama #thedemocrats #dnc ",20230117,15,27300,2675,43,64,,Thats my girl,SP33D audios,False
7187928321068567854,democrats,https://www.tiktok.com/@democrats/video/7187928321068567854,House Republicans’ first bill is to protect wealthy tax cheats. #demo...,House Republicans’ first bill is to protect wealthy tax cheats. #democrat #dnc ,20230113,15,28100,2516,16,63,,origineel geluid,Tik Toker,False
7187533852963917099,democrats,https://www.tiktok.com/@democrats/video/7187533852963917099,Keeps you at night. #democrat #dnc ,Keeps you at night. #democrat #dnc ,20230111,9,16200,1136,4,12,,Liberal_kitsch stacks love on top and more,Chlo,False
7187470263708126506,democrats,https://www.tiktok.com/@democrats/video/7187470263708126506,1️⃣5️⃣ #thedemocrats #dnc #houseofrepresentatives #speakerofthehouse ,1️⃣5️⃣ #thedemocrats #dnc #houseofrepresentatives #speakerofthehouse ,20230111,60,23300,1806,10,19,,original sound - Pianofighter9,Pianofighter9,False
7187202971560643883,democrats,https://www.tiktok.com/@democrats/video/7187202971560643883,Democrats will continue fighting for American families. #houseofrepre...,Democrats will continue fighting for American families. #houseofrepresentatives  #thedemocrats #dnc ,20230111,11,34500,3312,33,24,,original sound,Democrats,False
7187062837913718059,democrats,https://www.tiktok.com/@democrats/video/7187062837913718059,McCarthy’s speakership will be completely beholden to MAGA Republican...,McCarthy’s speakership will be completely beholden to MAGA Republicans. #dnc #speakerofthehouse #thedemocrats #houseofrepresentatives  ,20230110,6,25800,1307,17,16,,sad SpongeBob music,michael,False
7186836879818362154,democrats,https://www.tiktok.com/@democrats/video/7186836879818362154,Reminder: MAGA Republicans are in charge of Kevin McCarthy’s caucus. ...,Reminder: MAGA Republicans are in charge of Kevin McCarthy’s caucus. #houseofrepresentatives #speakerofthehouse #thedemocrats #dnc ,20230110,8,19900,1028,12,17,,original sound,"Gil, Berna❤️‍🔥",False
7186722878468017450,democrats,https://www.tiktok.com/@democrats/video/7186722878468017450,15 votes later… #houseofrepresentatives #speakerofthehouse #thedemocr...,15 votes later… #houseofrepresentatives #speakerofthehouse #thedemocrats ,20230109,8,556300,82400,355,3782,,Justice for Brittany,brayden 🎀,False
7186674442314059051,democrats,https://www.tiktok.com/@democrats/video/7186674442314059051,Reminder. #dnc #thedemocrats  ,Reminder. #dnc #thedemocrats  ,20230109,5,19700,1050,4,6,,original sound,James,False
7185586467647786282,democrats,https://www.tiktok.com/@democrats/video/7185586467647786282,Not one congressional Republican voted for the Inflation Reduction Ac...,Not one congressional Republican voted for the Inflation Reduction Act. #democrat #dnc ,20230106,14,68000,8601,268,203,,original sound,EX7STENCE™,False
7185289053875621163,democrats,https://www.tiktok.com/@democrats/video/7185289053875621163,"While Democrats are united, Republicans are in disarray. #hakeemjeffr...","While Democrats are united, Republicans are in disarray. #hakeemjeffries #thedemocrats #houseofrepresentatives #dnc ",20230105,6,345700,7758,72,70,,original sound,🌷,False
7184878776826744110,democrats,https://www.tiktok.com/@democrats/video/7184878776826744110,Democrats deliver. Republicans can’t pick a speaker. #hakeemjeffries ...,Democrats deliver. Republicans can’t pick a speaker. #hakeemjeffries #thedemocrats #dnc ,20230104,96,24200,2931,41,85,,original sound,Democrats,False
7180067904115723563,democrats,https://www.tiktok.com/@democrats/video/7180067904115723563,Shall we go on? #chelaluna #democrats #dnc ,Shall we go on? #chelaluna #democrats #dnc ,20221222,17,85600,8205,71,233,,son original,Bekomme,False
7177543501192662314,democrats,https://www.tiktok.com/@democrats/video/7177543501192662314,📈Jobs are up. 📉The unemployment rate remains near historic lows. ,📈Jobs are up. 📉The unemployment rate remains near historic lows. ,20221216,7,122100,8079,299,95,,,,False
7177439616499485998,democrats,https://www.tiktok.com/@democrats/video/7177439616499485998,"President Biden signed the Respect for Marriage Act into law, which w...","President Biden signed the Respect for Marriage Act into law, which will protect every American’s right to marry who they love❤️",20221215,31,47700,2744,30,39,,original sound,Democrats,False
7177124301873728810,democrats,https://www.tiktok.com/@democrats/video/7177124301873728810,"Yesterday, President Biden signed the Respect for Marriage Act into l...","Yesterday, President Biden signed the Respect for Marriage Act into law, protecting the right of every American to marry the person they love.",20221214,6,28000,2378,40,23,,In My Room,speedllist,False
7177055557268802859,democrats,https://www.tiktok.com/@democrats/video/7177055557268802859,"2022: Yesterday, President Biden signed the Respect for Marriage Act,...","2022: Yesterday, President Biden signed the Respect for Marriage Act, enshrining marriage equality protections into federal law.",20221214,28,74900,7496,17,79,,original sound,Democrats,False
7176859254501035307,democrats,https://www.tiktok.com/@democrats/video/7176859254501035307,Love is love. #respectformarriageact #chuckschumer #thedemocrats #dnc ,Love is love. #respectformarriageact #chuckschumer #thedemocrats #dnc ,20221214,30,43000,3241,45,106,,je te laisserai des mots,favsoundds,False
7176070902965161259,democrats,https://www.tiktok.com/@democrats/video/7176070902965161259,Biden-Harris 2023 season coming soon. ,Biden-Harris 2023 season coming soon. ,20221212,14,45900,4633,69,113,,2022 season trend x Clocks by Coldplay,CONTENT CREATION TIPS,False
7175230583860251946,democrats,https://www.tiktok.com/@democrats/video/7175230583860251946,We do. ,We do. ,20221209,8,66100,7493,117,125,,original sound,tatyanna,False
7174952026969820458,democrats,https://www.tiktok.com/@democrats/video/7174952026969820458,That’s right. 36 Republican senators voted against the Respect for Ma...,That’s right. 36 Republican senators voted against the Respect for Marriage Act. #ussenate #respectformarriageact ,20221209,4,36000,3388,15,18,,Follow Mossbot on Spotify lol,Mossbot,False
7174548205282151726,democrats,https://www.tiktok.com/@democrats/video/7174548205282151726,Reminder: 193 House Republicans voted against capping the cost of ins...,Reminder: 193 House Republicans voted against capping the cost of insulin. ,20221207,8,23000,1671,21,10,,Its the meanest thing you could do,Leah White,False
7174461557932608814,democrats,https://www.tiktok.com/@democrats/video/7174461557932608814,51.,51.,20221207,5,23400,2012,33,14,,you and me westend x local singles edit,Westend,False
7173777687788473643,democrats,https://www.tiktok.com/@democrats/video/7173777687788473643,51. #thedemocrats #dnc #georgiarunoff #barackobama ,51. #thedemocrats #dnc #georgiarunoff #barackobama ,20221205,8,306800,61300,218,922,,Aces by DKJ,Danny Johnson,False
7173710481729899819,democrats,https://www.tiktok.com/@democrats/video/7173710481729899819,Democrats unite 💯 #thedemocrats #dnc #georgiarunoff #2022midterms ,Democrats unite 💯 #thedemocrats #dnc #georgiarunoff #2022midterms ,20221205,10,82200,7689,35,77,,original sound,jwfrag,False
7173481842694458670,democrats,https://www.tiktok.com/@democrats/video/7173481842694458670,"Georgia, have you made your plan to vote for Reverend Warnock? #georgiarunoff #thedemocrats #dnc ","Georgia, have you made your plan to vote for Reverend Warnock? #georgiarunoff #thedemocrats #dnc ",20221204,0,18100,987,9,17,;;,unnamed_sound,,True
7173433672769473838,democrats,https://www.tiktok.com/@democrats/video/7173433672769473838,‘Tis the season to spread holiday cheer🤗,‘Tis the season to spread holiday cheer🤗,20221204,19,26900,2044,23,19,,In this shirt,___lyrics.___,False
7173339590030282027,democrats,https://www.tiktok.com/@democrats/video/7173339590030282027,We need all hands on deck.,We need all hands on deck.,20221204,36,11600,381,6,9,,Falling Angel,HCTM,False
7172630744844619051,democrats,https://www.tiktok.com/@democrats/video/7172630744844619051,"Go vote, Georgia! #georgiarunoff #thedemocrats #dnc #barackobama ","Go vote, Georgia! #georgiarunoff #thedemocrats #dnc #barackobama ",20221202,14,465800,23900,535,632,,original sound,Democrats,False
7172598604782128430,democrats,https://www.tiktok.com/@democrats/video/7172598604782128430,These are the Republican senators who voted against protecting marria...,These are the Republican senators who voted against protecting marriage equality. ,20221202,10,26000,1972,44,35,,The Sound That Made History.,user83757707569,False
7172338735328120106,democrats,https://www.tiktok.com/@democrats/video/7172338735328120106,Happy Holidays and Merry Christmas from the 100th tree lighting cerem...,Happy Holidays and Merry Christmas from the 100th tree lighting ceremony at the White House!🎄#thedemocrats #dnc #joebiden #jillbiden ,20221202,8,20600,1525,14,9,,original sound,￴ ￴ ￴ ￴ ￴ ￴ ￴ ￴ ￴ ￴ ￴ ￴ ￴ ￴,False
7172309026594786606,democrats,https://www.tiktok.com/@democrats/video/7172309026594786606,Representative-elect Frost has entered the House 😎,Representative-elect Frost has entered the House 😎,20221201,5,136300,21300,40,66,,original sound,Bryan Riel,False
7172227489400393002,democrats,https://www.tiktok.com/@democrats/video/7172227489400393002,The Respect for Marriage Act is on its way to becoming law🏳️‍🌈 ,The Respect for Marriage Act is on its way to becoming law🏳️‍🌈 ,20221201,15,29000,3384,44,57,,today was a good day,✗,False
7171935926631861547,democrats,https://www.tiktok.com/@democrats/video/7171935926631861547,Let’s help Reverend Warnock set sail to the Senate on December 6th. #...,Let’s help Reverend Warnock set sail to the Senate on December 6th. #georgiarunoff #thedemocrats #midterms2022 ,20221130,7,15800,1656,17,20,,711,snoowflakee222,False
7171606563772173611,democrats,https://www.tiktok.com/@democrats/video/7171606563772173611,POTUS 💙 FLOTUS #thedemocrats #joebiden #jillbiden ,POTUS 💙 FLOTUS #thedemocrats #joebiden #jillbiden ,20221130,12,361000,36400,198,548,,Here With Me by D4vd,angel,False
7171465414990449963,democrats,https://www.tiktok.com/@democrats/video/7171465414990449963,The first but certainly not the last Gen Z member of Congress. #thede...,The first but certainly not the last Gen Z member of Congress. #thedemocrats #genz #midterms2022 ,20221129,25,13000,594,5,2,,original sound,Democrats,False
7170393064245087534,democrats,https://www.tiktok.com/@democrats/video/7170393064245087534,🌈🌈🌈,🌈🌈🌈,20221126,12,29100,2633,53,22,,mrs magic,user18786667805,False
7170109353473690922,democrats,https://www.tiktok.com/@democrats/video/7170109353473690922,"Georgia, let’s send Reverend Warnock back to the Senate! ","Georgia, let’s send Reverend Warnock back to the Senate! ",20221126,12,42700,4118,34,21,,tv intro vibe,meg,False
7168915781214899498,democrats,https://www.tiktok.com/@democrats/video/7168915781214899498,Don’t write off young voters. ,Don’t write off young voters. ,20221122,16,70800,9932,200,67,,karma by taylor swift,user,False
7168605006558432555,democrats,https://www.tiktok.com/@democrats/video/7168605006558432555,"These Democrats might be the first, but they won’t be the last. #dnc ...","These Democrats might be the first, but they won’t be the last. #dnc #thedemocrats #midterms2022 ",20221121,22,27500,1658,22,13,,long way 2 go remix,𝐓𝐇𝐄𝐄𝐒𝐏𝐄𝐂𝐔𝐋𝐎𝐎𝐒.,False
7168502981221027115,democrats,https://www.tiktok.com/@democrats/video/7168502981221027115,"Georgia, let’s make Reverend Warnock the 51st Democratic senator. #dn...","Georgia, let’s make Reverend Warnock the 51st Democratic senator. #dnc #thedemocrats #georgiarunoff #midterms2022 ",20221121,9,29200,2863,67,18,,original sound,ꪑꪶᒿꫀ,False
7168194535678479662,democrats,https://www.tiktok.com/@democrats/video/7168194535678479662,"Happy Birthday, President Biden!💙 #dnc #thedemocrats #joebiden ","Happy Birthday, President Biden!💙 #dnc #thedemocrats #joebiden ",20221120,12,75600,8293,496,125,,original sound,Inide Jasnauskaite,False
7167831536597847338,democrats,https://www.tiktok.com/@democrats/video/7167831536597847338,💙💙💙 #kamalaharris #dougemhoff #thedemocrats #dnc ,💙💙💙 #kamalaharris #dougemhoff #thedemocrats #dnc ,20221119,10,87200,3322,38,55,,dandelions,favsoundds,False
7166709835319217451,democrats,https://www.tiktok.com/@democrats/video/7166709835319217451,He’s running again… Here’s what you need to know. #2024election #dnc ...,He’s running again… Here’s what you need to know. #2024election #dnc #thedemocrats ,20221116,60,66200,7449,157,98,,original sound - Pianofighter9,Pianofighter9,False
7166662417521446187,democrats,https://www.tiktok.com/@democrats/video/7166662417521446187,Donald Trump failed our nation. #joebiden #2024election #dnc #thedemo...,Donald Trump failed our nation. #joebiden #2024election #dnc #thedemocrats ,20221116,52,71400,4980,132,227,,original sound,Democrats,False
7166643723831495982,democrats,https://www.tiktok.com/@democrats/video/7166643723831495982,Voters turned out to protect abortion rights. #thedemocrats #dnc #abo...,Voters turned out to protect abortion rights. #thedemocrats #dnc #abortionrights ,20221116,36,26100,1481,7,4,,original sound,Democrats,False
7166623913265335594,democrats,https://www.tiktok.com/@democrats/video/7166623913265335594,👏👏👏 #dnc #thedemocrats #midterms2022 #joebiden ,👏👏👏 #dnc #thedemocrats #midterms2022 #joebiden ,20221116,4,31400,2694,58,21,,original sound,Democrats,False
7166416941559680299,democrats,https://www.tiktok.com/@democrats/video/7166416941559680299,Trump talks. Biden delivers.,Trump talks. Biden delivers.,20221116,23,43500,4155,64,59,,original sound,Democrats,False
7166379320380853550,democrats,https://www.tiktok.com/@democrats/video/7166379320380853550,Midterm moments we won’t forget. #midterms2022 ,Midterm moments we won’t forget. #midterms2022 ,20221115,60,84600,8470,41,25,,cardigan,Taylor Swift,False
7166293118457990446,democrats,https://www.tiktok.com/@democrats/video/7166293118457990446,Democratic. Senate. Majority.  😎,Democratic. Senate. Majority.  😎,20221115,9,68500,7027,96,65,,original sound,Kate💥,False
7166271348317162795,democrats,https://www.tiktok.com/@democrats/video/7166271348317162795,Democrats successfully defended the Senate💪 #dnc #thedemocrats #midte...,Democrats successfully defended the Senate💪 #dnc #thedemocrats #midterms2022 #ussenate ,20221115,6,54400,4798,21,53,,I got a rock,zara,False
7166048866465238318,democrats,https://www.tiktok.com/@democrats/video/7166048866465238318,Senate. Majority. #thedemocrats #dnc #midterms2022 ,Senate. Majority. #thedemocrats #dnc #midterms2022 ,20221115,14,250000,21500,118,90,,original sound,<3,False
7166005758247669038,democrats,https://www.tiktok.com/@democrats/video/7166005758247669038,Senate MAJORITY Leader Chuck Schumer 😎 ,Senate MAJORITY Leader Chuck Schumer 😎 ,20221114,9,200700,31300,295,1601,,original sound,🎶memory lane🎶,False
7165669019268435246,democrats,https://www.tiktok.com/@democrats/video/7165669019268435246,"Congratulations to Maxwell Frost, the first Gen Z member of Congress!...","Congratulations to Maxwell Frost, the first Gen Z member of Congress! #dnc #thedemocrats #genz #midterms2022 ",20221114,7,25100,2387,22,12,,,,False
7165628977325919530,democrats,https://www.tiktok.com/@democrats/video/7165628977325919530,Young voters stepped up. ,Young voters stepped up. ,20221113,14,36700,4124,54,39,,original sound,andy war,False
7165158572236623147,democrats,https://www.tiktok.com/@democrats/video/7165158572236623147,Fact. #thedemocrats #midterms2022 #joebiden #dnc ,Fact. #thedemocrats #midterms2022 #joebiden #dnc ,20221112,7,600500,73700,670,1320,,I just came to say AY YO by Boxout,Boxout,False
7164834601347714350,democrats,https://www.tiktok.com/@democrats/video/7164834601347714350,"Congratulations, Josh Shapiro and John Fetterman! #thedemocrats #midt...","Congratulations, Josh Shapiro and John Fetterman! #thedemocrats #midterms2022 #pennsylvania ",20221111,9,44000,4409,18,18,,original sound,2000_jw,False
7164479101414280490,democrats,https://www.tiktok.com/@democrats/video/7164479101414280490,"Congratulations, to these Democrats! #dnc #thedemocrats #midterms2022 ","Congratulations, to these Democrats! #dnc #thedemocrats #midterms2022 ",20221110,17,85900,8373,82,14,,original sound,bhaddiebeats_,False
7164438723076033835,democrats,https://www.tiktok.com/@democrats/video/7164438723076033835,These Democrats made history. #thedemocrats #dnc #midterms2022 ,These Democrats made history. #thedemocrats #dnc #midterms2022 ,20221110,19,62500,5456,37,40,,original sound,Green Line,False
7164419815011093803,democrats,https://www.tiktok.com/@democrats/video/7164419815011093803,Congratulations to these Democrats heading to the Senate! #thedemocra...,Congratulations to these Democrats heading to the Senate! #thedemocrats #dnc #midterms2022 #ussenate ,20221110,47,103300,7191,103,30,,original sound,🕷️𝕾𝖕𝖎𝖉𝖊𝖗🕷️,False
7164146815460199723,democrats,https://www.tiktok.com/@democrats/video/7164146815460199723,"Gen Z is officially in the House. Congratulations, Maxwell Frost!","Gen Z is officially in the House. Congratulations, Maxwell Frost!",20221109,16,1200000,287200,2178,5169,,,,False
7164132986663750954,democrats,https://www.tiktok.com/@democrats/video/7164132986663750954,Congratulations to these Democrats!🎉 #thedemocrats #dnc #midterms2022...,Congratulations to these Democrats!🎉 #thedemocrats #dnc #midterms2022 #november8 ,20221109,30,46300,4278,51,8,,Aces by DKJ,Danny Johnson,False
7163813812938984750,democrats,https://www.tiktok.com/@democrats/video/7163813812938984750,Have you voted? #dnc #thedemocrats #joebiden #barackobama #midterms2022 ,Have you voted? #dnc #thedemocrats #joebiden #barackobama #midterms2022 ,20221109,8,168400,10100,194,71,,swing lynn,lovdfilmz,False
7163674300279557418,democrats,https://www.tiktok.com/@democrats/video/7163674300279557418,Have you voted yet? #joebiden #dnc #midterms2022 #thedemocrats #iwillvote ,Have you voted yet? #joebiden #dnc #midterms2022 #thedemocrats #iwillvote ,20221108,0,269100,33200,719,891,;;;;,unnamed_sound,,True
7163768914197957930,democrats,https://www.tiktok.com/@democrats/video/7163768914197957930,Tell your friends to vote blue up and down the ballot! ,Tell your friends to vote blue up and down the ballot! ,20221108,8,47700,1190,24,14,,original sound,Giullia Cartaxo,False
7163753543378144554,democrats,https://www.tiktok.com/@democrats/video/7163753543378144554,It’s Election Day! #thedemocrats #dnc #joebiden #midterms2022 #novemb...,It’s Election Day! #thedemocrats #dnc #joebiden #midterms2022 #november8 ,20221108,8,103200,3503,119,28,,original sound,Bag Raiders,False
7163728575651171630,democrats,https://www.tiktok.com/@democrats/video/7163728575651171630,Have your voice heard at the ballot box. #thedemocrats #dnc #midterms...,Have your voice heard at the ballot box. #thedemocrats #dnc #midterms2022 #november8 ,20221108,6,267700,10900,356,48,,Swordplay Showdown,thewiiguy,False
7163709828651797806,democrats,https://www.tiktok.com/@democrats/video/7163709828651797806,Today is the day! Let’s get out the vote. #dnc #thedemocrats #midterm...,Today is the day! Let’s get out the vote. #dnc #thedemocrats #midterms2022 #georgia ,20221108,27,35600,1063,47,13,,FEEL THE GROOVE,"Queens Road, Fabian Graetz",False
7163689821590801710,democrats,https://www.tiktok.com/@democrats/video/7163689821590801710,Our MVP🔥 #thedemocrats #dnc #kamalaharris #midterms2022 #november8,Our MVP🔥 #thedemocrats #dnc #kamalaharris #midterms2022 #november8,20221108,10,40300,1681,43,10,,Drake of the Fates,Kyberphonic,False
7163651606775352618,democrats,https://www.tiktok.com/@democrats/video/7163651606775352618,Your vote and your voice matters. #kamalaharris #midterms2022 #iwillv...,Your vote and your voice matters. #kamalaharris #midterms2022 #iwillvote #dnc #thedemocrats ,20221108,38,267500,11900,614,249,,original sound,Democrats,False
7163491083362536750,democrats,https://www.tiktok.com/@democrats/video/7163491083362536750,2008⏩2022 #thedemocrats #dnc #joebiden #barackobama #midterms2022 ,2008⏩2022 #thedemocrats #dnc #joebiden #barackobama #midterms2022 ,20221108,5,423400,44000,140,195,,deja vu,harpiche,False
7163474848285478186,democrats,https://www.tiktok.com/@democrats/video/7163474848285478186,🚨🚨🚨,🚨🚨🚨,20221108,7,44800,1489,32,31,,anti hero wtf,まきえ🎐,False
7163449440081136938,democrats,https://www.tiktok.com/@democrats/video/7163449440081136938,Drop your plan to vote in the comments. #thedemocrats #midterms2022 #...,Drop your plan to vote in the comments. #thedemocrats #midterms2022 #dnc #petebuttigieg ,20221108,25,50000,2684,65,28,,original sound,Democrats,False
7163413175143173422,democrats,https://www.tiktok.com/@democrats/video/7163413175143173422,Go Vote! #thedemocrats #midterms2022 #iwillvote #dnc ,Go Vote! #thedemocrats #midterms2022 #iwillvote #dnc ,20221107,12,62500,4218,80,28,,freaking out the neighborhood by mac demarcoシ,offline,False
7163383827300388142,democrats,https://www.tiktok.com/@democrats/video/7163383827300388142,Every Republican in Congress voted against the Inflation Reduction Ac...,Every Republican in Congress voted against the Inflation Reduction Act. #thedemocrats #dnc #inflationreductionact ,20221107,6,49600,1448,39,16,,original sound,MeemzyTv,False
7163312684090363178,democrats,https://www.tiktok.com/@democrats/video/7163312684090363178,A special reminder from President Biden and Barack Obama. #dnc #thede...,A special reminder from President Biden and Barack Obama. #dnc #thedemocrats #joebiden #barackobama #midterms2022 ,20221107,7,20200000,1200000,22600,24100,,original sound,Democrats,False
7163272402586045738,democrats,https://www.tiktok.com/@democrats/video/7163272402586045738,Make your voice heard tomorrow. #dnc #thedemocrats #iwillvote #midter...,Make your voice heard tomorrow. #dnc #thedemocrats #iwillvote #midterms2022 ,20221107,3,47600,1170,66,7,,original sound,Democrats,False
7163117279339662635,democrats,https://www.tiktok.com/@democrats/video/7163117279339662635,We don’t want to hear it from MAGA Republicans.,We don’t want to hear it from MAGA Republicans.,20221107,41,1300000,96600,754,8919,,original sound,Democrats,False
7163100078536707371,democrats,https://www.tiktok.com/@democrats/video/7163100078536707371,That’s right. Every Republican in Congress voted against lowering hea...,That’s right. Every Republican in Congress voted against lowering health care costs. ,20221107,4,32500,839,28,11,,Reduce Your Expectations to 0,Lucy🌙☁️,False
7163056293593255214,democrats,https://www.tiktok.com/@democrats/video/7163056293593255214,💙💙💙 #dnc #thedemocrats #midterms2022 #iwillvote ,💙💙💙 #dnc #thedemocrats #midterms2022 #iwillvote ,20221106,6,272700,7138,715,85,,original sound,￴ ￴ ￴ ￴ ￴ ￴ ￴ ￴ ￴ ￴ ￴ ￴ ￴ ￴,False
7162949876089769259,democrats,https://www.tiktok.com/@democrats/video/7162949876089769259,"Now, let’s vote them out.","Now, let’s vote them out.",20221106,12,50100,4338,27,155,,SpongeBob song,jai2gayyy,False
7162939707532332331,democrats,https://www.tiktok.com/@democrats/video/7162939707532332331,Remember this at the ballot box. ,Remember this at the ballot box. ,20221106,5,65400,6479,124,103,,ÄÆËØGH,jiafei,False
7162639095271918891,democrats,https://www.tiktok.com/@democrats/video/7162639095271918891,The Vice President and Second Gentleman have filled out their ballots...,The Vice President and Second Gentleman have filled out their ballots! Have you? #kamalaharris #dougemhoff #dnc ,20221105,27,52200,2639,51,13,,original sound,Democrats,False
7162608927505567022,democrats,https://www.tiktok.com/@democrats/video/7162608927505567022,Make your plan to vote today. #thedemocrats #dnc #vote ,Make your plan to vote today. #thedemocrats #dnc #vote ,20221105,11,20000,643,22,2,,original sound,Democrats,False
7162585689631214894,democrats,https://www.tiktok.com/@democrats/video/7162585689631214894,Don’t wait until the last minute to drop off your mail-in ballot. 🗳️🗳...,Don’t wait until the last minute to drop off your mail-in ballot. 🗳️🗳️🗳️ ,20221105,11,32100,1908,62,12,,i dont even like phonk songs,cqpquartet,False
7162547551118380331,democrats,https://www.tiktok.com/@democrats/video/7162547551118380331,It’s time to get out the vote!💙 #thedemocrats #midterms2022 #presiden...,It’s time to get out the vote!💙 #thedemocrats #midterms2022 #presidentbiden #vpharris #barackobama ,20221105,8,308200,19200,485,190,,original sound,Evan Owens,False
7162222975381556522,democrats,https://www.tiktok.com/@democrats/video/7162222975381556522,Time to show them the door.,Time to show them the door.,20221104,5,31600,1971,31,24,,original sound,Ezra<3,False
7162199394761067819,democrats,https://www.tiktok.com/@democrats/video/7162199394761067819,Which Office character are you? Comment below! 🧑‍💼💼 #thedemocrats #th...,Which Office character are you? Comment below! 🧑‍💼💼 #thedemocrats #theoffice #dnc ,20221104,26,16100,678,9,4,,The Office Theme Song,Zach Caleb,False
7161890693835836718,democrats,https://www.tiktok.com/@democrats/video/7161890693835836718,"It’s time to slay early voting, Georgia. Make a plan to vote at IWill...","It’s time to slay early voting, Georgia. Make a plan to vote at IWillVote.com.",20221103,6,22500,1388,22,12,,,,False
7161816434383785262,democrats,https://www.tiktok.com/@democrats/video/7161816434383785262,Are you ready to vote? #november8 #thedemocrats #midterms2022 #freaky...,Are you ready to vote? #november8 #thedemocrats #midterms2022 #freakyfriday ,20221103,7,21200,608,10,4,,original sound,SAGE,False
7161567843769683243,democrats,https://www.tiktok.com/@democrats/video/7161567843769683243,Make your plan to vote today. ,Make your plan to vote today. ,20221102,15,30500,1063,27,8,,let it happen,El,False
7161523061831781675,democrats,https://www.tiktok.com/@democrats/video/7161523061831781675,The Bidens have voted! Have you? #joebiden #november8 #midterms2022 ,The Bidens have voted! Have you? #joebiden #november8 #midterms2022 ,20221102,38,6400000,251700,4794,4759,,Synchronize (Instrumental),Milky Chance,False
7161420670826614062,democrats,https://www.tiktok.com/@democrats/video/7161420670826614062,Let’s elect these Democrats for governor. #midterms2022 #thedemocrats...,Let’s elect these Democrats for governor. #midterms2022 #thedemocrats #november8 #dnc ,20221102,15,23800,961,30,11,,son original,eliasddx,False
7161203067877215531,democrats,https://www.tiktok.com/@democrats/video/7161203067877215531,Our vote can write November 8th’s episode. #midterms2022 #thedemocrat...,Our vote can write November 8th’s episode. #midterms2022 #thedemocrats #dnc #iwillvote ,20221102,5,17000,486,9,0,,original sound,Aung,False
7161057463129640234,democrats,https://www.tiktok.com/@democrats/video/7161057463129640234,Have you made your plan to vote? #november8 #iwillvote #midterms2022 ,Have you made your plan to vote? #november8 #iwillvote #midterms2022 ,20221101,6,21100,936,4,18,,Schitts Creek audio from erin.e.decuir on Insta,Heather,False
7160825594895240491,democrats,https://www.tiktok.com/@democrats/video/7160825594895240491,Remember this at the ballot box. ,Remember this at the ballot box. ,20221031,4,14700,404,15,5,,,,False
7160689558961589547,democrats,https://www.tiktok.com/@democrats/video/7160689558961589547,Let’s elect Val Demings to the Senate. 🏳️‍🌈 #thedemocrats #florida #l...,Let’s elect Val Demings to the Senate. 🏳️‍🌈 #thedemocrats #florida #lgbtqrights ,20221031,12,14600,556,32,10,,Take my Time 2K19 by Vivid The Producer,JLW,False
7160520260792388910,democrats,https://www.tiktok.com/@democrats/video/7160520260792388910,Your vote is your voice. #midterms2022 #november8 #iwillvote ,Your vote is your voice. #midterms2022 #november8 #iwillvote ,20221031,12,35000,2643,39,19,,original sound,Democrats,False
7160466801556540715,democrats,https://www.tiktok.com/@democrats/video/7160466801556540715,Let’s vote them out. #dnc #thedemocrats #spongebob ,Let’s vote them out. #dnc #thedemocrats #spongebob ,20221031,5,30200,1384,67,17,,,,False
7160348184252878123,democrats,https://www.tiktok.com/@democrats/video/7160348184252878123,Let’s elect these Democrats to the Senate. #midterms2022 #november8 #...,Let’s elect these Democrats to the Senate. #midterms2022 #november8 #iwillvote ,20221030,15,27700,2340,53,27,,son original,eliasddx,False
7160076500815842602,democrats,https://www.tiktok.com/@democrats/video/7160076500815842602,It’s time to vote. #barackobama #iwillvote #midterms2022 #november8 ,It’s time to vote. #barackobama #iwillvote #midterms2022 #november8 ,20221029,4,16000,1372,14,13,,original sound,Democrats,False
7160017221803298094,democrats,https://www.tiktok.com/@democrats/video/7160017221803298094,Let’s reelect @TeamWarnock to the Senate. #iwillvote #midterms2022 #b...,Let’s reelect @TeamWarnock to the Senate. #iwillvote #midterms2022 #barackobama  #georgia ,20221029,5,15100,1202,3,5,,,,False
7159954771619908910,democrats,https://www.tiktok.com/@democrats/video/7159954771619908910,Make sure you have a plan to vote on November 8th. #dougemhoff #midte...,Make sure you have a plan to vote on November 8th. #dougemhoff #midterms2022 #iwillvote ,20221029,15,9546,746,18,6,,original sound,Democrats,False
7159595709245689134,democrats,https://www.tiktok.com/@democrats/video/7159595709245689134,Make your plan to vote today. #kamalaharris #midterms2022 #iwillvote ,Make your plan to vote today. #kamalaharris #midterms2022 #iwillvote ,20221028,38,10800,876,29,16,,original sound,Democrats,False
7159389191523142955,democrats,https://www.tiktok.com/@democrats/video/7159389191523142955,Democrats will protect abortion rights.  ,Democrats will protect abortion rights.  ,20221028,7,49300,2794,40,10,,Omg so much people used my sound,Layla <3,False
7159358803454987562,democrats,https://www.tiktok.com/@democrats/video/7159358803454987562,Remember this in November. #midterms2022 #thedemocrats #iwillvote #no...,Remember this in November. #midterms2022 #thedemocrats #iwillvote #november8 ,20221028,22,24300,3104,26,181,,original sound,Savannah,False
7159269196021419310,democrats,https://www.tiktok.com/@democrats/video/7159269196021419310,Let’s reelect Mark Kelly to the Senate. #markkelly #midterms2022 #the...,Let’s reelect Mark Kelly to the Senate. #markkelly #midterms2022 #thedemocrats ,20221027,7,8727,361,8,1,,original sound,SplashLxfe,False
7159194232924818730,democrats,https://www.tiktok.com/@democrats/video/7159194232924818730,"The decision should be up to: women, doctors, and WHO?! ","The decision should be up to: women, doctors, and WHO?! ",20221027,20,21300,1720,22,10,,original sound,Democrats,False
7158808921988320558,democrats,https://www.tiktok.com/@democrats/video/7158808921988320558,Reminder: Make your plan to vote. #dnc #barackobama #iwillvote #midte...,Reminder: Make your plan to vote. #dnc #barackobama #iwillvote #midterms2022 ,20221026,22,20000,2754,63,68,,original sound,Democrats,False
7158607674538511659,democrats,https://www.tiktok.com/@democrats/video/7158607674538511659,Make your voice heard on November 8th. ,Make your voice heard on November 8th. ,20221026,5,18800,2786,28,85,,Anti-Hero,Taylor Swift,False
7158507920014069038,democrats,https://www.tiktok.com/@democrats/video/7158507920014069038,Make your plan to vote today. #iwillvote #november8 #midterms2022 ,Make your plan to vote today. #iwillvote #november8 #midterms2022 ,20221025,46,14600,1090,16,8,,original sound,Democrats,False
7158461408189926698,democrats,https://www.tiktok.com/@democrats/video/7158461408189926698,Reproductive rights are on the ballot. #dnc  #gretchenwhitmer #reprod...,Reproductive rights are on the ballot. #dnc  #gretchenwhitmer #reproductiverights #roevwade ,20221025,5,15200,1092,18,7,,NuhChez is content god,Nuhchez,False
7158241434217336107,democrats,https://www.tiktok.com/@democrats/video/7158241434217336107,Let’s elect @valdemings to the Senate this November. ,Let’s elect @valdemings to the Senate this November. ,20221025,7,5760,370,9,5,,Feeling Good Austin Millz Remix,Austin Millz,False
7158092836792077614,democrats,https://www.tiktok.com/@democrats/video/7158092836792077614,Republicans are not for the American people. ,Republicans are not for the American people. ,20221024,9,49100,5841,41,146,,Out There VS Phantom Overture XENOMORPH MASHUP,Krys 🖤🗡️,False
7157720095563828523,democrats,https://www.tiktok.com/@democrats/video/7157720095563828523,"Florida, let’s elect @valdemings to the Senate. #florida #thedemocrat...","Florida, let’s elect @valdemings to the Senate. #florida #thedemocrats #dnc #midterms2022 ",20221023,14,7807,644,9,3,,ac vhscoven on Instagram,mia,False
7157347769198333227,democrats,https://www.tiktok.com/@democrats/video/7157347769198333227,"Wisconsin, it’s time to elect @Mandela Barnes to the Senate. #wiscons...","Wisconsin, it’s time to elect @Mandela Barnes to the Senate. #wisconsin #dnc #thedemocrats #midterms2022 ",20221022,7,8810,648,6,5,,,,False
7156989871750466859,democrats,https://www.tiktok.com/@democrats/video/7156989871750466859,@Stacey Abrams for GA. #midterms2022 #georgia #thedemocrats #dnc ,@Stacey Abrams for GA. #midterms2022 #georgia #thedemocrats #dnc ,20221021,7,6714,477,17,6,,original sound,cannedtunadestroyed,False
7156755493497720107,democrats,https://www.tiktok.com/@democrats/video/7156755493497720107,Let’s ⚠️BeReal⚠️: We must elect @johnfetterman to the Senate on Novem...,Let’s ⚠️BeReal⚠️: We must elect @johnfetterman to the Senate on November 8th. #midterms2022 #thedemocrats #dnc ,20221021,6,188800,4293,299,31,,weak speed,☁️,False
7156618483390745899,democrats,https://www.tiktok.com/@democrats/video/7156618483390745899,Happy birthday to our MVP.💙 #kamalaharris #dnc #thedemocrats ,Happy birthday to our MVP.💙 #kamalaharris #dnc #thedemocrats ,20221020,7,16000,1547,60,24,,happy birthday,L,False
7156380458433940779,democrats,https://www.tiktok.com/@democrats/video/7156380458433940779,Let’s make history by electing these Black candidates for governor. #...,Let’s make history by electing these Black candidates for governor. #dnc #thedemocrats #iwillvote #midterms2022 ,20221020,4,8985,834,8,11,,пон,🤡,False
7156266912828230955,democrats,https://www.tiktok.com/@democrats/video/7156266912828230955,Are you ready to vote for Democrats up and down the ballot? #michelle...,Are you ready to vote for Democrats up and down the ballot? #michelleobama #barackobama #midterms2022 #iwillvote ,20221019,8,133000,4106,216,22,,original sound,aetesfaye,False
7156219553499073838,democrats,https://www.tiktok.com/@democrats/video/7156219553499073838,Don’t sit this election out. We must protect our fundamental rights. ...,Don’t sit this election out. We must protect our fundamental rights. #barackobama #iwillvote #midterms2022 ,20221019,39,118100,14000,442,554,,original sound,Democrats,False
7155969505389251883,democrats,https://www.tiktok.com/@democrats/video/7155969505389251883,"Why, Republicans? #inflationreductionact ","Why, Republicans? #inflationreductionact ",20221018,7,10900,711,13,5,,Originalton,MrMosaic,False
7155872075909975338,democrats,https://www.tiktok.com/@democrats/video/7155872075909975338,🚨Applications to apply for student debt relief are open now🚨 #student...,🚨Applications to apply for student debt relief are open now🚨 #studentloans #studentloanforgiveness  ,20221018,5,14700,1101,17,22,,original sound,kacey 🐞,False
7155649993716534570,democrats,https://www.tiktok.com/@democrats/video/7155649993716534570,"Georgia, it’s time to elect a governor for the people. 🏳️‍🌈 #dnc #the...","Georgia, it’s time to elect a governor for the people. 🏳️‍🌈 #dnc #thedemocrats #midterms2022 #iwillvote #november8 ",20221018,7,58200,3893,220,18,,original sound,Roemer Productions,False
7155491013186915626,democrats,https://www.tiktok.com/@democrats/video/7155491013186915626,Let’s get @timryanoh to the Senate. #dnc #thedemocrats #midterms2022 ...,Let’s get @timryanoh to the Senate. #dnc #thedemocrats #midterms2022 #november8 ,20221017,6,8334,659,7,6,,original sound,Chase Rutherford,False
7155300223261199662,democrats,https://www.tiktok.com/@democrats/video/7155300223261199662,Climate. Clean Energy. Health Care. #dnc #thedemocrats #edmarkey #inf...,Climate. Clean Energy. Health Care. #dnc #thedemocrats #edmarkey #inflationreductionact ,20221017,13,9592,866,8,7,,original sound,Democrats,False
7155281999291436334,democrats,https://www.tiktok.com/@democrats/video/7155281999291436334,Reminder: Republicans keep voting against the American people. #infla...,Reminder: Republicans keep voting against the American people. #inflationreductionact #thedemocrats #dnc ,20221017,10,10100,788,4,11,,original sound,toasty.s,False
7155193970534944043,democrats,https://www.tiktok.com/@democrats/video/7155193970534944043,"Florida, the choice is clear. #thedemocrats #dnc #florida #valdemings ","Florida, the choice is clear. #thedemocrats #dnc #florida #valdemings ",20221016,6,11300,989,11,9,,Use this if you are Connor Hesse or Spencewuah,Red,False
7154744182555397419,democrats,https://www.tiktok.com/@democrats/video/7154744182555397419,We flipped Georgia blue in 2020. Let’s keep it that way in 2022. #the...,We flipped Georgia blue in 2020. Let’s keep it that way in 2022. #thedemocrats #dnc #georgia #midterms2022 #november8 ,20221015,8,6221,696,13,1,,long way 2 go remix,𝐓𝐇𝐄𝐄𝐒𝐏𝐄𝐂𝐔𝐋𝐎𝐎𝐒.,False
7154365709277990186,democrats,https://www.tiktok.com/@democrats/video/7154365709277990186,@valdemings walking into the U.S. Senate like: ,@valdemings walking into the U.S. Senate like: ,20221014,7,30200,2813,79,11,,original sound,ar1esluver,False
7154117105539943723,democrats,https://www.tiktok.com/@democrats/video/7154117105539943723,Tag yourself in the comments. 🗳️💙 #november8 #midterms2022 #iwillvote ,Tag yourself in the comments. 🗳️💙 #november8 #midterms2022 #iwillvote ,20221013,12,28200,2553,48,39,,original sound,Kristin Chirico,False
7153996220728347950,democrats,https://www.tiktok.com/@democrats/video/7153996220728347950,"Happy Birthday, SGOTUS!🎉 #dougemhoff #secondgentleman #dnc #thedemocr...","Happy Birthday, SGOTUS!🎉 #dougemhoff #secondgentleman #dnc #thedemocrats ",20221013,7,12200,911,7,8,,original sound,emilia.lnn,False
7153771173204069675,democrats,https://www.tiktok.com/@democrats/video/7153771173204069675,Let’s hold Republicans accountable this Election Day. ,Let’s hold Republicans accountable this Election Day. ,20221012,6,71200,9885,91,95,,SpongeBob song,jai2gayyy,False
7153411390915677486,democrats,https://www.tiktok.com/@democrats/video/7153411390915677486,Do you have a plan to vote? #november8 #midterms2022 #thedemocrats #d...,Do you have a plan to vote? #november8 #midterms2022 #thedemocrats #dnc #iwillvote ,20221012,8,5923,352,1,11,,a negroni sbagliato w prosecco l hbo max,HBO Max,False
7153346575685700910,democrats,https://www.tiktok.com/@democrats/video/7153346575685700910,"Ohio, let’s get @timryanoh in the Senate so he can keep fighting for ...","Ohio, let’s get @timryanoh in the Senate so he can keep fighting for the freedom to choose. #dnc #thedemocrats #midterms2022 ",20221011,5,17300,1300,12,12,,original sound,Mike Akin,False
7153055412072418606,democrats,https://www.tiktok.com/@democrats/video/7153055412072418606,Whitmer for MI. #governorwhitmer #dnc #thedemocrats #midterms2022 #mi...,Whitmer for MI. #governorwhitmer #dnc #thedemocrats #midterms2022 #michigan ,20221011,6,8160,625,6,7,,i love you baby by frank sinatra,Xime,False
7153007175260966190,democrats,https://www.tiktok.com/@democrats/video/7153007175260966190,Happy Indigenous Peoples’ Day. #thedemocrats #dnc #indigenouspeoplesday ,Happy Indigenous Peoples’ Day. #thedemocrats #dnc #indigenouspeoplesday ,20221010,23,5656,554,2,6,,original sound,Democrats,False
7152552195773173035,democrats,https://www.tiktok.com/@democrats/video/7152552195773173035,30 days until November 8th. You know what to do. #dnc #thedemocrats #...,30 days until November 8th. You know what to do. #dnc #thedemocrats #iwillvote #midterms2022 ,20221009,9,5984,538,12,10,,оригинальный звук,m,False
7152327856620653867,democrats,https://www.tiktok.com/@democrats/video/7152327856620653867,"This November, @valdemings can become the first Black senator from Fl...","This November, @valdemings can become the first Black senator from Florida. #dnc #thedemocrats #midterms2022 #florida ",20221009,7,5681,350,3,2,,Hot New Bombshell,,False
7151592121865211178,democrats,https://www.tiktok.com/@democrats/video/7151592121865211178,"Texas, you know what to do. #betoorourke #dnc #thedemocrats #texasgov...","Texas, you know what to do. #betoorourke #dnc #thedemocrats #texasgovernor ",20221007,7,14500,1695,12,12,,slayed atasteofmamas,Sharon,False
7151445796850896170,democrats,https://www.tiktok.com/@democrats/video/7151445796850896170,We 🫶 our interns! #thedemocrats #dnc #dcintern ,We 🫶 our interns! #thedemocrats #dnc #dcintern ,20221006,56,9585,537,15,17,,Hip Hop with impressive piano sound(793766),Dusty Sky,False
7151215116778933550,democrats,https://www.tiktok.com/@democrats/video/7151215116778933550,Reproductive rights are on the ballot this November. #roevwade #repro...,Reproductive rights are on the ballot this November. #roevwade #reproductiverights #dnc #thedemocrats #veronicaescobar ,20221006,13,5755,313,9,4,,original sound,Democrats,False
7151017555610635562,democrats,https://www.tiktok.com/@democrats/video/7151017555610635562,Let’s make @johnfetterman Pennsylvania’s next senator. #dnc #thedemoc...,Let’s make @johnfetterman Pennsylvania’s next senator. #dnc #thedemocrats #midterms2022 ,20221005,7,7247,622,13,5,,original sound,VILLAKY,False
7150838859817962794,democrats,https://www.tiktok.com/@democrats/video/7150838859817962794,@TimRyanOH is an ally 🫶🫶🫶 #timryan #midterms2022 #thedemocrats ,@TimRyanOH is an ally 🫶🫶🫶 #timryan #midterms2022 #thedemocrats ,20221005,9,11100,628,5,9,,original sound,Anthony Immediato,False
7150671855471332651,democrats,https://www.tiktok.com/@democrats/video/7150671855471332651,Senator Padilla will continue fighting for California families. Show ...,Senator Padilla will continue fighting for California families. Show up for California’s first Latino senator this November. #alexpadilla #midterms2022 #thedemocrats ,20221004,7,11900,442,5,12,,swing lynn,lovdfilmz,False
7150458795796483374,democrats,https://www.tiktok.com/@democrats/video/7150458795796483374,It won’t be the same as it was when Texans elect @Beto O’Rourke. #the...,It won’t be the same as it was when Texans elect @Beto O’Rourke. #thedemocrats #midterms2022 #harrystyles ,20221004,10,15000,2725,22,42,,original sound,HSHQ,False
7150410512537292078,democrats,https://www.tiktok.com/@democrats/video/7150410512537292078,"Happy Anniversary, Barack and Michelle💙 #michelleobama #barackobama ","Happy Anniversary, Barack and Michelle💙 #michelleobama #barackobama ",20221003,10,26100,2717,21,31,,love actually is all around,Juliet,False
7150272732003913003,democrats,https://www.tiktok.com/@democrats/video/7150272732003913003,"Get in besties, we’re going canvassing. #october3rd #meangirls #dnc #...","Get in besties, we’re going canvassing. #october3rd #meangirls #dnc #thedemocrats #midterms2022 ",20221003,11,4994,359,1,6,,original sound,Rachel Winters,False
7149939392398789931,democrats,https://www.tiktok.com/@democrats/video/7149939392398789931,It’s nothing but net. #staceyabrams #midterms2022 #dnc #thedemocrats ,It’s nothing but net. #staceyabrams #midterms2022 #dnc #thedemocrats ,20221002,4,10100,1257,16,13,,DC me,alli !!,False
7149565908921388331,democrats,https://www.tiktok.com/@democrats/video/7149565908921388331,Representation matters. #dnc #thedemocrats #pride #midterms2022 ,Representation matters. #dnc #thedemocrats #pride #midterms2022 ,20221001,10,15100,1475,18,10,,original sound,nourhan,False
7149246449807641899,democrats,https://www.tiktok.com/@democrats/video/7149246449807641899,Let’s keep Nevada blue and show up for Senator Cortez Masto. #dnc #th...,Let’s keep Nevada blue and show up for Senator Cortez Masto. #dnc #thedemocrats #midterms2022 #nevada ,20220930,7,5294,265,4,4,,telephones,<3,False
7148985343612669226,democrats,https://www.tiktok.com/@democrats/video/7148985343612669226,Reproductive rights are on the ballot. #roevwade #reproductiverights ...,Reproductive rights are on the ballot. #roevwade #reproductiverights #prochoice ,20220930,12,5126,579,9,13,,cry,a,False
7148599258894208302,democrats,https://www.tiktok.com/@democrats/video/7148599258894208302,We remember… #i#inflationreductionacta#americanrescuepland#dncthedemo...,We remember… #i#inflationreductionacta#americanrescuepland#dncthedemocrats,20220929,8,15100,1256,10,33,,original sound,Mossbot,False
7148457736596966699,democrats,https://www.tiktok.com/@democrats/video/7148457736596966699,"Pennsylvania, show up for @johnfetterman on November 8th! #dnc #thede...","Pennsylvania, show up for @johnfetterman on November 8th! #dnc #thedemocrats #midterms #johnfetterman ",20220928,5,16400,2039,14,11,,Crunch,PussTenshi,False
7148218783423794478,democrats,https://www.tiktok.com/@democrats/video/7148218783423794478,🏳️‍🌈🏳️‍🌈🏳️‍🌈 #dnc #thedemocrats #midterms2022 #pride ,🏳️‍🌈🏳️‍🌈🏳️‍🌈 #dnc #thedemocrats #midterms2022 #pride ,20220928,9,20600,1890,20,9,,original sound,bhaddiebeats_,False
7148077146605653294,democrats,https://www.tiktok.com/@democrats/video/7148077146605653294,We must flip Georgia blue this November. #staceyabrams #dnc #thedemoc...,We must flip Georgia blue this November. #staceyabrams #dnc #thedemocrats #midterms2022 ,20220927,5,133100,1804,101,11,,WHY ARE PEOPLE USING MY SOUND,iivseii,False
7147713314024574254,democrats,https://www.tiktok.com/@democrats/video/7147713314024574254,Marco Rubio and every Senate Republican voted against the Inflation R...,"Marco Rubio and every Senate Republican voted against the Inflation Reduction Act. Florida, you know what to do on November 8th. @valdemings #dnc #midterms2022 #inflationreductionact ",20220926,9,9545,1005,7,11,,original sound,Joe Gunn,False
7147482286915603754,democrats,https://www.tiktok.com/@democrats/video/7147482286915603754,Representative Jayapal and Democrats are fighting to protect the free...,Representative Jayapal and Democrats are fighting to protect the freedom to choose. #pramilajayapal #prochoice #roevwade ,20220926,6,19600,1821,3,10,,original sound,Josh Shapiro,False
7146300777240268074,democrats,https://www.tiktok.com/@democrats/video/7146300777240268074,These Latino leaders are making extraordinary contributions to our co...,These Latino leaders are making extraordinary contributions to our country— let’s get them re-elected. #alexpadilla #catherinecortezmasto #teresafernandez #dnc ,20220922,14,8934,731,12,12,,you and me westend x local singles edit,Westend,False
7145629551148682539,democrats,https://www.tiktok.com/@democrats/video/7145629551148682539,"On November 8th, we can re-elect Mark Kelly to the US Senate. #markke...","On November 8th, we can re-elect Mark Kelly to the US Senate. #markkelly #dnc #thedemocrats #midterms2022 ",20220921,13,7510,635,9,4,,original sound,Valeria Torres,False
7145463408337423662,democrats,https://www.tiktok.com/@democrats/video/7145463408337423662,Make sure you are registered to vote TODAY! 🗳💙 #dnc #midterms2022 #na...,Make sure you are registered to vote TODAY! 🗳💙 #dnc #midterms2022 #nationalvoterregistrationday  ,20220920,23,3678,171,10,10,,original sound,Democrats,False
7145084256732122411,democrats,https://www.tiktok.com/@democrats/video/7145084256732122411,"In 50 days, we’re showing up and voting for Democrats. #dnc #thedemoc...","In 50 days, we’re showing up and voting for Democrats. #dnc #thedemocrats #midterms2022 #joebiden ",20220919,5,88100,9493,172,181,,original sound,Alex Chapman,False
7144796541524380970,democrats,https://www.tiktok.com/@democrats/video/7144796541524380970,"This November, we can help @valdemings unseat Marco Rubio. #dnc #thed...","This November, we can help @valdemings unseat Marco Rubio. #dnc #thedemocrats #midterms2022 #valdemings ",20220918,4,9853,832,7,6,,slayed atasteofmamas,Sharon,False
7144462082983873834,democrats,https://www.tiktok.com/@democrats/video/7144462082983873834,Make sure you have a plan to vote on November 8th at IWillVote.com #d...,Make sure you have a plan to vote on November 8th at IWillVote.com #dnc #thedemocrats #midterms2022 #kamalaharris ,20220917,14,8179,885,21,14,,feeling good,sophialongo_,False
7143788586045852974,democrats,https://www.tiktok.com/@democrats/video/7143788586045852974,"This November, let’s elect @Mandela Barnes as Wisconsin’s next Senato...","This November, let’s elect @Mandela Barnes as Wisconsin’s next Senator. #dnc #thedemocrats #mandelabarnes #midterms2022 ",20220916,6,9194,691,6,9,,Use this if you are Connor Hesse or Spencewuah,Red,False
7143703195485834542,democrats,https://www.tiktok.com/@democrats/video/7143703195485834542,He’s a big car guy. #dnc #thedemocrats #joebiden ,He’s a big car guy. #dnc #thedemocrats #joebiden ,20220915,5,14900,1208,7,12,,BROWS.,JOVIL👾,False
7143608238674775342,democrats,https://www.tiktok.com/@democrats/video/7143608238674775342,The IRA makes the largest investment to combat climate change in U.S....,The IRA makes the largest investment to combat climate change in U.S. history. #dnc #thedemocrats #inflationreductionact #climatechange ,20220915,53,4595,360,6,4,,original sound,Democrats,False
7143457926521359659,democrats,https://www.tiktok.com/@democrats/video/7143457926521359659,"“America is leading on climate, not just with declarations, but with ...","“America is leading on climate, not just with declarations, but with action.” #dnc #thedemocrats #inflationreductionact #climatechange ",20220915,44,3802,284,3,6,,original sound,Democrats,False
7143266460033649966,democrats,https://www.tiktok.com/@democrats/video/7143266460033649966,"Republicans, led by Lindsey Graham, are introducing a bill to ban abo...","Republicans, led by Lindsey Graham, are introducing a bill to ban abortion nationwide. #dnc #thedemocrats #roevwade #abortionrights ",20220914,15,7837,428,11,8,,original sound,Democrats,False
7143049086508256555,democrats,https://www.tiktok.com/@democrats/video/7143049086508256555,Abortion rights are on the ballot this November. #roevwade #abortionr...,Abortion rights are on the ballot this November. #roevwade #abortionrights #midterms2022 #kamalaharris #dnc ,20220914,37,8558,1320,26,21,,original sound,Democrats,False
7143003849668758826,democrats,https://www.tiktok.com/@democrats/video/7143003849668758826,The numbers speak for themselves. #dnc #thedemocrats #studentloanforg...,The numbers speak for themselves. #dnc #thedemocrats #studentloanforgiveness ,20220913,15,11000,1222,9,17,,tiptap foot transition,YT/IG: theyonndon,False
7142638689011748142,democrats,https://www.tiktok.com/@democrats/video/7142638689011748142,"The first, but certainly not the last. #dnc #thedemocrats #kamalaharris ","The first, but certainly not the last. #dnc #thedemocrats #kamalaharris ",20220912,4,5673,428,13,4,,original sound,ꪑꪶᒿꫀ,False
7142272475299056938,democrats,https://www.tiktok.com/@democrats/video/7142272475299056938,Democrats are delivering for the American people. #dnc #thedemocrats ...,Democrats are delivering for the American people. #dnc #thedemocrats #inflationreductionact ,20220911,9,37200,4083,12,16,,,,False
7142164871130385706,democrats,https://www.tiktok.com/@democrats/video/7142164871130385706,No.💙 Vote for @johnfetterman this November. #midterms2022 #johnfetter...,No.💙 Vote for @johnfetterman this November. #midterms2022 #johnfetterman #dnc #ussenate #thedemocrats ,20220911,5,22000,1659,18,10,,This Is Your Man,Steve Wilkos Show,False
7141575422113877291,democrats,https://www.tiktok.com/@democrats/video/7141575422113877291,President Barack Obama and First Lady Michelle Obama’s official White...,President Barack Obama and First Lady Michelle Obama’s official White House portraits.💙 #dnc #barackobama #michelleobama ,20220910,8,21700,2093,20,14,,Whats this I like it Picasso Yeah datway,ReefaTV,False
7141474569352695086,democrats,https://www.tiktok.com/@democrats/video/7141474569352695086,💙 #dnc #thedemocrats #michelleobama ,💙 #dnc #thedemocrats #michelleobama ,20220909,36,76100,5457,87,133,,original sound,Democrats,False
7141384501896170795,democrats,https://www.tiktok.com/@democrats/video/7141384501896170795,Make your plan to vote: IWillVote.com @Rep. Katie Porter #dnc #thedem...,Make your plan to vote: IWillVote.com @Rep. Katie Porter #dnc #thedemocrats #midterms2022 ,20220909,14,89100,15800,318,390,,original sound,Democrats,False
7140802106465799470,democrats,https://www.tiktok.com/@democrats/video/7140802106465799470,"Barack and Michelle Obama, welcome back. #dnc #thedemocrats #michelle...","Barack and Michelle Obama, welcome back. #dnc #thedemocrats #michelleobama #barackobama ",20220908,10,163400,13100,148,146,,original sound,veggibeats,False
7140759598797016363,democrats,https://www.tiktok.com/@democrats/video/7140759598797016363,Barack 💙 Michelle #barackobama #michelleobama #dnc #thedemocrats ,Barack 💙 Michelle #barackobama #michelleobama #dnc #thedemocrats ,20220907,23,28200,3152,41,88,,original sound,Democrats,False
7140695635140955435,democrats,https://www.tiktok.com/@democrats/video/7140695635140955435,"This November, let’s help these Democrats make history. #valdemings #...","This November, let’s help these Democrats make history. #valdemings #mandelabarnes #cheribeasley #dnc #midterms2022 ",20220907,7,43300,4417,42,17,,original sound,vol6s,False
7140441293754371374,democrats,https://www.tiktok.com/@democrats/video/7140441293754371374,Doug Emhoff sharing his experiences as the first Second Gentleman. #d...,Doug Emhoff sharing his experiences as the first Second Gentleman. #dnc #dougemhoff #secondgentleman #kamalaharris ,20220907,33,18900,1524,30,16,,original sound,Democrats,False
7139915127133834539,democrats,https://www.tiktok.com/@democrats/video/7139915127133834539,"This November, it’s on us to defend, protect, and stand up for our de...","This November, it’s on us to defend, protect, and stand up for our democracy. #dnc #thedemocrats #joebiden #midterms2022 ",20220905,15,6404,620,16,11,,original sound,Democrats,False
7139722761739586862,democrats,https://www.tiktok.com/@democrats/video/7139722761739586862,Visit store.democrats.org to grab your Democratic merch today! #dnc #...,Visit store.democrats.org to grab your Democratic merch today! #dnc #thedemocrats ,20220905,13,10100,620,3,3,,original sound,Charles Gross,False
7139586977799605550,democrats,https://www.tiktok.com/@democrats/video/7139586977799605550,Drop your best dad joke in the comments. 😎 #dougemhoff #secondgentlem...,Drop your best dad joke in the comments. 😎 #dougemhoff #secondgentleman #dnc #thedemocrats ,20220904,5,49300,4314,61,65,,,,False
7138985322838281515,democrats,https://www.tiktok.com/@democrats/video/7138985322838281515,🇺🇸🇺🇸🇺🇸 #marypeltola #dnc ,🇺🇸🇺🇸🇺🇸 #marypeltola #dnc ,20220903,5,31700,2743,8,6,,,,False
7138856414117940526,democrats,https://www.tiktok.com/@democrats/video/7138856414117940526,"We made promises, and we’re fighting like hell to deliver on those pr...","We made promises, and we’re fighting like hell to deliver on those promises. #dnc #studentloanforgiveness #joebiden #jaimeharrison ",20220902,43,5503,432,6,5,,original sound,Democrats,False
7138806396950220078,democrats,https://www.tiktok.com/@democrats/video/7138806396950220078,President Biden delivers. #dnc #joebiden #inflationreductionact #chip...,President Biden delivers. #dnc #joebiden #inflationreductionact #chipsact #pactact #studentdebtrelief  ,20220902,8,20000,1519,26,25,,son original,nathaellabat,False
7138225594503843114,democrats,https://www.tiktok.com/@democrats/video/7138225594503843114,What are Republicans for? #dnc #thedemocrats #midterms2022,What are Republicans for? #dnc #thedemocrats #midterms2022,20220901,16,89600,4989,46,135,,,,False
7138149620533742891,democrats,https://www.tiktok.com/@democrats/video/7138149620533742891,Whose side are you on? #dnc #thedemocrats #joebiden #january6th ,Whose side are you on? #dnc #thedemocrats #joebiden #january6th ,20220831,45,19500,2446,48,29,,original sound,Democrats,False
7137832736072469803,democrats,https://www.tiktok.com/@democrats/video/7137832736072469803,President Biden keeps delivering for the American people.🤝 #dnc #thed...,President Biden keeps delivering for the American people.🤝 #dnc #thedemocrats #midterms2022 #joebiden ,20220831,6,126100,8828,390,479,,,,False
7137461338611387694,democrats,https://www.tiktok.com/@democrats/video/7137461338611387694,"Pennsylvania, it’s up to you. @johnfetterman #dnc #thedemocrats #john...","Pennsylvania, it’s up to you. @johnfetterman #dnc #thedemocrats #johnfetterman #ussenate ",20220830,7,131300,7819,65,30,,sonido original,Xenia,False
7137309422442990894,democrats,https://www.tiktok.com/@democrats/video/7137309422442990894,It’s a BFD. #dnc #thedemocrats #joebiden #studentdebtrelief #studentl...,It’s a BFD. #dnc #thedemocrats #joebiden #studentdebtrelief #studentloans ,20220829,22,10200,793,11,14,,It's Corn,"Tariq, The Gregory Brothers, Recess Therapy",False
7136964962571914538,democrats,https://www.tiktok.com/@democrats/video/7136964962571914538,Democrats deliver. #democrats ,Democrats deliver. #democrats ,20220828,9,31600,2570,48,43,,Austin Millz Move Your Feet,Austin Millz,False
7136724509175958827,democrats,https://www.tiktok.com/@democrats/video/7136724509175958827,Go to IWillVote.com and make sure you’re registered to vote this Nove...,Go to IWillVote.com and make sure you’re registered to vote this November. 🗳✍️ ##dnc##roevwade##gaymarriage ,20220828,27,8966,914,21,21,,original sound,Democrats,False
7136296150734277931,democrats,https://www.tiktok.com/@democrats/video/7136296150734277931,We’re showing up and voting blue in 2022. #dnc #thedemocrats #joebide...,We’re showing up and voting blue in 2022. #dnc #thedemocrats #joebiden #midterms2022 ##womensrights##roevwade,20220826,17,206000,23900,552,866,,original sound,Democrats,False
7136190066682055979,democrats,https://www.tiktok.com/@democrats/video/7136190066682055979,President Biden is providing relief to working and middle-class Ameri...,President Biden is providing relief to working and middle-class Americans. #dnc #thedemocrats #joebiden #studentloans,20220826,18,11700,1028,18,18,,original sound,Democrats,False
7136012347168116011,democrats,https://www.tiktok.com/@democrats/video/7136012347168116011,"This November, we have the opportunity to flip GOP-held seats and ele...","This November, we have the opportunity to flip GOP-held seats and elect more Democratic senators. ##dnc##thedemocrats##midterms2022##ussenate",20220826,10,30200,1247,36,9,,original sound,dexter,False
7135823475239030062,democrats,https://www.tiktok.com/@democrats/video/7135823475239030062,This will be a major help for millions of working and middle-class Am...,This will be a major help for millions of working and middle-class Americans. ##dnc##thedemocrats##studentloans##joebiden,20220825,8,44600,1661,46,20,,original sound,Ian Asher,False
7135621472172789034,democrats,https://www.tiktok.com/@democrats/video/7135621472172789034,Let’s re-elect these Democratic women this November. #dnc #thedemocra...,Let’s re-elect these Democratic women this November. #dnc #thedemocrats #midterms2022 #ussenate ,20220825,13,18700,2406,17,14,,That Gworl,TheBossWives 🎀,False
7135565606572657963,democrats,https://www.tiktok.com/@democrats/video/7135565606572657963,President Biden is providing student loan debt relief to working and ...,President Biden is providing student loan debt relief to working and middle-class families. #dnc #thedemocrats #joebiden #studentloans ,20220824,50,13500,1889,36,31,,original sound,Democrats,False
7134716271626587434,democrats,https://www.tiktok.com/@democrats/video/7134716271626587434,"Happy anniversary, Vice President Kamala Harris and Second Gentleman ...","Happy anniversary, Vice President Kamala Harris and Second Gentleman Doug Emhoff! ##dnc##thedemocrats##kamalaharris##dougemhoff",20220822,9,12500,736,9,5,,origineel geluid,..,False
7134518547799166254,democrats,https://www.tiktok.com/@democrats/video/7134518547799166254,"Thanks, President Biden. 😎 #dnc #thedemocrats #democratsoftiktok #joe...","Thanks, President Biden. 😎 #dnc #thedemocrats #democratsoftiktok #joebiden ",20220822,10,433200,36900,550,1352,,I just came to say AY YO by Boxout,Boxout,False
7134451912375602475,democrats,https://www.tiktok.com/@democrats/video/7134451912375602475,Every House Republican voted against a bill that would fight gas pric...,Every House Republican voted against a bill that would fight gas price gouging. #dnc   ,20220821,25,200700,13000,133,774,,original sound,Democrats,False
7133369386936716587,democrats,https://www.tiktok.com/@democrats/video/7133369386936716587,He did that. #joebiden #thedemocrats #dnc ,He did that. #joebiden #thedemocrats #dnc ,20220818,18,36800,7071,100,630,,original sound,AjWavy,False
7133263672285203755,democrats,https://www.tiktok.com/@democrats/video/7133263672285203755,"Now, large corporations will pay their fair share. #dnc #thedemocrats...","Now, large corporations will pay their fair share. #dnc #thedemocrats #inflationreductionact ",20220818,10,53200,8001,58,75,,Lights,ємιя,False
7133048978505076011,democrats,https://www.tiktok.com/@democrats/video/7133048978505076011,We’re all-in to win governors’ races across our country this November...,We’re all-in to win governors’ races across our country this November. @demgovs #dnc #thedemocrats #2022midterms ,20220818,10,28400,3504,61,24,,original sound,adoredbydalsie🐺 ᖭི༏ᖫྀ,False
7132849649882385707,democrats,https://www.tiktok.com/@democrats/video/7132849649882385707,Another win for the American people. #dnc #thedemocrats #inflationred...,Another win for the American people. #dnc #thedemocrats #inflationreductionact ,20220817,6,19600,1479,23,3,,original sound,Democrats,False
7132669148538211627,democrats,https://www.tiktok.com/@democrats/video/7132669148538211627,Republicans are doubling down on their ultra-MAGA agenda. #dnc #thede...,Republicans are doubling down on their ultra-MAGA agenda. #dnc #thedemocrats ,20220817,15,22800,3722,12,33,,Devil Eyes,There I Ruined It,False
7132616601484021035,democrats,https://www.tiktok.com/@democrats/video/7132616601484021035,"Because of Democrats, the American people won and special interests l...","Because of Democrats, the American people won and special interests lost. #dnc #thedemocrats #inflationreductionact",20220816,42,23700,5183,83,130,,original sound,Democrats,False
7132505762009550126,democrats,https://www.tiktok.com/@democrats/video/7132505762009550126,These Republicans sided with Big Pharma and voted against capping the...,These Republicans sided with Big Pharma and voted against capping the cost of insulin. #dnc #thedemocrats #democratsoftiktok,20220816,10,31400,3531,27,51,,We do not care,Jq,False
7132315310400507182,democrats,https://www.tiktok.com/@democrats/video/7132315310400507182,🗣The Inflation Reduction Act does not raise taxes on anyone making un...,"🗣The Inflation Reduction Act does not raise taxes on anyone making under $400,000 a year. 🗣 #dnc #inflationreductionact #thedemocrats",20220816,15,34800,2640,13,17,,original sound,Variations Everything,False
7132220197083139370,democrats,https://www.tiktok.com/@democrats/video/7132220197083139370,Commander and our Commander in Chief.🫡 #dnc #thedemocrats #joebiden,Commander and our Commander in Chief.🫡 #dnc #thedemocrats #joebiden,20220815,6,48400,6856,27,102,,good time boy,🎥,False
7131021760727731502,democrats,https://www.tiktok.com/@democrats/video/7131021760727731502,187 Republicans are going to have to explain to voters why they oppos...,187 Republicans are going to have to explain to voters why they opposed the CHIPS Act. #dnc #chipsact #thedemocrats,20220812,12,95800,2071,58,18,,Head vs. Heart,kyo,False
7130800574190161198,democrats,https://www.tiktok.com/@democrats/video/7130800574190161198,"This November, we’re picking up more seats in the Senate. #dnc #thede...","This November, we’re picking up more seats in the Senate. #dnc #thedemocrats #midterms2022",20220812,22,48900,6666,52,41,,long way 2 go remix,𝐓𝐇𝐄𝐄𝐒𝐏𝐄𝐂𝐔𝐋𝐎𝐎𝐒.,False
7130625229843451182,democrats,https://www.tiktok.com/@democrats/video/7130625229843451182,Our MVP. 👑 #dnc #thedemocrats #kamalaharris,Our MVP. 👑 #dnc #thedemocrats #kamalaharris,20220811,11,29500,3486,62,40,,,,False
7130435416695737646,democrats,https://www.tiktok.com/@democrats/video/7130435416695737646,Two years of Democrat Ws thanks to President Biden. #dnc #thedemocrat...,Two years of Democrat Ws thanks to President Biden. #dnc #thedemocrats #democratsoftiktok,20220811,60,187700,17200,212,978,,FEEL THE GROOVE,"Queens Road, Fabian Graetz",False
7130405513526840619,democrats,https://www.tiktok.com/@democrats/video/7130405513526840619,FACT: Not a single Republican voted for the IRA. #dnc #thedemocrats #...,FACT: Not a single Republican voted for the IRA. #dnc #thedemocrats #democratsoftiktok,20220811,5,13400,1113,4,5,,original sound,A Bored Human,False
7129994671341735211,democrats,https://www.tiktok.com/@democrats/video/7129994671341735211,A bill the American people can be proud of. #dnc #thedemocrats #democ...,A bill the American people can be proud of. #dnc #thedemocrats #democratsoftiktok,20220809,10,11200,1249,15,10,,original sound,Democrats,False
7129322160916663594,democrats,https://www.tiktok.com/@democrats/video/7129322160916663594,These MAGA Republicans voted against capping insulin at $35 a month. ...,These MAGA Republicans voted against capping insulin at $35 a month. Shameful. #dnc #thedemocrats,20220808,30,31400,4438,103,290,,original sound - The Democrats,Democrats,False
7129274898551196971,democrats,https://www.tiktok.com/@democrats/video/7129274898551196971,"While Republicans want to pass a national abortion ban, Democrats are...","While Republicans want to pass a national abortion ban, Democrats are working to protect reproductive rights. #dnc #elizabethwarren",20220807,43,12200,1551,24,38,,original sound,Democrats,False
7129228663379201323,democrats,https://www.tiktok.com/@democrats/video/7129228663379201323,"With Vice President Kamala Harris' tie-breaking vote, the Inflation R...","With Vice President Kamala Harris' tie-breaking vote, the Inflation Reduction Act has passed the Senate. #dnc #thedemocrats",20220807,23,75500,9103,63,88,,original sound,Democrats,False
7128536439855369515,democrats,https://www.tiktok.com/@democrats/video/7128536439855369515,Gas prices have declined every single day since mid-June. #dnc #thede...,Gas prices have declined every single day since mid-June. #dnc #thedemocrats,20220805,6,1700000,45200,922,760,,original sound,Democrats,False
7128463917344509227,democrats,https://www.tiktok.com/@democrats/video/7128463917344509227,"The IRA will address inflation, lower health care costs, and tackle o...","The IRA will address inflation, lower health care costs, and tackle our climate crisis. #dnc",20220805,40,11600,583,7,10,,original sound,Democrats,False
7128021542784519467,democrats,https://www.tiktok.com/@democrats/video/7128021542784519467,Happy Birthday President Obama! 🎂💙 #dnc #thedemocrats #barackobama,Happy Birthday President Obama! 🎂💙 #dnc #thedemocrats #barackobama,20220804,6,123400,16900,550,519,,Mrs.Sunny.Ko,🌸༄ 𝐌𝐫𝐬.𝐒𝐮𝐧𝐧𝐲 ༄🌸,False
7127840279779937582,democrats,https://www.tiktok.com/@democrats/video/7127840279779937582,K👑B👑J👑 #dnc #thedemocrats #kbj,K👑B👑J👑 #dnc #thedemocrats #kbj,20220804,12,44300,3709,34,22,,original sound,,False
7127802133696662830,democrats,https://www.tiktok.com/@democrats/video/7127802133696662830,That’s right. The majority of Kansans rejected Republicans’ assault o...,That’s right. The majority of Kansans rejected Republicans’ assault on the right for women to make their own health care decisions. #dnc,20220803,7,48900,6935,43,28,,gford._ gets no maidens,$avøry-$adisticpai,False
7127725784378248490,democrats,https://www.tiktok.com/@democrats/video/7127725784378248490,"Tell us why you, too, are voting blue in 2022. #dnc #thedemocrats #ti...","Tell us why you, too, are voting blue in 2022. #dnc #thedemocrats #tinasmith",20220803,11,99200,2175,52,18,,original sound,Democrats,False
7127439564209409326,democrats,https://www.tiktok.com/@democrats/video/7127439564209409326,We have the power to mobilize and create change. #dnc #thedemocrats #...,We have the power to mobilize and create change. #dnc #thedemocrats #chrismurphy,20220803,27,10600,641,10,7,,original sound,Democrats,False
7126968434239229226,democrats,https://www.tiktok.com/@democrats/video/7126968434239229226,Thankful for the work of our volunteers who are empowering communitie...,Thankful for the work of our volunteers who are empowering communities and people across our country. #dnc,20220801,88,20900,1394,12,8,,original sound,Democrats,False
7124472556542790955,democrats,https://www.tiktok.com/@democrats/video/7124472556542790955,"Legend has it, this may be the Watergate filing cabinet. 🤯 #dnc","Legend has it, this may be the Watergate filing cabinet. 🤯 #dnc",20220726,5,292600,38700,53,220,,,,False
7124415818389245230,democrats,https://www.tiktok.com/@democrats/video/7124415818389245230,Did Josh Hawley really say that?,Did Josh Hawley really say that?,20220725,15,51300,3788,56,177,,original sound,Democrats,False
7124097962547989802,democrats,https://www.tiktok.com/@democrats/video/7124097962547989802,Democrats are taking action as Republicans try to enact and enforce a...,Democrats are taking action as Republicans try to enact and enforce abortion bans. #dnc #thedemocrats,20220725,11,441300,52500,395,308,,Benny and Chiquitita,reymifasol,False
7122252363917741355,democrats,https://www.tiktok.com/@democrats/video/7122252363917741355,Reminder: the majority of House Republicans voted against the Active ...,Reminder: the majority of House Republicans voted against the Active Shooter Alert Act. #dnc #thedemocrats,20220720,19,160600,24400,157,189,,original sound,Democrats,False
7121926917104176430,democrats,https://www.tiktok.com/@democrats/video/7121926917104176430,Marjorie Taylor Greene is one of the 192 House Republicans. #dnc #the...,Marjorie Taylor Greene is one of the 192 House Republicans. #dnc #thedemocrats,20220719,7,204200,17700,65,110,,original sound,szasgrandchildren,False
7121859153965993262,democrats,https://www.tiktok.com/@democrats/video/7121859153965993262,You know what to do. Vote blue in 2022.💙 #dnc #thedemocrats,You know what to do. Vote blue in 2022.💙 #dnc #thedemocrats,20220718,14,46200,4485,66,39,,,,False
7121455340310301998,democrats,https://www.tiktok.com/@democrats/video/7121455340310301998,Here’s the scoop: it’s National Ice Cream Day!🍦#dnc #thedemocrats,Here’s the scoop: it’s National Ice Cream Day!🍦#dnc #thedemocrats,20220717,7,33800,3253,34,44,,оригинальный звук,sdhqo，но лайф,False
7120392244682755374,democrats,https://www.tiktok.com/@democrats/video/7120392244682755374,Why do Republicans continue to vote against helping the American peop...,Why do Republicans continue to vote against helping the American people? #dnc,20220715,32,53300,5771,102,442,,original sound,Democrats,False
7120007103732911402,democrats,https://www.tiktok.com/@democrats/video/7120007103732911402,Republicans have proposed putting Social Security and Medicare on the...,Republicans have proposed putting Social Security and Medicare on the chopping block every five years. #dnc,20220713,140,18700,2181,30,100,,original sound,Democrats,False
7119658251431742766,democrats,https://www.tiktok.com/@democrats/video/7119658251431742766,Go to defendchoice.org to protect reproductive rights. #dnc #thedemoc...,Go to defendchoice.org to protect reproductive rights. #dnc #thedemocrats,20220713,17,7965,364,15,8,,original sound,Democrats,False
7119557504719359278,democrats,https://www.tiktok.com/@democrats/video/7119557504719359278,Let’s keep Nevada blue by re-electing Senator Cortez Masto to continu...,Let’s keep Nevada blue by re-electing Senator Cortez Masto to continue serving with Senator Rosen. #dnc #thedemocrats,20220712,6,20400,2440,21,19,,COVER GURL,Shelby,False
7119186100035357994,democrats,https://www.tiktok.com/@democrats/video/7119186100035357994,President Biden has taken historic action to reduce gun violence. #dnc,President Biden has taken historic action to reduce gun violence. #dnc,20220711,47,20100,1595,21,6,,original sound,Democrats,False
7118919708774223150,democrats,https://www.tiktok.com/@democrats/video/7118919708774223150,"KBJ is the first, but certainly not the last. #dnc #thedemocrats #ket...","KBJ is the first, but certainly not the last. #dnc #thedemocrats #ketanjibrownjackson",20220711,8,179900,27300,138,106,,original sound,Sonya Singh,False
7118074577749675306,democrats,https://www.tiktok.com/@democrats/video/7118074577749675306,"Congratulations, Megan Rapinoe! #dnc #thedemocrats #meganrapinoe","Congratulations, Megan Rapinoe! #dnc #thedemocrats #meganrapinoe",20220708,13,123600,2818,415,53,,original sound,Democrats,False
7118012230007786794,democrats,https://www.tiktok.com/@democrats/video/7118012230007786794,"Congratulations, @Simone Biles! #dnc #thedemocrats #simonebiles","Congratulations, @Simone Biles! #dnc #thedemocrats #simonebiles",20220708,13,17300,1672,12,9,,original sound,Democrats,False
7117674529274744110,democrats,https://www.tiktok.com/@democrats/video/7117674529274744110,Teachers and educators help uplift the future leaders of our nation. ...,Teachers and educators help uplift the future leaders of our nation. #dnc #thedemocrats #kamalaharris,20220707,39,38900,3253,44,15,,original sound,Democrats,False
7117453953477954859,democrats,https://www.tiktok.com/@democrats/video/7117453953477954859,Georgia voters showed our country what was possible when they elected...,Georgia voters showed our country what was possible when they elected Senators @Jon Ossoff and Raphael Warnock. #dnc,20220707,10,78100,14000,77,32,,,,False
7117273747308023083,democrats,https://www.tiktok.com/@democrats/video/7117273747308023083,Vice President Harris offers valuable advice to young leaders. #dnc #...,Vice President Harris offers valuable advice to young leaders. #dnc #kamalaharris,20220706,22,120100,1648,262,108,,original sound,Democrats,False
7117006325284113710,democrats,https://www.tiktok.com/@democrats/video/7117006325284113710,We’re voting blue in 2022. #dnc #thedemocrats #democratsoftiktok,We’re voting blue in 2022. #dnc #thedemocrats #democratsoftiktok,20220705,7,133500,7922,154,27,,Oui Austin Millz Remix,Austin Millz,False
7115567921975528750,democrats,https://www.tiktok.com/@democrats/video/7115567921975528750,Every House Republican voted against a bill that would fight gas pric...,Every House Republican voted against a bill that would fight gas price gouging. #dnc #thedemocrats #democratsoftiktok,20220702,6,32500,3253,36,34,,original sound,poop,False
7115273344462753066,democrats,https://www.tiktok.com/@democrats/video/7115273344462753066,We will defend choice. #defendchoice #dnc #thedemocrats,We will defend choice. #defendchoice #dnc #thedemocrats,20220701,27,10300,930,40,21,,original sound,Brenna Gray,False
7115125089263160618,democrats,https://www.tiktok.com/@democrats/video/7115125089263160618,Ketanji Brown Jackson is officially a Supreme Court Justice. #dnc #th...,Ketanji Brown Jackson is officially a Supreme Court Justice. #dnc #thedemocrats #ketanjibrownjackson,20220630,10,289000,65200,199,592,,today was a good day,✗,False
7114467362769816874,democrats,https://www.tiktok.com/@democrats/video/7114467362769816874,We stand in solidarity with the AAPI community. #dnc #thedemocrats #u...,We stand in solidarity with the AAPI community. #dnc #thedemocrats #unitymarch,20220629,9,8893,555,8,4,,Blue Spirits,DWLLRS,False
7114056770590346542,democrats,https://www.tiktok.com/@democrats/video/7114056770590346542,The Supreme Court’s decision to overturn Roe v. Wade is an attack on ...,The Supreme Court’s decision to overturn Roe v. Wade is an attack on our rights and freedom. #dnc #defendchoice,20220627,48,12100,1488,41,6,,original sound,Democrats,False
7113613166315048235,democrats,https://www.tiktok.com/@democrats/video/7113613166315048235,Today we celebrate the right of every American to love openly. #dnc #...,Today we celebrate the right of every American to love openly. #dnc #thedemocrats #democrats,20220626,12,221100,46600,216,481,,In My Room,speedllist,False
7113194067605114158,democrats,https://www.tiktok.com/@democrats/video/7113194067605114158,Reproductive rights are on the ballot this November. #dnc #thedemocra...,Reproductive rights are on the ballot this November. #dnc #thedemocrats #defendchoice #kamalaharris,20220625,19,150000,9095,281,154,,original sound,Democrats,False
7112968794615729450,democrats,https://www.tiktok.com/@democrats/video/7112968794615729450,Reminder: A majority of Americans support Roe v. Wade. #dnc #thedemoc...,Reminder: A majority of Americans support Roe v. Wade. #dnc #thedemocrats #elizabethwarren #defendchoice,20220625,30,77400,6645,151,63,,original sound,Democrats,False
7112925491484511530,democrats,https://www.tiktok.com/@democrats/video/7112925491484511530,We must elect Democrats this November. @Beto O’Rourke #dnc #thedemocr...,We must elect Democrats this November. @Beto O’Rourke #dnc #thedemocrats #defendchoice,20220624,29,28600,4283,75,34,,original sound,Democrats,False
7112879974549327146,democrats,https://www.tiktok.com/@democrats/video/7112879974549327146,@TimRyanOH highlighting that the basic right to privacy is on the bal...,@TimRyanOH highlighting that the basic right to privacy is on the ballot this November. #dnc #thedemocrats  #defendchoice,20220624,29,375800,51900,276,817,,original sound,Democrats,False
7112849710938983722,democrats,https://www.tiktok.com/@democrats/video/7112849710938983722,BREAKING: The Supreme Court has overturned Roe v. Wade. #dnc #thedemo...,BREAKING: The Supreme Court has overturned Roe v. Wade. #dnc #thedemocrats #defendchoice,20220624,89,172600,23000,162,895,,original sound,Democrats,False
7112219597079711022,democrats,https://www.tiktok.com/@democrats/video/7112219597079711022,We’re walking the other way from the Republican’s ultra-MAGA agenda. ...,We’re walking the other way from the Republican’s ultra-MAGA agenda. #dnc,20220623,9,138200,8774,93,95,,original sound,Laura Clery,False
7111871351476030763,democrats,https://www.tiktok.com/@democrats/video/7111871351476030763,Reminder: A majority of Americans support Roe v. Wade. #dnc #thedemoc...,Reminder: A majority of Americans support Roe v. Wade. #dnc #thedemocrats #democrats #reproductiverights,20220622,8,136000,21600,127,114,,Lloren,rangel,False
7111485392125168938,democrats,https://www.tiktok.com/@democrats/video/7111485392125168938,"Tell us why you, too, support access to abortion care. @repkatieporte...","Tell us why you, too, support access to abortion care. @repkatieporter #dnc",20220621,17,272000,31000,662,193,,original sound,Democrats,False
7111374073074240814,democrats,https://www.tiktok.com/@democrats/video/7111374073074240814,We’re the pro-union party. #dnc #thedemocrats #democrats #democratsof...,We’re the pro-union party. #dnc #thedemocrats #democrats #democratsoftiktok,20220620,11,24700,2575,41,19,,,,False
7110228081092070698,democrats,https://www.tiktok.com/@democrats/video/7110228081092070698,"Happy anniversary, President Biden and Dr. Biden! #dnc","Happy anniversary, President Biden and Dr. Biden! #dnc",20220617,11,63700,9097,91,41,,original sound - ay cabron,ay cabron (esqi),False
7109113571618852139,democrats,https://www.tiktok.com/@democrats/video/7109113571618852139,Love is love. Happy Pride! #kamalaharris #dnc #thedemocrats #pride2022,Love is love. Happy Pride! #kamalaharris #dnc #thedemocrats #pride2022,20220614,40,124800,11000,490,468,,original sound,Democrats,False
7108508949229522222,democrats,https://www.tiktok.com/@democrats/video/7108508949229522222,Democrats are building an economy for all. #dnc,Democrats are building an economy for all. #dnc,20220613,27,37900,4898,75,40,,original sound,Democrats,False
7108395315002101035,democrats,https://www.tiktok.com/@democrats/video/7108395315002101035,Enough is enough. #dnc #thedemocrats #kamalaharris #democratsoftiktok,Enough is enough. #dnc #thedemocrats #kamalaharris #democratsoftiktok,20220612,33,113300,1201,233,43,,original sound,Democrats,False
7108074054157897003,democrats,https://www.tiktok.com/@democrats/video/7108074054157897003,The ultra-MAGA agenda is not it.😳🚩 #dnc #thedemocrats #democratsoftiktok,The ultra-MAGA agenda is not it.😳🚩 #dnc #thedemocrats #democratsoftiktok,20220611,9,150600,5503,131,98,,original sound,Erich,False
7107698976413125934,democrats,https://www.tiktok.com/@democrats/video/7107698976413125934,We must preserve our democracy. #dnc #thedemocrats #democratsoftiktok,We must preserve our democracy. #dnc #thedemocrats #democratsoftiktok,20220610,41,113400,9955,338,354,,original sound,Democrats,False
7107383695572749614,democrats,https://www.tiktok.com/@democrats/video/7107383695572749614,Democrats like @repkatieporter are running to make a better America. ...,Democrats like @repkatieporter are running to make a better America. #dnc #thedemocrats,20220609,31,227300,35500,982,291,,original sound,Democrats,False
7107271944642333995,democrats,https://www.tiktok.com/@democrats/video/7107271944642333995,@repkatieporter putting things into perspective. #dnc #thedemocrats #...,@repkatieporter putting things into perspective. #dnc #thedemocrats #democrats #democratsoftiktok,20220609,29,174100,22900,287,1185,,original sound,Democrats,False
7107032324994321707,democrats,https://www.tiktok.com/@democrats/video/7107032324994321707,We stand with trans youth across the country.🏳️‍⚧️ #dnc #thedemocrats...,We stand with trans youth across the country.🏳️‍⚧️ #dnc #thedemocrats #pridemonth2022,20220609,10,137700,2324,145,202,,original sound,Democrats,False
7106988168854900010,democrats,https://www.tiktok.com/@democrats/video/7106988168854900010,Pride is power. 🏳️‍🌈 #dnc #thedemocrats #pridemonth2022,Pride is power. 🏳️‍🌈 #dnc #thedemocrats #pridemonth2022,20220608,15,30800,3420,132,27,,original sound,Morgan,False
7106919234571078955,democrats,https://www.tiktok.com/@democrats/video/7106919234571078955,It’s time to start making the right choices. #dnc #thedemocrats,It’s time to start making the right choices. #dnc #thedemocrats,20220608,38,10600,795,22,9,,original sound,Democrats,False
7106629672607272234,democrats,https://www.tiktok.com/@democrats/video/7106629672607272234,💚,💚,20220607,66,128800,7526,101,230,,original sound,Democrats,False
7106332031075781931,democrats,https://www.tiktok.com/@democrats/video/7106332031075781931,Republicans have no plan to fight inflation — but they do have a plan...,Republicans have no plan to fight inflation — but they do have a plan that could raise taxes on half of Americans.  #dnc #thedemocrats,20220607,6,126900,2640,142,34,,original sound,Paddingtonfan1,False
7105910450113678638,democrats,https://www.tiktok.com/@democrats/video/7105910450113678638,So much for Republicans being a party for the American people.🤷🏻‍♀️ #dnc,So much for Republicans being a party for the American people.🤷🏻‍♀️ #dnc,20220606,13,117800,5494,150,251,,the original sound guy is rly funny and handsome,colinlowkey8,False
7105457126188879146,democrats,https://www.tiktok.com/@democrats/video/7105457126188879146,The difference. #dnc #thedemocrats #democratsoftiktok #democrats,The difference. #dnc #thedemocrats #democratsoftiktok #democrats,20220604,14,17400,2214,52,47,,"september on crack ft. a recorder (Earth, Wind & Fire - September)",frickin weeb,False
7105041936012119338,democrats,https://www.tiktok.com/@democrats/video/7105041936012119338,It’s time to act. #dnc #democrats #thedemocrats #democratsoftiktok,It’s time to act. #dnc #democrats #thedemocrats #democratsoftiktok,20220603,49,101600,6833,103,156,,original sound,Democrats,False
7105015424625954090,democrats,https://www.tiktok.com/@democrats/video/7105015424625954090,We cannot fail the American people. Now is the time for action. #dnc ...,We cannot fail the American people. Now is the time for action. #dnc #guncontrol,20220603,23,13300,1481,30,20,,original sound,Democrats,False
7104768375007694126,democrats,https://www.tiktok.com/@democrats/video/7104768375007694126,We must protect abortion access. #dnc #thedemocrats #democrats,We must protect abortion access. #dnc #thedemocrats #democrats,20220602,24,19200,1138,66,14,,original sound,Democrats,False
7104324402271276334,democrats,https://www.tiktok.com/@democrats/video/7104324402271276334,Happy Pride Month!🌈 #thedemocrats #dnc #democrats #pridemonth,Happy Pride Month!🌈 #thedemocrats #dnc #democrats #pridemonth,20220601,7,50900,4777,175,51,,Oui Austin Millz Remix,Austin Millz,False
7104026529197280555,democrats,https://www.tiktok.com/@democrats/video/7104026529197280555,@BTS visits the White House to discuss the importance of inclusion an...,@BTS visits the White House to discuss the importance of inclusion and representation.,20220531,24,14000,927,19,28,,original sound,Democrats,False
7103998293771898155,democrats,https://www.tiktok.com/@democrats/video/7103998293771898155,"@Michelle Wu is the first, but certainly not the last. #dnc #aapiheri...","@Michelle Wu is the first, but certainly not the last. #dnc #aapiheritagemonth",20220531,12,35500,4771,62,17,,Originalton,Lasse,False
7102082489467899178,democrats,https://www.tiktok.com/@democrats/video/7102082489467899178,Enough is enough. #dnc #thedemocrats #democrats #kamalaharris,Enough is enough. #dnc #thedemocrats #democrats #kamalaharris,20220526,29,128100,4079,235,112,,original sound,Democrats,False
7102044563656805674,democrats,https://www.tiktok.com/@democrats/video/7102044563656805674,Now is the time for action. @Beto O’Rourke #democrats #dnc #thedemocr...,Now is the time for action. @Beto O’Rourke #democrats #dnc #thedemocrats #betoorourke,20220526,61,41400,8189,127,148,,original sound,Democrats,False
7101760225350307118,democrats,https://www.tiktok.com/@democrats/video/7101760225350307118,It’s time for action. #dnc #thedemocrats #democrats #democratsoftiktok,It’s time for action. #dnc #thedemocrats #democrats #democratsoftiktok,20220525,42,195200,17000,233,632,,original sound,Democrats,False
7101509005104794926,democrats,https://www.tiktok.com/@democrats/video/7101509005104794926,"President Biden shares the pain, frustration, and grief families acro...","President Biden shares the pain, frustration, and grief families across our nation are feeling right now. #dnc #thedemocrats",20220525,92,10700,1052,46,18,,original sound,Democrats,False
7101477721200577838,democrats,https://www.tiktok.com/@democrats/video/7101477721200577838,Heartwrenching speech from Senator Chris Murphy: “What are we doing?”...,Heartwrenching speech from Senator Chris Murphy: “What are we doing?” #dnc #thedemocrats #chrismurphy,20220525,89,101600,13800,89,671,,original sound,Democrats,False
7101070726177770794,democrats,https://www.tiktok.com/@democrats/video/7101070726177770794,"Across the country, Republican governors and legislators are champion...","Across the country, Republican governors and legislators are championing legislation to criminalize abortion. They’re too extreme to govern. #dnc #thedemocrats #democrats",20220523,10,30500,2829,107,31,,where is my mind,jewel o_O,False
7100303501577784619,democrats,https://www.tiktok.com/@democrats/video/7100303501577784619,"The brothers, Senator Warnock and Senator  @Jon Ossoff. #dnc #thedemo...","The brothers, Senator Warnock and Senator  @Jon Ossoff. #dnc #thedemocrats #jonossoff #raphaelwarnock",20220521,14,94200,11300,102,52,,new person same old mistakes,EX7STENCE™,False
7099822301985656110,democrats,https://www.tiktok.com/@democrats/video/7099822301985656110,192 House Republicans voted against a bill that would provide critica...,192 House Republicans voted against a bill that would provide critical funding to help boost supply of baby formula. #dnc,20220520,6,48100,5091,102,158,,original sound,Teaghan,False
7099568815461158186,democrats,https://www.tiktok.com/@democrats/video/7099568815461158186,Republicans have proposed a plan to raise taxes on half of Americans....,Republicans have proposed a plan to raise taxes on half of Americans. #dnc #democrats #thedemocrats #democratsoftiktok,20220519,5,132500,3646,81,21,,original sound,COMPLEX,False
7099251755921247530,democrats,https://www.tiktok.com/@democrats/video/7099251755921247530,We’re fighting to protect reproductive rights. #dnc #thedemocrats #ba...,We’re fighting to protect reproductive rights. #dnc #thedemocrats #bansoffourbodies,20220519,15,22600,2253,246,40,,original sound,Unknown,False
7099102424983588142,democrats,https://www.tiktok.com/@democrats/video/7099102424983588142,We stand in solidarity with generations of Americans fighting for rep...,We stand in solidarity with generations of Americans fighting for reproductive rights. #dnc #thedemocrats #bansoffourbodies,20220518,10,10600,1293,56,9,,sonido original,Usuyo,False
7098868884920454443,democrats,https://www.tiktok.com/@democrats/video/7098868884920454443,"Our bodies, our choice. #dnc #thedemocrats #democrats #bansoffourbodies","Our bodies, our choice. #dnc #thedemocrats #democrats #bansoffourbodies",20220518,20,16300,2546,39,37,,,,False
7098804682272951598,democrats,https://www.tiktok.com/@democrats/video/7098804682272951598,We cannot remain silent. #thedemocrats #dnc #democrats #joebiden,We cannot remain silent. #thedemocrats #dnc #democrats #joebiden,20220517,30,40900,4954,194,106,,original sound,Democrats,False
7098759736627301678,democrats,https://www.tiktok.com/@democrats/video/7098759736627301678,Listen to Representative Lee🔥#thedemocrats #dnc #democrats #barbarale...,Listen to Representative Lee🔥#thedemocrats #dnc #democrats #barbaralee #democratsoftiktok,20220517,23,109700,4932,314,97,,original sound,Democrats,False
7096854900201803054,democrats,https://www.tiktok.com/@democrats/video/7096854900201803054,The majority of the American people support a woman’s right to decide...,The majority of the American people support a woman’s right to decide what happens to her own body. #dnc #thedemocrats #kamalaharris #democrats,20220512,43,36600,5735,79,74,,original sound,Democrats,False
7094793896802438446,democrats,https://www.tiktok.com/@democrats/video/7094793896802438446,We 👏 must 👏 protect 👏 reproductive 👏 freedom 👏 @Kirsten Gillibrand #d...,We 👏 must 👏 protect 👏 reproductive 👏 freedom 👏 @Kirsten Gillibrand #dnc #thedemocrats #democrats,20220507,40,27400,3842,58,65,,original sound,Democrats,False
7094614918355356970,democrats,https://www.tiktok.com/@democrats/video/7094614918355356970,Protect Roe. #dnc #hillaryclinton,Protect Roe. #dnc #hillaryclinton,20220506,35,1000000,142700,1633,8771,,original sound,Democrats,False
7094676750793264430,democrats,https://www.tiktok.com/@democrats/video/7094676750793264430,Fighting for the freedom to choose. #dnc #thedemocrats #democrats,Fighting for the freedom to choose. #dnc #thedemocrats #democrats,20220506,13,43300,9098,139,156,,she knows,favsoundds,False
7094703639373106478,democrats,https://www.tiktok.com/@democrats/video/7094703639373106478,"Congratulations to Karine Jean-Pierre, the next White House press sec...","Congratulations to Karine Jean-Pierre, the next White House press secretary! #dnc #democrats #thedemocrats #democratsoftiktok",20220506,30,16000,2317,32,40,,original sound,Democrats,False
7094743724340596011,democrats,https://www.tiktok.com/@democrats/video/7094743724340596011,What are Republicans for? #dnc #democrats #thedemocrats #petebuttigie...,What are Republicans for? #dnc #democrats #thedemocrats #petebuttigieg #democratsoftiktok,20220506,39,49000,6782,80,181,,original sound,Democrats,False
7094037572070198574,democrats,https://www.tiktok.com/@democrats/video/7094037572070198574,"Yesterday at the Supreme Court, protestors gathered to take a stand i...","Yesterday at the Supreme Court, protestors gathered to take a stand in defense of abortion access. #democrats #dnc #thedemocrats #democratsoftiktok",20220505,16,160400,39700,203,797,,Ruth Bader Ginsburg,Kiam,False
7093880367655963946,democrats,https://www.tiktok.com/@democrats/video/7093880367655963946,Vice President Kamala Harris spoke to pro-choice supporters last nigh...,Vice President Kamala Harris spoke to pro-choice supporters last night. #dnc #democrats #thedemocrats #democratsoftiktok #kamalaharris,20220504,33,60000,13700,108,284,,je te laisserai des mots,favsoundds,False
7093933244730707242,democrats,https://www.tiktok.com/@democrats/video/7093933244730707242,Overturning Roe v. Wade would disproportionately impact the most vuln...,Overturning Roe v. Wade would disproportionately impact the most vulnerable in our society. #dnc #democrats #thedemocrats #democratsoftiktok #elizabethwarren,20220504,56,213500,41200,381,939,,original sound,Democrats,False
7093996109722324270,democrats,https://www.tiktok.com/@democrats/video/7093996109722324270,Let’s talk Roe with Vice President Harris. #kamalaharris #dnc #thedem...,Let’s talk Roe with Vice President Harris. #kamalaharris #dnc #thedemocrats #democrats #democratsoftiktok,20220504,41,116700,19900,319,324,,original sound,Democrats,False
7093575812116532523,democrats,https://www.tiktok.com/@democrats/video/7093575812116532523,We will fight back. Republicans must answer for their relentless atta...,We will fight back. Republicans must answer for their relentless attacks on Americans’ rights. #democrats #dnc #thedemocrats #democratsoftiktok #chuckschumer,20220503,62,856200,183100,449,4774,,original sound,Democrats,False
7093595058842225963,democrats,https://www.tiktok.com/@democrats/video/7093595058842225963,"Due to extremist Republicans and conservative justices on the court, ...","Due to extremist Republicans and conservative justices on the court, Roe could be overturned. #dnc #democrats #thedemocrats #democratsoftiktok #elizabethwarren",20220503,41,83900,15200,191,276,,original sound,Democrats,False
7093615409592536362,democrats,https://www.tiktok.com/@democrats/video/7093615409592536362,🚨Biden speaking on Roe v. Wade🚨 #dnc #thedemocrats #democrats #joebid...,🚨Biden speaking on Roe v. Wade🚨 #dnc #thedemocrats #democrats #joebiden #democratsoftiktok,20220503,49,18800,2117,42,31,,original sound,Democrats,False
7093656469765147950,democrats,https://www.tiktok.com/@democrats/video/7093656469765147950,We will organize and elect candidates who will support a person’s rig...,We will organize and elect candidates who will support a person’s right to privacy and their own body. #dnc #democrats #thedemocrats #democratsoftiktok #barbaralee,20220503,46,12700,1239,16,21,,original sound,Democrats,False
7093266442178710830,democrats,https://www.tiktok.com/@democrats/video/7093266442178710830,Who would support that? #dnc #democrats #thedemocrats #democratsoftiktok,Who would support that? #dnc #democrats #thedemocrats #democratsoftiktok,20220502,10,30400,2288,79,44,,original sound,Mr. Miltok,False
7092134689808354602,democrats,https://www.tiktok.com/@democrats/video/7092134689808354602,Democrats unanimously voted for the standalone bill to cap insulin co...,Democrats unanimously voted for the standalone bill to cap insulin costs at $35/month. 193 Republicans voted against it. #dnc #democrats #thedemocrats #democratsoftiktok,20220429,5,46300,5084,68,52,,original sound,🌷,False
7091386320936832299,democrats,https://www.tiktok.com/@democrats/video/7091386320936832299,President Biden is fighting to cut taxes for the middle class and ens...,President Biden is fighting to cut taxes for the middle class and ensure that the super-wealthy pay their fair share. #dnc #democrats #thedemocrats #democratsoftiktok,20220427,7,32700,3576,80,511,,original sound,vanessa,False
7090704292541189419,democrats,https://www.tiktok.com/@democrats/video/7090704292541189419,We’re building a better America for all. #dnc #thedemocrats #democrat...,We’re building a better America for all. #dnc #thedemocrats #democrats #democratsoftiktok,20220426,7,118600,8928,2456,456,,Chiquita ABBA,anxoint,False
7091010877851323690,democrats,https://www.tiktok.com/@democrats/video/7091010877851323690,😎 #dnc #thedemocrats #democrats #democratsoftiktok #joebiden,😎 #dnc #thedemocrats #democrats #democratsoftiktok #joebiden,20220426,10,18000,1561,118,20,,original sound,Democrats,False
7090555261848603950,democrats,https://www.tiktok.com/@democrats/video/7090555261848603950,"Three years ago, President Biden announced his run for president with...","Three years ago, President Biden announced his run for president with the promise to restore the soul of our nation. He is delivering for the American people. #dnc #democrats #thedemocrats #joebiden",20220425,13,38800,3726,120,35,,Hilltop Road by Lake Isabel,Lake Isabel,False
7089172361961884971,democrats,https://www.tiktok.com/@democrats/video/7089172361961884971,The difference. #dnc #democrats #thedemocrats #democratsoftiktok,The difference. #dnc #democrats #thedemocrats #democratsoftiktok,20220421,7,29100,1883,46,20,,Wait,☆ 𝓶𝓮𝓵𝓪𝓷𝓲𝓮 ☆,False
7087756293347446062,democrats,https://www.tiktok.com/@democrats/video/7087756293347446062,It’s time for the wealthiest to pay their fair share. #dnc #thedemocr...,It’s time for the wealthiest to pay their fair share. #dnc #thedemocrats #democrats #democratsoftiktok #joebiden,20220418,7,39800,2181,140,24,,original sound,Hope Schwing,False
7086874913952337195,democrats,https://www.tiktok.com/@democrats/video/7086874913952337195,"Earlier this month, the House passed a standalone bill that would cap...","Earlier this month, the House passed a standalone bill that would cap the cost of insulin at $35/month. Thank you House Democrats for working to make insulin more affordable for Americans. #dnc #democrats #thedemocrats",20220415,7,5300000,686500,2148,7446,,More than a Batman BeeGees X Nirvana,ThirdAph℮xTwin,False
7085812002161118510,democrats,https://www.tiktok.com/@democrats/video/7085812002161118510,Our favorite trio. #dnc #democrats #thedemocrats #joebiden #kamalahar...,Our favorite trio. #dnc #democrats #thedemocrats #joebiden #kamalaharris #barackobama,20220412,6,98700,6341,249,63,,original sound,Ian Asher,False
7085404931007696174,democrats,https://www.tiktok.com/@democrats/video/7085404931007696174,MVP is committed to serving the American people. #kamalaharris #dnc #...,MVP is committed to serving the American people. #kamalaharris #dnc #democrats #thedemocrats #democratsoftiktok,20220411,12,72800,6172,137,34,,original sound,ZAYN,False
7085475660306599210,democrats,https://www.tiktok.com/@democrats/video/7085475660306599210,President Biden is committed to serving the American people. #dnc #de...,President Biden is committed to serving the American people. #dnc #democrats #thedemocrats #democratsoftiktok #joebiden,20220411,12,57200,5028,214,24,,original sound,ZAYN,False
7084290493777055019,democrats,https://www.tiktok.com/@democrats/video/7084290493777055019,A moment we’ll never forget. #dnc #democrats #thedemocrats #ketanjibr...,A moment we’ll never forget. #dnc #democrats #thedemocrats #ketanjibrownjackson,20220408,5,109600,12500,86,76,,original sound,Democrats,False
7084364480246943022,democrats,https://www.tiktok.com/@democrats/video/7084364480246943022,History made. #dnc #democrats #thedemocrats #ketanjibrownjackson,History made. #dnc #democrats #thedemocrats #ketanjibrownjackson,20220408,5,237900,28800,255,77,,,,False
7083948456397606186,democrats,https://www.tiktok.com/@democrats/video/7083948456397606186,Judge Ketanji Brown Jackson was confirmed with bipartisan support by ...,Judge Ketanji Brown Jackson was confirmed with bipartisan support by the U.S. Senate today. She will be the first Black woman in U.S. history to serve on the Supreme Court. #dnc #democrats #thedemocrats #ketanjibrownjackson,20220407,8,142900,34400,356,904,,original sound,M dog,False
7083278472600325422,democrats,https://www.tiktok.com/@democrats/video/7083278472600325422,"President Biden was joined by Obama at the White House, as President ...","President Biden was joined by Obama at the White House, as President Biden signed an executive order to strengthen the Affordable Care Act. #dnc #democrats #thedemocrats #joebiden #barackobama #affordablecareact",20220406,10,77900,10300,194,118,,original sound,AyLandoLIVE,False
7083491160865393963,democrats,https://www.tiktok.com/@democrats/video/7083491160865393963,Former President Barack Obama visited the White House to celebrate th...,Former President Barack Obama visited the White House to celebrate the continued success of the Affordable Care Act. #dnc #thedemocrats #democrats #barackobama,20220406,56,66800,9241,49,28,,original sound,Democrats,False
7083527708105379118,democrats,https://www.tiktok.com/@democrats/video/7083527708105379118,Showing up to improve health care coverage for millions: it’s what De...,Showing up to improve health care coverage for millions: it’s what Democrats do. #dnc #democrats #thedemocrats #joebiden #democratsoftiktok,20220406,37,16000,563,25,11,,original sound,Democrats,False
7083126497409731886,democrats,https://www.tiktok.com/@democrats/video/7083126497409731886,We love to see President Biden’s commitment to appointing judges who ...,We love to see President Biden’s commitment to appointing judges who reflect the America they represent. #dnc #thedemocrats #democrats #joebiden #democratsoftiktok,20220405,9,42800,2773,75,43,,original sound,Democrats,False
7083243454246948138,democrats,https://www.tiktok.com/@democrats/video/7083243454246948138,Historic progress. #dnc #thedemocrats #democrats #thedemocratsoftikto...,Historic progress. #dnc #thedemocrats #democrats #thedemocratsoftiktok #joebiden,20220405,14,54900,6575,221,89,,original sound,ZAYN,False
7081707040296521003,democrats,https://www.tiktok.com/@democrats/video/7081707040296521003,The fastest decline in unemployment to start a president’s term. #dnc...,The fastest decline in unemployment to start a president’s term. #dnc #democrats #thedemocrats #joebiden #democratsoftiktok,20220401,23,14600,892,65,13,,original sound,Democrats,False
7081750953765997867,democrats,https://www.tiktok.com/@democrats/video/7081750953765997867,Biden’s budget plan will ensure billionaires pay their fair share. #d...,Biden’s budget plan will ensure billionaires pay their fair share. #dnc #thedemocrats #katieporter,20220401,30,233400,27200,489,529,,original sound,Democrats,False
7081336603951549742,democrats,https://www.tiktok.com/@democrats/video/7081336603951549742,Don’t be afraid to be who you are. #transvisibilityday #dnc #thedemoc...,Don’t be afraid to be who you are. #transvisibilityday #dnc #thedemocrats,20220331,60,39800,670,6,10,,je te laisserai des mots,favsoundds,False
7080993533452373294,democrats,https://www.tiktok.com/@democrats/video/7080993533452373294,The CDC has authorized a second booster shot for those who need addit...,The CDC has authorized a second booster shot for those who need additional protection or are over the age of 50. #dnc #thedemocrats #democrats #democratsoftiktok #joebiden,20220330,12,14000,905,49,7,,Hilltop Road by Lake Isabel,Lake Isabel,False
7080663601706716462,democrats,https://www.tiktok.com/@democrats/video/7080663601706716462,"The first, but certainly not the last MVP. #dnc #thedemocrats #kamala...","The first, but certainly not the last MVP. #dnc #thedemocrats #kamalaharris #dougemhoff",20220329,11,157800,9195,78,73,,original sound,Democrats,False
7080175477201112362,democrats,https://www.tiktok.com/@democrats/video/7080175477201112362,Biden’s Bipartisan Infrastructure Law includes the largest federal in...,Biden’s Bipartisan Infrastructure Law includes the largest federal investment in public transit in history and the largest investment in passenger rail since the creation of Amtrak. #dnc #thedemocrats #democrats #democratsoftiktok #joebiden,20220328,14,19000,1377,51,8,,MTA x Aline by dnldjackson22,dnldjackson22,False
7080264501236403498,democrats,https://www.tiktok.com/@democrats/video/7080264501236403498,"Under President Biden’s budget, no one making less than $400,000 a ye...","Under President Biden’s budget, no one making less than $400,000 a year will pay more in federal taxes. #dnc #thedemocrats",20220328,33,377400,38800,875,933,,original sound,Democrats,False
7078851391615290666,democrats,https://www.tiktok.com/@democrats/video/7078851391615290666,Take a moment to watch this @Cory Booker and Ketanji Brown Jackson ex...,Take a moment to watch this @Cory Booker and Ketanji Brown Jackson exchange💙 #dnc #democrats #thedemocrats #democratsoftiktok #ketanjibrownjackson #corybooker,20220325,77,10600,1092,11,11,,original sound,Democrats,False
7078727017813855534,democrats,https://www.tiktok.com/@democrats/video/7078727017813855534,The Bipartisan Infrastructure Law is a once-in-a-generation investmen...,The Bipartisan Infrastructure Law is a once-in-a-generation investment in our nation’s infrastructure and competitiveness. #dnc #thedemocrats #democrats #democratsoftiktok #joebiden,20220324,12,37900,4913,191,36,,original sound,frankiesaudios,False
7078790543228128554,democrats,https://www.tiktok.com/@democrats/video/7078790543228128554,Persevere💜 #dnc #thedemocrats #democrats #democratsoftiktok #ketanjib...,Persevere💜 #dnc #thedemocrats #democrats #democratsoftiktok #ketanjibrownjackson,20220324,123,17700,2806,34,71,,original sound,Democrats,False
7078309289714208046,democrats,https://www.tiktok.com/@democrats/video/7078309289714208046,Today marks the 12 year anniversary since the Affordable Care Act was...,Today marks the 12 year anniversary since the Affordable Care Act was signed into law! #dnc #democrats #thedemocrats #democratsoftiktok #barackobama,20220323,6,134300,11800,124,30,,original sound,dom,False
7077708431746075950,democrats,https://www.tiktok.com/@democrats/video/7077708431746075950,How are you making history? #dnc #thedemocrats #democrats #democratso...,How are you making history? #dnc #thedemocrats #democrats #democratsoftiktok #kamalaharris,20220322,6,233300,5476,273,69,,original sound,Democrats,False
7077938514595204394,democrats,https://www.tiktok.com/@democrats/video/7077938514595204394,Judge Jackson presented her opening statement at her Supreme Court co...,Judge Jackson presented her opening statement at her Supreme Court confirmation hearing. #dnc #democrats #thedemocrats #democratsoftiktok #ketanjibrownjackson,20220322,47,14700,1226,20,18,,original sound,Democrats,False
7076557784174873902,democrats,https://www.tiktok.com/@democrats/video/7076557784174873902,The women who paved the way for VP Harris. #thedemocrats #democrats #...,The women who paved the way for VP Harris. #thedemocrats #democrats #dnc #democratsoftiktok #kamalaharris,20220318,18,48500,5696,78,20,,original sound,✨Just vibe✨,False
7076187822910082347,democrats,https://www.tiktok.com/@democrats/video/7076187822910082347,We will never waver in our commitment to achieving full equality and ...,We will never waver in our commitment to achieving full equality and representation for women everywhere. #womenshistorymonth #democrats #dnc #thedemocrats #democratsoftiktok,20220317,11,46800,7531,65,95,,original sound,Green Line,False
7075318697258257707,democrats,https://www.tiktok.com/@democrats/video/7075318697258257707,President Biden speaking about the historic Bipartisan Infrastructure...,President Biden speaking about the historic Bipartisan Infrastructure Law. #dnc #democrats #thedemocrats #joebiden #democratsoftiktok,20220315,35,9346,970,15,25,,original sound,Democrats,False
7075470659085733162,democrats,https://www.tiktok.com/@democrats/video/7075470659085733162,The U.S. is seeing the lowest unemployment rate since before the pand...,The U.S. is seeing the lowest unemployment rate since before the pandemic. #dnc #democrats #thedemocrats #democratsoftiktok  #joebiden,20220315,11,59200,5098,167,64,,ABBA Mashup,Joebot the Robot 🤖,False
7073962223818886443,democrats,https://www.tiktok.com/@democrats/video/7073962223818886443,Judge Ketanji Brown Jackson is extraordinarily qualified and ready to...,Judge Ketanji Brown Jackson is extraordinarily qualified and ready to serve. #democrats #thedemocrats #dnc  #democratsoftiktok,20220311,10,34400,4407,54,85,,,,False
7073528718768999722,democrats,https://www.tiktok.com/@democrats/video/7073528718768999722,We recognize the incredible women who have been trailblazers for futu...,We recognize the incredible women who have been trailblazers for future generations. #democrats #dnc #thedemocrats #womenshistorymonth,20220310,12,151500,24800,82,98,,original sound,crimson.edits,False
7073219362848591146,democrats,https://www.tiktok.com/@democrats/video/7073219362848591146,History was made this Women’s History Month! #thedemocrats #dnc #demo...,History was made this Women’s History Month! #thedemocrats #dnc #democrats #womenshistorymonth,20220309,16,1500000,312200,1021,2034,,you n me flume remix,favsoundds,False
7072837350140726571,democrats,https://www.tiktok.com/@democrats/video/7072837350140726571,President Biden is committed to protecting American families from Put...,President Biden is committed to protecting American families from Putin’s price hikes. #presidentbiden #thedemocrats #dnc #democrats,20220308,28,12200,725,18,10,,original sound,Democrats,False
7072431331778596138,democrats,https://www.tiktok.com/@democrats/video/7072431331778596138,The DNC has entered the chat📲 #dnc #democrats #thedemocrats #democrat...,The DNC has entered the chat📲 #dnc #democrats #thedemocrats #democratsoftiktok,20220307,8,232100,19300,667,371,,original sound,rico,False
7071381649044376874,democrats,https://www.tiktok.com/@democrats/video/7071381649044376874,Welcome to the Democratic National Committee’s TikTok! #dnc #democrat...,Welcome to the Democratic National Committee’s TikTok! #dnc #democrats #thedemocrats #democratsoftiktok #fyp,20220304,12,32300,2419,331,71,,Jr Stit x bruno mars x adele,Margaux❤️‍🔥,False
