id,account,url,title,description,upload_date,duration,view_count,like_count,comment_count,repost_count,tags,track,track_artist,is_photo_carousel
7668699000006118669,whitehouse,https://www.tiktok.com/@whitehouse/video/7668699000006118669,Let us remind you if you’re here illegally you’re going home.,Let us remind you if you’re here illegally you’re going home.,20260731,15,425200,18700,1501,4779,,original sound,The White House,False
7668400761407098125,whitehouse,https://www.tiktok.com/@whitehouse/video/7668400761407098125,F is for Fifth Amendment ,F is for Fifth Amendment ,20260730,7,2700000,268800,4425,62800,,original sound,The White House,False
7668346222578633998,whitehouse,https://www.tiktok.com/@whitehouse/video/7668346222578633998,We’re making America great again,We’re making America great again,20260730,11,1200000,63600,4292,18600,,original sound,The White House,False
7668106539504389389,whitehouse,https://www.tiktok.com/@whitehouse/video/7668106539504389389,Not all heroes wear capes ,Not all heroes wear capes ,20260730,21,528900,23800,2701,1484,,original sound,The White House,False
7668047127246851342,whitehouse,https://www.tiktok.com/@whitehouse/video/7668047127246851342,POTUS announces the renovation of Washington Dulles International Air...,POTUS announces the renovation of Washington Dulles International Airport! 🇺🇸✈️,20260729,15,498100,16500,1106,2402,,original sound,Tae&Glo👉🏽👈🏽🖤🖤,False
7667993067000974605,whitehouse,https://www.tiktok.com/@whitehouse/video/7667993067000974605,Fauci lied. ,Fauci lied. ,20260729,26,481000,22900,1830,1230,,original sound,The White House,False
7667778881209830669,whitehouse,https://www.tiktok.com/@whitehouse/video/7667778881209830669,Finish the fight. ,Finish the fight. ,20260729,50,2500000,239800,13500,76200,,original sound,The White House,False
7667716890399100174,whitehouse,https://www.tiktok.com/@whitehouse/video/7667716890399100174,Celebrating the life and legacy of Senator Lindsey Graham 🇺🇸,Celebrating the life and legacy of Senator Lindsey Graham 🇺🇸,20260728,33,503600,13600,811,193,,original sound,The White House,False
7667690861639027981,whitehouse,https://www.tiktok.com/@whitehouse/video/7667690861639027981,America runs on ____,America runs on ____,20260728,22,10000000,1100000,5858,215300,,original sound,The White House,False
7667597396666240286,whitehouse,https://www.tiktok.com/@whitehouse/video/7667597396666240286,It’s all quiet at the border 🤫,It’s all quiet at the border 🤫,20260728,10,851900,57200,3884,23300,,original sound,The White House,False
7667282954019720462,whitehouse,https://www.tiktok.com/@whitehouse/video/7667282954019720462,Nothing like American cars 🇺🇸,Nothing like American cars 🇺🇸,20260727,13,750800,33700,2266,1843,,original sound,thelastofthebugs,False
7667014758113086734,whitehouse,https://www.tiktok.com/@whitehouse/video/7667014758113086734,You in?,You in?,20260727,35,2400000,174500,9666,120000,,original sound,The White House,False
7666904218967477518,whitehouse,https://www.tiktok.com/@whitehouse/video/7666904218967477518,decline is a choice. POTUS has made dc BEAUTIFUL AGAIN ,decline is a choice. POTUS has made dc BEAUTIFUL AGAIN ,20260726,23,722600,20600,1327,338,,original sound,The White House,False
7666655561009663245,whitehouse,https://www.tiktok.com/@whitehouse/video/7666655561009663245,Our kinda neon moon ,Our kinda neon moon ,20260726,10,965900,39200,2166,3497,,original sound,;),False
7666548745495907598,whitehouse,https://www.tiktok.com/@whitehouse/video/7666548745495907598,President Trump is bringing back made in America 🇺🇸,President Trump is bringing back made in America 🇺🇸,20260725,22,766200,20600,1608,579,,original sound,The White House,False
7666297049213668622,whitehouse,https://www.tiktok.com/@whitehouse/video/7666297049213668622,The funniest president 🤣,The funniest president 🤣,20260725,68,1100000,78600,4575,5608,,original sound,The White House,False
7666234190366657805,whitehouse,https://www.tiktok.com/@whitehouse/video/7666234190366657805,Deportationmaxxing. 🦅,Deportationmaxxing. 🦅,20260724,12,2100000,239700,4455,60800,,original sound,The White House,False
7666142722591444238,whitehouse,https://www.tiktok.com/@whitehouse/video/7666142722591444238,Champions x2 🦅,Champions x2 🦅,20260724,18,962100,70600,1576,4418,,original sound,The White House,False
7665901936293596429,whitehouse,https://www.tiktok.com/@whitehouse/video/7665901936293596429,Spring 2027 applications now open 🇺🇸 wh.gov/internships,Spring 2027 applications now open 🇺🇸 wh.gov/internships,20260724,19,685400,7217,807,202,,original sound,The White House,False
7665811370885090574,whitehouse,https://www.tiktok.com/@whitehouse/video/7665811370885090574,The president’s policy is a head for an eye. ,The president’s policy is a head for an eye. ,20260723,13,685000,16200,1307,1173,,original sound,The White House,False
7665732448562580749,whitehouse,https://www.tiktok.com/@whitehouse/video/7665732448562580749,Iran has been warned. 🎆,Iran has been warned. 🎆,20260723,8,7700000,690100,10100,285800,,original sound,The White House,False
7665449437409365262,whitehouse,https://www.tiktok.com/@whitehouse/video/7665449437409365262,👀,👀,20260722,22,1500000,82100,3246,2594,,original sound,The White House,False
7665407634186521869,whitehouse,https://www.tiktok.com/@whitehouse/video/7665407634186521869,Rest easy heroes. 🇺🇸 1st Lt. Tyler Feehan 🇺🇸 Sgt. Michael Swinton 🇺🇸 ...,Rest easy heroes. 🇺🇸 1st Lt. Tyler Feehan 🇺🇸 Sgt. Michael Swinton 🇺🇸 Sgt. Angel Rampersad 🇺🇸 Pvt. Isabella Gonzales,20260722,37,832300,56400,4130,1052,,Amazing Grace,Grace McGuigan,False
7665344369154608398,whitehouse,https://www.tiktok.com/@whitehouse/video/7665344369154608398,Deportations will continue 🪇,Deportations will continue 🪇,20260722,8,3400000,181000,23300,208300,,original sound,The White House,False
7665087917160729870,whitehouse,https://www.tiktok.com/@whitehouse/video/7665087917160729870,Your fyp just got an upgrade. THE CABINET IS HERE ⬇️ ,Your fyp just got an upgrade. THE CABINET IS HERE ⬇️ ,20260721,58,666100,32300,2130,1492,,original sound,The White House,False
7665028183342845198,whitehouse,https://www.tiktok.com/@whitehouse/video/7665028183342845198,Don’t bet against the king 😤,Don’t bet against the king 😤,20260721,14,508900,14300,1151,2303,,original sound,The White House,False
7664967777328844045,whitehouse,https://www.tiktok.com/@whitehouse/video/7664967777328844045,FAFO.,FAFO.,20260721,38,376900,8810,656,325,,original sound,The White House,False
7664785314279329054,whitehouse,https://www.tiktok.com/@whitehouse/video/7664785314279329054,Nobody does it quite like POTUS & America 🦅🇺🇸 an unforgettable FIFA W...,Nobody does it quite like POTUS & America 🦅🇺🇸 an unforgettable FIFA World Cup ,20260721,29,536300,30100,1167,882,,original sound,The White House,False
7664629537380044046,whitehouse,https://www.tiktok.com/@whitehouse/video/7664629537380044046,This is our why.,This is our why.,20260720,41,558900,50700,1568,1306,,original sound,The White House,False
7664383598325271821,whitehouse,https://www.tiktok.com/@whitehouse/video/7664383598325271821,That’s a wrap on the 2026 FIFA World Cup 🔥,That’s a wrap on the 2026 FIFA World Cup 🔥,20260719,21,667600,34300,1530,1216,,sonido original,𝐉𝐎𝐒𝐔 | Ɛ0ㄣ,False
7663904863599840525,whitehouse,https://www.tiktok.com/@whitehouse/video/7663904863599840525,An epic 2026 fifa World Cup in the USA 🦅 see you at the finals tomorr...,An epic 2026 fifa World Cup in the USA 🦅 see you at the finals tomorrow 👀,20260718,28,678000,64700,2091,1012,,original sound,The White House,False
7663691382527233293,whitehouse,https://www.tiktok.com/@whitehouse/video/7663691382527233293,Iykyk 😤,Iykyk 😤,20260718,13,4900000,284300,15300,78100,,original sound,The White House,False
7663544224318573838,whitehouse,https://www.tiktok.com/@whitehouse/video/7663544224318573838,The greatest country on earth 🇺🇸,The greatest country on earth 🇺🇸,20260717,35,355100,8206,1187,163,,original sound,The White House,False
7663310173397585165,whitehouse,https://www.tiktok.com/@whitehouse/video/7663310173397585165,BREAKING NEWS: President Trump declassifies information on foreign in...,BREAKING NEWS: President Trump declassifies information on foreign influence in U.S. elections ,20260717,88,529500,24600,1664,884,,original sound,The White House,False
7663223796521864462,whitehouse,https://www.tiktok.com/@whitehouse/video/7663223796521864462,Now you know what the hype is about 🔥🇺🇸,Now you know what the hype is about 🔥🇺🇸,20260716,24,321800,6877,462,51,,original sound,The White House,False
7663173231901232398,whitehouse,https://www.tiktok.com/@whitehouse/video/7663173231901232398,You can’t play cute. NO GAMES. 🦅,You can’t play cute. NO GAMES. 🦅,20260716,26,364600,18500,1277,724,,original sound,The White House,False
7663114769578167565,whitehouse,https://www.tiktok.com/@whitehouse/video/7663114769578167565,Vroom vroom ,Vroom vroom ,20260716,14,483500,28900,871,1243,,original sound,The White House,False
7662874792005045518,whitehouse,https://www.tiktok.com/@whitehouse/video/7662874792005045518,VP Vance calls out Dems hypocrisy on Joe Rogan 🔥,VP Vance calls out Dems hypocrisy on Joe Rogan 🔥,20260715,63,369500,16200,788,399,,original sound,The White House,False
7662801207437593870,whitehouse,https://www.tiktok.com/@whitehouse/video/7662801207437593870,Patriotic all summer ,Patriotic all summer ,20260715,5,569800,77300,1695,2034,,original sound,The White House,False
7662761520622783775,whitehouse,https://www.tiktok.com/@whitehouse/video/7662761520622783775,TikTok video #7662761520622783775,,20260715,20,342000,5771,441,235,,original sound,William Wang,False
7662572590434667789,whitehouse,https://www.tiktok.com/@whitehouse/video/7662572590434667789,Built for this. 🦅,Built for this. 🦅,20260715,20,331400,20500,1108,1028,,original sound,The White House,False
7662485735739641101,whitehouse,https://www.tiktok.com/@whitehouse/video/7662485735739641101,I AM SPEED ⚡️🏁,I AM SPEED ⚡️🏁,20260714,67,491500,33900,1048,5370,,original sound,The White House,False
7662428213741686029,whitehouse,https://www.tiktok.com/@whitehouse/video/7662428213741686029,Look who it is…,Look who it is…,20260714,8,292300,17800,1334,534,,original sound,The White House,False
7662141186978630925,whitehouse,https://www.tiktok.com/@whitehouse/video/7662141186978630925,"2 years since the assassination attempt on President Trump in Butler,...","2 years since the assassination attempt on President Trump in Butler, PA - A reminder to fight and never surrender. ",20260713,51,470000,44100,2185,1518,,original sound,The White House,False
7662089424192245005,whitehouse,https://www.tiktok.com/@whitehouse/video/7662089424192245005,Want to see our new car? 🤫🇺🇸,Want to see our new car? 🤫🇺🇸,20260713,13,317100,14900,583,506,,original sound,The White House,False
7662022768627584269,whitehouse,https://www.tiktok.com/@whitehouse/video/7662022768627584269,Criminal illegal aliens will be deported 👋,Criminal illegal aliens will be deported 👋,20260713,16,3500000,373800,11800,126900,,original sound,The White House,False
7661769514748480781,whitehouse,https://www.tiktok.com/@whitehouse/video/7661769514748480781,More investments in the U.S. 🇺🇸 more American jobs ,More investments in the U.S. 🇺🇸 more American jobs ,20260712,15,406600,22200,1277,469,,original sound,The White House,False
7661454085656202509,whitehouse,https://www.tiktok.com/@whitehouse/video/7661454085656202509,Made in America 🇺🇸🇺🇸,Made in America 🇺🇸🇺🇸,20260712,16,269400,4871,416,128,,original sound,The White House,False
7661301935684783374,whitehouse,https://www.tiktok.com/@whitehouse/video/7661301935684783374,Boss. ,Boss. ,20260711,13,329100,13700,998,1111,,original sound,The White House,False
7660997673704557837,whitehouse,https://www.tiktok.com/@whitehouse/video/7660997673704557837,🤫,🤫,20260710,9,855200,84500,2691,5948,,original sound,The White House,False
7660894279346277645,whitehouse,https://www.tiktok.com/@whitehouse/video/7660894279346277645,🚨war.gov/ufo ,🚨war.gov/ufo ,20260710,11,427300,17200,775,1678,,original sound,The White House,False
7660638271998856462,whitehouse,https://www.tiktok.com/@whitehouse/video/7660638271998856462,There will never be anyone else like him ,There will never be anyone else like him ,20260709,21,524800,47300,1986,2753,,original sound,The White House,False
7660582890740223246,whitehouse,https://www.tiktok.com/@whitehouse/video/7660582890740223246,“Any election fraud is TOO much election fraud” @J.D. Vance 🇺🇸,“Any election fraud is TOO much election fraud” @J.D. Vance 🇺🇸,20260709,15,277800,16000,581,251,,original sound,The White House,False
7660532848004189454,whitehouse,https://www.tiktok.com/@whitehouse/video/7660532848004189454,PBI < DJT 🔥🇺🇸,PBI < DJT 🔥🇺🇸,20260709,12,250100,6072,367,220,,original sound,Multy.editzy,False
7660515492947430669,whitehouse,https://www.tiktok.com/@whitehouse/video/7660515492947430669,Satisfying asmr: no tax on overtime ,Satisfying asmr: no tax on overtime ,20260709,34,211500,4121,388,165,,original sound,The White House,False
7660337156333915405,whitehouse,https://www.tiktok.com/@whitehouse/video/7660337156333915405,A successful NATO summit ✈️,A successful NATO summit ✈️,20260709,14,274300,12100,592,169,,original sound - 𝓏𝑒𝓁 ࣪ 💮.,𝓏𝑒𝓁 ࣪ 💮.,False
7660251523141618958,whitehouse,https://www.tiktok.com/@whitehouse/video/7660251523141618958,Made in America is BACK,Made in America is BACK,20260708,17,2700000,232900,4277,23600,,original sound,The White House,False
7660186937533238542,whitehouse,https://www.tiktok.com/@whitehouse/video/7660186937533238542,Last few days of the Great American State Fair 🇺🇸🎡,Last few days of the Great American State Fair 🇺🇸🎡,20260708,17,237300,6294,333,128,,original sound,The White House,False
7659969561613045006,whitehouse,https://www.tiktok.com/@whitehouse/video/7659969561613045006,🤣🤣🤣,🤣🤣🤣,20260708,7,320400,10900,505,594,,original sound,The White House,False
7659870393267653902,whitehouse,https://www.tiktok.com/@whitehouse/video/7659870393267653902,TRUMP ACCOUNTS ARE HERE 🤑,TRUMP ACCOUNTS ARE HERE 🤑,20260707,21,581400,66300,1197,3414,,original sound,The White House,False
7659797996053318926,whitehouse,https://www.tiktok.com/@whitehouse/video/7659797996053318926,🇺🇸🤝🇹🇷,🇺🇸🤝🇹🇷,20260707,25,676500,28800,814,874,,original sound,The White House,False
7659558913657818398,whitehouse,https://www.tiktok.com/@whitehouse/video/7659558913657818398,SOCCER 🦅🦅,SOCCER 🦅🦅,20260706,17,322300,5321,1002,445,,original sound,The White House,False
7659539987523849502,whitehouse,https://www.tiktok.com/@whitehouse/video/7659539987523849502,Satisfying ASMR: no tax on tips 🦅 ,Satisfying ASMR: no tax on tips 🦅 ,20260706,64,275000,4343,373,108,,original sound,The White House,False
7659523199591271710,whitehouse,https://www.tiktok.com/@whitehouse/video/7659523199591271710,Today is the DAY. Let’s go USA 🦅😤🇺🇸,Today is the DAY. Let’s go USA 🦅😤🇺🇸,20260706,18,765700,72400,2901,2355,,original sound,The White House,False
7659453255948258573,whitehouse,https://www.tiktok.com/@whitehouse/video/7659453255948258573,One year of delivering historic results from Working Families Tax Cut...,One year of delivering historic results from Working Families Tax Cuts 🦅😤,20260706,14,443200,27300,1201,589,,original sound,The White House,False
7659410624644074766,whitehouse,https://www.tiktok.com/@whitehouse/video/7659410624644074766,Trumpaccounts.gov 🇺🇸,Trumpaccounts.gov 🇺🇸,20260706,21,470100,24600,1726,992,,original sound,The White House,False
7659064670732537101,whitehouse,https://www.tiktok.com/@whitehouse/video/7659064670732537101,250 years has never looked this good ,250 years has never looked this good ,20260705,26,487600,33400,1287,720,,original sound,songs n lyrics,False
7658819224877419790,whitehouse,https://www.tiktok.com/@whitehouse/video/7658819224877419790,🦅🦅🦅🦅,🦅🦅🦅🦅,20260704,78,2200000,244800,4690,25100,,original sound,The White House,False
7658701551057243406,whitehouse,https://www.tiktok.com/@whitehouse/video/7658701551057243406,POV: America entered its 2000s era ,POV: America entered its 2000s era ,20260704,25,556400,21900,798,1921,,original sound,The White House,False
7658652876058692878,whitehouse,https://www.tiktok.com/@whitehouse/video/7658652876058692878,"Today, America wakes 250 years later as a beacon of hope ","Today, America wakes 250 years later as a beacon of hope ",20260704,72,1600000,227600,5368,14700,,original sound,The White House,False
7658520457821441293,whitehouse,https://www.tiktok.com/@whitehouse/video/7658520457821441293,GOD BLESS AMERICA ,GOD BLESS AMERICA ,20260704,13,4000000,473500,6298,19100,,original sound,Dan + Shay,False
7658426886980160782,whitehouse,https://www.tiktok.com/@whitehouse/video/7658426886980160782,RED ERA 🇺🇸,RED ERA 🇺🇸,20260703,36,411400,7849,533,589,,original sound,The White House,False
7658320146221501710,whitehouse,https://www.tiktok.com/@whitehouse/video/7658320146221501710,America’s greatest hits one era at a time ,America’s greatest hits one era at a time ,20260703,42,531000,25800,1018,1531,,original sound,The White House,False
7658083834281331998,whitehouse,https://www.tiktok.com/@whitehouse/video/7658083834281331998,Welcome to America’s eras tour 🇺🇸,Welcome to America’s eras tour 🇺🇸,20260702,40,1500000,69100,7858,63300,,original sound,The White House,False
7657983152501116173,whitehouse,https://www.tiktok.com/@whitehouse/video/7657983152501116173,RAHHHH 🦅🦅🦅,RAHHHH 🦅🦅🦅,20260702,19,393000,18200,778,309,,original sound,The White House,False
7657921270436220173,whitehouse,https://www.tiktok.com/@whitehouse/video/7657921270436220173,One team. One Nation. 🇺🇸🦅,One team. One Nation. 🇺🇸🦅,20260702,19,433600,35000,826,1413,,original sound,The White House,False
7657709972993658126,whitehouse,https://www.tiktok.com/@whitehouse/video/7657709972993658126,LET’S GOOO USA 🦅,LET’S GOOO USA 🦅,20260701,20,744200,79600,1466,2562,,original sound,The White House,False
7657670527238098190,whitehouse,https://www.tiktok.com/@whitehouse/video/7657670527238098190,All aboard the Trump Train! 🦅,All aboard the Trump Train! 🦅,20260701,14,334200,13900,802,1489,,original sound,The White House,False
7657644902989221133,whitehouse,https://www.tiktok.com/@whitehouse/video/7657644902989221133,President Trump delivers remarks in North Dakota! 🇺🇸,President Trump delivers remarks in North Dakota! 🇺🇸,20260701,16,551700,48600,3241,2132,,original sound,The White House,False
7657618087759482125,whitehouse,https://www.tiktok.com/@whitehouse/video/7657618087759482125,USA USA USA 🇺🇸🦅😤,USA USA USA 🇺🇸🦅😤,20260701,41,284200,12500,702,409,,original sound,The White House,False
7657569574174379278,whitehouse,https://www.tiktok.com/@whitehouse/video/7657569574174379278,IT’S JULY 🇺🇸🦅 Time to lock in. ,IT’S JULY 🇺🇸🦅 Time to lock in. ,20260701,10,2000000,332900,6107,13900,,original sound,The White House,False
7657372758136950030,whitehouse,https://www.tiktok.com/@whitehouse/video/7657372758136950030,THIS is the World Cup in America 🦅,THIS is the World Cup in America 🦅,20260701,34,272500,7279,794,219,,original sound,The White House,False
7657237881039113485,whitehouse,https://www.tiktok.com/@whitehouse/video/7657237881039113485,Happening now at the great American state fair 🤠,Happening now at the great American state fair 🤠,20260630,35,330300,16900,1439,344,,original sound,The White House,False
7657209343649074445,whitehouse,https://www.tiktok.com/@whitehouse/video/7657209343649074445,NO MEN IN WOMEN’S SPORTS ,NO MEN IN WOMEN’S SPORTS ,20260630,35,725400,84400,732,4551,,original sound,The White House,False
7656996448935972109,whitehouse,https://www.tiktok.com/@whitehouse/video/7656996448935972109,Welcome to the U.S.A 😤,Welcome to the U.S.A 😤,20260630,14,9100000,894600,32400,207000,,original sound,The White House,False
7656886139764083999,whitehouse,https://www.tiktok.com/@whitehouse/video/7656886139764083999,America’s 250th LFG 🦅,America’s 250th LFG 🦅,20260629,16,654100,90500,1640,4646,,原創音樂,I❤️music,False
7656844514417560845,whitehouse,https://www.tiktok.com/@whitehouse/video/7656844514417560845,Even CNN admits showing ID to vote is common sense 👀,Even CNN admits showing ID to vote is common sense 👀,20260629,17,881000,73900,1305,710,,original sound,The White House,False
7656557051753073933,whitehouse,https://www.tiktok.com/@whitehouse/video/7656557051753073933,Less than ONE WEEK until America’s 250th 🇺🇸,Less than ONE WEEK until America’s 250th 🇺🇸,20260628,30,551900,68400,1889,3194,,original sound,The White House,False
7656212594440588558,whitehouse,https://www.tiktok.com/@whitehouse/video/7656212594440588558,"If you want to hate the U.S. listen to the media, if you want to love...","If you want to hate the U.S. listen to the media, if you want to love the U.S. experience it 🇺🇸",20260627,76,4200000,663400,10600,46500,,original sound,The White House,False
7656097280818253070,whitehouse,https://www.tiktok.com/@whitehouse/video/7656097280818253070,how life feels when you love America this summer ,how life feels when you love America this summer ,20260627,21,1900000,264700,4506,15600,,original sound,The White House,False
7655788007881968910,whitehouse,https://www.tiktok.com/@whitehouse/video/7655788007881968910,President Trump loves our farmers 🤠🦅🇺🇸  @Kait Thornton ,President Trump loves our farmers 🤠🦅🇺🇸  @Kait Thornton ,20260626,92,329900,9166,1354,235,,original sound,The White House,False
7655710966365048094,whitehouse,https://www.tiktok.com/@whitehouse/video/7655710966365048094,Making D.C. safe & beautiful again 🇺🇸,Making D.C. safe & beautiful again 🇺🇸,20260626,13,1000000,72900,3326,2506,,original sound,The White House,False
7655424932297461005,whitehouse,https://www.tiktok.com/@whitehouse/video/7655424932297461005,Our team is cooking 😤🔥🇺🇸,Our team is cooking 😤🔥🇺🇸,20260625,24,430100,24300,1320,776,,original sound,The White House,False
7655353734662278413,whitehouse,https://www.tiktok.com/@whitehouse/video/7655353734662278413,"THE GREAT AMERICAN STATE FAIR 🇺🇸 Now through July 10th, don’t miss it. ","THE GREAT AMERICAN STATE FAIR 🇺🇸 Now through July 10th, don’t miss it. ",20260625,35,485500,40700,1809,618,,original sound,The White House,False
7655172355760688398,whitehouse,https://www.tiktok.com/@whitehouse/video/7655172355760688398,Patriots are in control 🇺🇸,Patriots are in control 🇺🇸,20260625,64,389100,21200,803,1299,,original sound,The White House,False
7655010478271335694,whitehouse,https://www.tiktok.com/@whitehouse/video/7655010478271335694,We tried to tell y’all. America is so back 🇺🇸😤,We tried to tell y’all. America is so back 🇺🇸😤,20260624,69,1900000,265900,5299,25200,,original sound,The White House,False
7654961118804249869,whitehouse,https://www.tiktok.com/@whitehouse/video/7654961118804249869,Thank you President Donald Trump for making DC beautiful 🇺🇸,Thank you President Donald Trump for making DC beautiful 🇺🇸,20260624,60,343100,14700,972,272,,original sound,The White House,False
7654734297068342542,whitehouse,https://www.tiktok.com/@whitehouse/video/7654734297068342542,All thanks to President Trump 🔥,All thanks to President Trump 🔥,20260623,24,435900,17200,1582,576,,original sound,The White House,False
7654665354685271327,whitehouse,https://www.tiktok.com/@whitehouse/video/7654665354685271327,AMERICA IS BACK 🇺🇸 see you tomorrow at the State Fair Kick Off Celebr...,AMERICA IS BACK 🇺🇸 see you tomorrow at the State Fair Kick Off Celebration! ,20260623,17,2300000,386100,4414,16200,,original sound,The White House,False
7654407454654090509,whitehouse,https://www.tiktok.com/@whitehouse/video/7654407454654090509,Dems rlly do love criminal illegals more than any stupid song could say ,Dems rlly do love criminal illegals more than any stupid song could say ,20260623,15,436600,5534,745,287,,original sound,The White House,False
7654298133005929759,whitehouse,https://www.tiktok.com/@whitehouse/video/7654298133005929759,Quantum dominance… stay tuned. ,Quantum dominance… stay tuned. ,20260622,7,3000000,255800,6567,55100,,original sound,The White House,False
7654255410341317902,whitehouse,https://www.tiktok.com/@whitehouse/video/7654255410341317902,AMERICAN SUMMER IS OFFICIALLY HERE 🇺🇸🤠,AMERICAN SUMMER IS OFFICIALLY HERE 🇺🇸🤠,20260622,25,551000,42800,950,9693,,original sound,The White House,False
7654026873873173774,whitehouse,https://www.tiktok.com/@whitehouse/video/7654026873873173774,😤😤😤,😤😤😤,20260622,32,2000000,299300,3146,11300,,original sound,The White House,False
7653899611328744717,whitehouse,https://www.tiktok.com/@whitehouse/video/7653899611328744717,"Happy Father’s Day to all the incredible fathers and grandfathers, in...","Happy Father’s Day to all the incredible fathers and grandfathers, including POTUS & VP 💙",20260621,38,369200,7700,902,108,,original sound,The White House,False
7653537955167882510,whitehouse,https://www.tiktok.com/@whitehouse/video/7653537955167882510,A win for the American people 🔥,A win for the American people 🔥,20260620,33,427700,10500,1473,134,,original sound,The White House,False
7653203434476178701,whitehouse,https://www.tiktok.com/@whitehouse/video/7653203434476178701,POTUS debuts the NEW AF1 ✈️🇺🇸🔥,POTUS debuts the NEW AF1 ✈️🇺🇸🔥,20260619,39,1700000,130100,3708,3305,,original sound,Lyric Veil,False
7653144088996302094,whitehouse,https://www.tiktok.com/@whitehouse/video/7653144088996302094,Let’s goooooo 🇺🇸🇺🇸 FIFA World Cup 2026 ,Let’s goooooo 🇺🇸🇺🇸 FIFA World Cup 2026 ,20260619,18,753200,69100,2047,957,,original sound,The White House,False
7652915769063247117,whitehouse,https://www.tiktok.com/@whitehouse/video/7652915769063247117,AN EPIC NIGHT 🔥🦅🥊,AN EPIC NIGHT 🔥🦅🥊,20260619,82,437700,9643,1064,247,,original sound,The White House,False
7652861978205064461,whitehouse,https://www.tiktok.com/@whitehouse/video/7652861978205064461,"Congratulations Major James Capers Jr, Major Nicholas Dockery, and Co...","Congratulations Major James Capers Jr, Major Nicholas Dockery, and Colonel John Ripley 🇺🇸❤️ Heroes.",20260618,46,792500,37400,1935,626,,original sound,The White House,False
7652812486252481805,whitehouse,https://www.tiktok.com/@whitehouse/video/7652812486252481805,TRUST IN TRUMP 🇺🇸,TRUST IN TRUMP 🇺🇸,20260618,15,575000,38000,2452,1396,,original sound,The White House,False
7652523266271087885,whitehouse,https://www.tiktok.com/@whitehouse/video/7652523266271087885,🚨 Breaking: POTUS signs Iran Memorandum of Understanding ,🚨 Breaking: POTUS signs Iran Memorandum of Understanding ,20260618,35,574000,13800,1596,1258,,original sound,The White House,False
7652470583040462093,whitehouse,https://www.tiktok.com/@whitehouse/video/7652470583040462093,We’re going to get you back 🔥,We’re going to get you back 🔥,20260617,26,1100000,111600,1520,2594,,original sound,The White House,False
7652419754212281613,whitehouse,https://www.tiktok.com/@whitehouse/video/7652419754212281613,President Trump following G7 on the Iran deal and PEACE ,President Trump following G7 on the Iran deal and PEACE ,20260617,44,446400,8788,1059,214,,original sound,The White House,False
7652375981046435085,whitehouse,https://www.tiktok.com/@whitehouse/video/7652375981046435085,Boss man ,Boss man ,20260617,14,1900000,179200,7420,8785,,original sound,The White House,False
7652170489640520974,whitehouse,https://www.tiktok.com/@whitehouse/video/7652170489640520974,11 years ago history changed when Donald Trump came down the golden e...,11 years ago history changed when Donald Trump came down the golden escalators 🥹,20260617,37,823500,52000,1937,1166,,son original - visionforge35,S O N A R Y,False
7651794857698118925,whitehouse,https://www.tiktok.com/@whitehouse/video/7651794857698118925,It’s a patriot summer 🇺🇸🇺🇸,It’s a patriot summer 🇺🇸🇺🇸,20260616,10,920800,42000,1828,1300,,original sound,The White House,False
7651647880003849485,whitehouse,https://www.tiktok.com/@whitehouse/video/7651647880003849485,America on top 🇺🇸🔥,America on top 🇺🇸🔥,20260615,47,7500000,705100,6058,21600,,original sound,The White House,False
7651510597695048973,whitehouse,https://www.tiktok.com/@whitehouse/video/7651510597695048973,Year of the Patriot fr 🇺🇸,Year of the Patriot fr 🇺🇸,20260615,18,890600,12600,926,190,,original sound,The White House,False
7651436763486932237,whitehouse,https://www.tiktok.com/@whitehouse/video/7651436763486932237,Auramaxxing🔥 ,Auramaxxing🔥 ,20260615,21,1000000,32300,1756,1093,,original sound,The White House,False
7651422028456611086,whitehouse,https://www.tiktok.com/@whitehouse/video/7651422028456611086,And so it begins… 🇺🇸🦅,And so it begins… 🇺🇸🦅,20260615,9,6100000,411300,6295,21700,,original sound,The White House,False
7651406502753766670,whitehouse,https://www.tiktok.com/@whitehouse/video/7651406502753766670,UFC 250! LFG 🔥,UFC 250! LFG 🔥,20260615,60,834600,5533,281,69,,original sound,The White House,False
7651354173715369229,whitehouse,https://www.tiktok.com/@whitehouse/video/7651354173715369229,UFC TONIGHT AT THE WHITE HOUSE 🔥 LFG ,UFC TONIGHT AT THE WHITE HOUSE 🔥 LFG ,20260614,39,1300000,86800,2292,3402,,original sound,The White House,False
7651284365456051470,whitehouse,https://www.tiktok.com/@whitehouse/video/7651284365456051470,Flag day 🇺🇸🇺🇸🇺🇸,Flag day 🇺🇸🇺🇸🇺🇸,20260614,18,1100000,72700,1158,1214,,original sound,The White House,False
7651240759554805022,whitehouse,https://www.tiktok.com/@whitehouse/video/7651240759554805022,"Happy Birthday, Mr. President 🇺🇸","Happy Birthday, Mr. President 🇺🇸",20260614,46,1300000,90600,6714,4921,,original sound,The White House,False
7651003610813238541,whitehouse,https://www.tiktok.com/@whitehouse/video/7651003610813238541,A patriot summer for America’s 250th 🇺🇸,A patriot summer for America’s 250th 🇺🇸,20260613,16,3800000,502800,6524,17600,,original sound,The White House,False
7650885670176705805,whitehouse,https://www.tiktok.com/@whitehouse/video/7650885670176705805,ONE MORE DAY. UFC x White House 🔥,ONE MORE DAY. UFC x White House 🔥,20260613,18,1500000,41900,1740,1978,,original sound,The White House,False
7650585470354722061,whitehouse,https://www.tiktok.com/@whitehouse/video/7650585470354722061,LET’S GO USA 🇺🇸🇺🇸🇺🇸,LET’S GO USA 🇺🇸🇺🇸🇺🇸,20260612,45,2300000,67300,1633,2933,,original sound,The White House,False
7650548406372355342,whitehouse,https://www.tiktok.com/@whitehouse/video/7650548406372355342,NEW DROP 👀🛸 WAR.GOV/UFO,NEW DROP 👀🛸 WAR.GOV/UFO,20260612,24,1800000,6779,864,931,,"UFO, Sci-fi, Alien, Horror, Mysterious, Soundscape, Drone, Encounter with the unknown, Urban Legend(1510383)",SAKUMAMATATA,False
7650271141071768846,whitehouse,https://www.tiktok.com/@whitehouse/video/7650271141071768846,FIFA WORLD CUP 2026 IS HERE 🔥 LFG,FIFA WORLD CUP 2026 IS HERE 🔥 LFG,20260611,48,2400000,36100,1551,1456,,original sound,The White House,False
7650222287307803917,whitehouse,https://www.tiktok.com/@whitehouse/video/7650222287307803917,Embarrassing. #vine ,Embarrassing. #vine ,20260611,4,2200000,7063,2012,1066,,original sound,The White House,False
7650152538586598670,whitehouse,https://www.tiktok.com/@whitehouse/video/7650152538586598670,FULLY FUNDING ICE & BORDER PATROL 🔥🇺🇸,FULLY FUNDING ICE & BORDER PATROL 🔥🇺🇸,20260611,33,2100000,13600,1065,475,,original sound,The White House,False
7649861000161807630,whitehouse,https://www.tiktok.com/@whitehouse/video/7649861000161807630,Trump knows ball 🏀,Trump knows ball 🏀,20260610,29,1900000,11600,2104,318,,original sound,The White House,False
7649795587851685133,whitehouse,https://www.tiktok.com/@whitehouse/video/7649795587851685133,Goodbye criminal illegals! The Trump admin will keep fighting to keep...,Goodbye criminal illegals! The Trump admin will keep fighting to keep America Safe 🇺🇸,20260610,4,1900000,5918,1553,919,,original sound,The White House,False
7649743954510023950,whitehouse,https://www.tiktok.com/@whitehouse/video/7649743954510023950,The bully of the Middle East is dead. ,The bully of the Middle East is dead. ,20260610,10,2400000,34200,1145,1429,,original sound,High Aspect,False
7649572432692481311,whitehouse,https://www.tiktok.com/@whitehouse/video/7649572432692481311,THANK YOU PRESIDENT TRUMP 🇺🇸,THANK YOU PRESIDENT TRUMP 🇺🇸,20260610,52,1600000,8505,1525,209,,original sound,The White House,False
7649476667873791246,whitehouse,https://www.tiktok.com/@whitehouse/video/7649476667873791246,ARTEMIS III. 2027🚀,ARTEMIS III. 2027🚀,20260609,50,1700000,37100,2283,1621,,original sound,The White House,False
7649426430756916511,whitehouse,https://www.tiktok.com/@whitehouse/video/7649426430756916511,Bye-bye 👋 President Trump has delivered the most secure border in his...,Bye-bye 👋 President Trump has delivered the most secure border in history ,20260609,14,3100000,58100,11100,11700,,original sound,The White House,False
7649179929812176141,whitehouse,https://www.tiktok.com/@whitehouse/video/7649179929812176141,"NEW YORK, STAND UP 🗽","NEW YORK, STAND UP 🗽",20260609,31,1300000,8266,1196,332,,original sound,The White House,False
7649149518528711966,whitehouse,https://www.tiktok.com/@whitehouse/video/7649149518528711966,With love from NYC ,With love from NYC ,20260608,30,979100,31300,1358,542,,original sound,The White House,False
7649126693675830541,whitehouse,https://www.tiktok.com/@whitehouse/video/7649126693675830541,D.C. is beautiful again thanks to President Trump 🇺🇸,D.C. is beautiful again thanks to President Trump 🇺🇸,20260608,22,838600,38700,1498,1784,,original sound,The White House,False
7649080504490200334,whitehouse,https://www.tiktok.com/@whitehouse/video/7649080504490200334,Always locked in 🎥🏀,Always locked in 🎥🏀,20260608,14,707700,16300,843,419,,original sound,The White House,False
7649052239629159693,whitehouse,https://www.tiktok.com/@whitehouse/video/7649052239629159693,We heard it’s National best friends day 🥰,We heard it’s National best friends day 🥰,20260608,28,768800,21600,2143,1492,,original sound,The White House,False
7648848710503255310,whitehouse,https://www.tiktok.com/@whitehouse/video/7648848710503255310,ONE WEEK. ,ONE WEEK. ,20260608,31,739500,21500,1148,580,,original sound,The White House,False
7648648549172907278,whitehouse,https://www.tiktok.com/@whitehouse/video/7648648549172907278,Good morning. It’s 6/7. ,Good morning. It’s 6/7. ,20260607,12,10200000,959600,20400,622100,,original sound,The White House,False
7648330572783176973,whitehouse,https://www.tiktok.com/@whitehouse/video/7648330572783176973,"JOBS, JOBS, JOBS 🔥","JOBS, JOBS, JOBS 🔥",20260606,55,655200,9498,965,747,,original sound,The White House,False
7648065172673793310,whitehouse,https://www.tiktok.com/@whitehouse/video/7648065172673793310,Fighting for American farmers 🇺🇸🐮🤠,Fighting for American farmers 🇺🇸🐮🤠,20260605,93,624200,12300,934,1023,,original sound,The White House,False
7647907926501313805,whitehouse,https://www.tiktok.com/@whitehouse/video/7647907926501313805,Job growth blows past expectations 🔥,Job growth blows past expectations 🔥,20260605,7,585100,10700,1277,291,,original sound,The White House,False
7647656978956799246,whitehouse,https://www.tiktok.com/@whitehouse/video/7647656978956799246,We heard the reflection pool started filling back up today!,We heard the reflection pool started filling back up today!,20260604,4,572200,5935,1119,2287,,original sound,The White House,False
7647570905752718623,whitehouse,https://www.tiktok.com/@whitehouse/video/7647570905752718623,Want deja vu?,Want deja vu?,20260604,11,534200,7445,788,308,,original sound,The White House,False
7647539354314804510,whitehouse,https://www.tiktok.com/@whitehouse/video/7647539354314804510,ONE MONTH UNTIL AMERICA’S BIRTHDAY! Patriot summer loading… 🇺🇸🦅,ONE MONTH UNTIL AMERICA’S BIRTHDAY! Patriot summer loading… 🇺🇸🦅,20260604,16,501800,18500,603,544,,original sound,The White House,False
7647352962460749086,whitehouse,https://www.tiktok.com/@whitehouse/video/7647352962460749086,The 2026 FIFA World Cup is being played right here in America. LFG 🇺🇸...,The 2026 FIFA World Cup is being played right here in America. LFG 🇺🇸 Secretary Lutnick and FIFA President Gianni Infantino welcome fans to 78 matches across 11 U.S. host cities in 9 states.,20260604,21,2000000,159000,2082,4005,,original sound,The White House,False
7647236616490192141,whitehouse,https://www.tiktok.com/@whitehouse/video/7647236616490192141,Don’t act like I never told you ,Don’t act like I never told you ,20260603,17,445700,15900,695,732,,original sound,The White House,False
7647191614091283726,whitehouse,https://www.tiktok.com/@whitehouse/video/7647191614091283726,Making America SAFE Again 🇺🇸,Making America SAFE Again 🇺🇸,20260603,116,446800,19700,1448,728,,original sound,The White House,False
7646962639888813325,whitehouse,https://www.tiktok.com/@whitehouse/video/7646962639888813325,👑 👑 👑,👑 👑 👑,20260603,6,616300,50700,2504,4058,,original sound,The White House,False
7646853333579304205,whitehouse,https://www.tiktok.com/@whitehouse/video/7646853333579304205,ICE Tip Line: 866-DHS-2-ICE ,ICE Tip Line: 866-DHS-2-ICE ,20260602,9,451500,19200,734,3640,,original sound,The White House,False
7646499579185171743,whitehouse,https://www.tiktok.com/@whitehouse/video/7646499579185171743,This is the way,This is the way,20260601,17,544100,28200,2649,718,,original sound,The White House,False
7646461193816722701,whitehouse,https://www.tiktok.com/@whitehouse/video/7646461193816722701,ALIENS.GOV,ALIENS.GOV,20260601,30,378600,11400,1004,1497,,original sound,The White House,False
7646116889701141773,whitehouse,https://www.tiktok.com/@whitehouse/video/7646116889701141773,No Sunday scaries here  #vine ,No Sunday scaries here  #vine ,20260531,8,474200,13500,1387,2106,,original sound,The White House,False
7645702936059743502,whitehouse,https://www.tiktok.com/@whitehouse/video/7645702936059743502,FLOTUS is delivering in fostering the future ❤️,FLOTUS is delivering in fostering the future ❤️,20260530,25,572600,29200,2701,863,,original sound,The White House,False
7645357957810588942,whitehouse,https://www.tiktok.com/@whitehouse/video/7645357957810588942,Iykyk 🤭 #vine ,Iykyk 🤭 #vine ,20260529,15,1600000,129500,3731,29600,,original sound,The White House,False
7645123289521687821,whitehouse,https://www.tiktok.com/@whitehouse/video/7645123289521687821,ALIENS.GOV,ALIENS.GOV,20260529,10,1100000,33900,2836,13900,,original sound,The White House,False
7645051144296811790,whitehouse,https://www.tiktok.com/@whitehouse/video/7645051144296811790,something’s loading… tonight. ,something’s loading… tonight. ,20260528,13,1800000,60300,2399,10900,,original sound,The White House,False
7645001132426775822,whitehouse,https://www.tiktok.com/@whitehouse/video/7645001132426775822,That’s OUR VP 🔥🇺🇸,That’s OUR VP 🔥🇺🇸,20260528,11,3000000,299200,2653,8791,,original sound,DJ Vic,False
7644940599698722062,whitehouse,https://www.tiktok.com/@whitehouse/video/7644940599698722062,Comment which @Cabinet Secretary you would vibe with ,Comment which @Cabinet Secretary you would vibe with ,20260528,81,532900,26700,1097,604,,original sound,The White House,False
7644750673577266446,whitehouse,https://www.tiktok.com/@whitehouse/video/7644750673577266446,👀👀,👀👀,20260528,13,542800,18200,1455,860,,original sound,The White House,False
7644683864249502990,whitehouse,https://www.tiktok.com/@whitehouse/video/7644683864249502990,Everyone’s talking about it  💸💰 TRUMPACCOUNTS.GOV,Everyone’s talking about it  💸💰 TRUMPACCOUNTS.GOV,20260527,28,664100,24700,823,2692,,original sound,The White House,False
7644587155313986830,whitehouse,https://www.tiktok.com/@whitehouse/video/7644587155313986830,They’re kind of obsessed ,They’re kind of obsessed ,20260527,8,1000000,87300,2862,4058,,original sound,The White House,False
7644369079318351118,whitehouse,https://www.tiktok.com/@whitehouse/video/7644369079318351118,WORLD CUP 2026 SOON 🇺🇸 ⚽️ LET’S GO USA,WORLD CUP 2026 SOON 🇺🇸 ⚽️ LET’S GO USA,20260527,25,1300000,92300,2220,2877,,original sound,The White House,False
7644300227637284110,whitehouse,https://www.tiktok.com/@whitehouse/video/7644300227637284110,Protecting YOUR taxpayer dollars 🇺🇸🇺🇸,Protecting YOUR taxpayer dollars 🇺🇸🇺🇸,20260526,66,647400,17300,1560,833,,original sound,The White House,False
7644220207107427598,whitehouse,https://www.tiktok.com/@whitehouse/video/7644220207107427598,Blessed ,Blessed ,20260526,9,17400000,1600000,32600,963600,,original sound,The White House,False
7643847410011196686,whitehouse,https://www.tiktok.com/@whitehouse/video/7643847410011196686,Freedom is never free. Today we honor the brave American heroes who m...,Freedom is never free. Today we honor the brave American heroes who made the ultimate sacrifice 🇺🇸,20260525,70,1600000,171500,3237,6420,,original sound,The White House,False
7643567655437356302,whitehouse,https://www.tiktok.com/@whitehouse/video/7643567655437356302,🦅🦅🦅,🦅🦅🦅,20260524,10,4400000,758900,8918,41900,,original sound,The White House,False
7643113853420604686,whitehouse,https://www.tiktok.com/@whitehouse/video/7643113853420604686,RIP headphone users,RIP headphone users,20260523,16,4200000,373300,4215,50000,,original sound,The White House,False
7642831431701449998,whitehouse,https://www.tiktok.com/@whitehouse/video/7642831431701449998,🔥🔥🔥,🔥🔥🔥,20260522,48,677500,46500,1732,2929,,original sound,The White House,False
7642774088984825101,whitehouse,https://www.tiktok.com/@whitehouse/video/7642774088984825101,🇺🇸🇺🇸🇺🇸🇺🇸,🇺🇸🇺🇸🇺🇸🇺🇸,20260522,27,2400000,370400,2618,13900,,original sound,The White House,False
7642713402262965517,whitehouse,https://www.tiktok.com/@whitehouse/video/7642713402262965517,WAR.GOV/UFO 🛸,WAR.GOV/UFO 🛸,20260522,11,2300000,164600,2833,14400,,original sound,The White House,False
7642537991629573390,whitehouse,https://www.tiktok.com/@whitehouse/video/7642537991629573390,This is the way ,This is the way ,20260522,28,672800,63300,2795,3413,,original sound,The White House,False
7642443069844950286,whitehouse,https://www.tiktok.com/@whitehouse/video/7642443069844950286,If you kill or threaten to kill Americans - justice will be served. ,If you kill or threaten to kill Americans - justice will be served. ,20260521,10,2900000,251600,2242,52400,,original sound,The White House,False
7642401738917416206,whitehouse,https://www.tiktok.com/@whitehouse/video/7642401738917416206,Working to lower the costs of living 💪🇺🇸,Working to lower the costs of living 💪🇺🇸,20260521,27,375000,8983,937,144,,"Suspense, horror, piano and music box",takaya,False
7642151689868315918,whitehouse,https://www.tiktok.com/@whitehouse/video/7642151689868315918,MUST WATCH,MUST WATCH,20260521,33,799700,75000,3959,3108,,original sound,The White House,False
7642029439047437582,whitehouse,https://www.tiktok.com/@whitehouse/video/7642029439047437582,Some words of wisdom for the grads 🤣,Some words of wisdom for the grads 🤣,20260520,50,346000,10900,882,288,,original sound,The White House,False
7641793922766769421,whitehouse,https://www.tiktok.com/@whitehouse/video/7641793922766769421,🐐🐐🐐,🐐🐐🐐,20260520,14,1900000,243500,5962,37900,,original sound,The White House,False
7641726268026735886,whitehouse,https://www.tiktok.com/@whitehouse/video/7641726268026735886,Trump the builder ,Trump the builder ,20260519,26,405500,11400,1202,267,,original sound,The White House,False
7641592498950917390,whitehouse,https://www.tiktok.com/@whitehouse/video/7641592498950917390,criminals g2g 👋,criminals g2g 👋,20260519,5,1300000,101600,2252,7232,,original sound,The White House,False
7641290641913187598,whitehouse,https://www.tiktok.com/@whitehouse/video/7641290641913187598,It’s just like that under President Trump 🔥,It’s just like that under President Trump 🔥,20260518,9,772000,29600,2699,1606,,original sound,The White House,False
7641229529477926158,whitehouse,https://www.tiktok.com/@whitehouse/video/7641229529477926158,so back 🤗,so back 🤗,20260518,24,1100000,110400,2369,4861,,original sound,The White House,False
7640868807241649421,whitehouse,https://www.tiktok.com/@whitehouse/video/7640868807241649421,& now he’s the hunter 🔥,& now he’s the hunter 🔥,20260517,17,1100000,79200,6070,6371,,original sound,The White House,False
7640550321856498957,whitehouse,https://www.tiktok.com/@whitehouse/video/7640550321856498957,Fire 🎯,Fire 🎯,20260516,5,1200000,43900,3371,2425,,original sound,The White House,False
7640486434054393102,whitehouse,https://www.tiktok.com/@whitehouse/video/7640486434054393102,GOD BLESS AMERICA 🇺🇸🇺🇸🇺🇸,GOD BLESS AMERICA 🇺🇸🇺🇸🇺🇸,20260516,61,1100000,23400,2249,1577,,Chopin Nocturne No. 2 Piano Mono,moshimo sound design,False
7640167329522912525,whitehouse,https://www.tiktok.com/@whitehouse/video/7640167329522912525,Iceman 🥶,Iceman 🥶,20260515,16,20000000,1700000,62600,804300,,original sound,The White House,False
7639931087254244622,whitehouse,https://www.tiktok.com/@whitehouse/video/7639931087254244622,Icy 🧊🦉,Icy 🧊🦉,20260515,11,3400000,187000,5790,12500,,original sound,🦉 drake,False
7639825506786921742,whitehouse,https://www.tiktok.com/@whitehouse/video/7639825506786921742,The Anti-Fraud task force has already caught billions in fraud. These...,The Anti-Fraud task force has already caught billions in fraud. These schemes END under the Trump Admin 🇺🇸,20260514,32,692900,8392,1538,454,,original sound,The White House,False
7639752053132168462,whitehouse,https://www.tiktok.com/@whitehouse/video/7639752053132168462,👀👀,👀👀,20260514,12,967900,42000,1590,2661,,original sound,The White House,False
7639597389963119885,whitehouse,https://www.tiktok.com/@whitehouse/video/7639597389963119885,mood. 🇺🇸🇨🇳,mood. 🇺🇸🇨🇳,20260514,28,7400000,370800,8020,49900,,original sound,The White House,False
7639478036504513805,whitehouse,https://www.tiktok.com/@whitehouse/video/7639478036504513805,scariest,scariest,20260513,8,711600,37400,1148,3487,,original sound,The White House,False
7639412088003185934,whitehouse,https://www.tiktok.com/@whitehouse/video/7639412088003185934,Legendary. 🇺🇸🇨🇳,Legendary. 🇺🇸🇨🇳,20260513,28,2900000,151900,4218,6372,,original sound,The White House,False
7639374568037092622,whitehouse,https://www.tiktok.com/@whitehouse/video/7639374568037092622,Wheels down in Beijing!,Wheels down in Beijing!,20260513,17,2000000,98800,2916,4386,,original sound,The White House,False
7639139234531642638,whitehouse,https://www.tiktok.com/@whitehouse/video/7639139234531642638,Full circle moment ,Full circle moment ,20260512,8,1400000,108800,2335,6618,,original sound,The White House,False
7639076242423074061,whitehouse,https://www.tiktok.com/@whitehouse/video/7639076242423074061,Making history 🇺🇸 tune in to our socials to follow along!,Making history 🇺🇸 tune in to our socials to follow along!,20260512,8,2300000,139900,6248,1763,,What You Saying,Lil Uzi Vert,False
7639051479894068493,whitehouse,https://www.tiktok.com/@whitehouse/video/7639051479894068493,Once in his sight there’s no going back ,Once in his sight there’s no going back ,20260512,13,924100,80600,1119,3336,,original sound,The White House,False
7638972431608122638,whitehouse,https://www.tiktok.com/@whitehouse/video/7638972431608122638,Never seen anything like it 🤯,Never seen anything like it 🤯,20260512,7,419600,19800,962,157,,original sound,The White House,False
7638753662713597198,whitehouse,https://www.tiktok.com/@whitehouse/video/7638753662713597198,hoosier daddy ,hoosier daddy ,20260511,14,1100000,86300,2459,2195,,original sound,Soundz1254,False
7638728009297480974,whitehouse,https://www.tiktok.com/@whitehouse/video/7638728009297480974,SUPPORTING MOMS & AMERICAN FAMS 🩷,SUPPORTING MOMS & AMERICAN FAMS 🩷,20260511,74,465900,19900,1024,3541,,original sound,The White House,False
7638652961312230670,whitehouse,https://www.tiktok.com/@whitehouse/video/7638652961312230670,??? The truth is out there ,??? The truth is out there ,20260511,14,12900000,820300,11700,101400,,оригинальный звук,TABOO Мистика,False
7638382056615005454,whitehouse,https://www.tiktok.com/@whitehouse/video/7638382056615005454,FIGHT NIGHT ON THE SOUTH LAWN. 🔜,FIGHT NIGHT ON THE SOUTH LAWN. 🔜,20260510,14,427600,9606,1340,293,,original sound,The White House,False
7638278273851510030,whitehouse,https://www.tiktok.com/@whitehouse/video/7638278273851510030,The most important job there is 🩷 Happy Mother’s Day,The most important job there is 🩷 Happy Mother’s Day,20260510,22,785800,77900,2199,647,,original sound,The White House,False
7637862750294658317,whitehouse,https://www.tiktok.com/@whitehouse/video/7637862750294658317,😤😤😤,😤😤😤,20260509,16,2500000,244400,5704,11300,,original sound,The White House,False
7637608896433081614,whitehouse,https://www.tiktok.com/@whitehouse/video/7637608896433081614,The entire Trump admin is praying for you patriot @Will Roberts ❤️🇺🇸,The entire Trump admin is praying for you patriot @Will Roberts ❤️🇺🇸,20260508,76,856800,67400,2441,1669,,original sound,The White House,False
7637562655791779085,whitehouse,https://www.tiktok.com/@whitehouse/video/7637562655791779085,"We need your help, President Trump! 🇺🇸⭐️","We need your help, President Trump! 🇺🇸⭐️",20260508,46,715100,27200,2694,6627,,original sound,The White House,False
7637517444604546317,whitehouse,https://www.tiktok.com/@whitehouse/video/7637517444604546317,🚨WAR.GOV/UFO  More to come. ,🚨WAR.GOV/UFO  More to come. ,20260508,34,1300000,53500,2173,7703,,original sound,The White House,False
7637315529258044686,whitehouse,https://www.tiktok.com/@whitehouse/video/7637315529258044686,POTUS thanks the hardworking men behind the Reflecting Pool project ❤️🇺🇸,POTUS thanks the hardworking men behind the Reflecting Pool project ❤️🇺🇸,20260508,13,930300,48200,2183,795,,They See Me rollin songvibezz,🎵💯🤝,False
7637216284291140878,whitehouse,https://www.tiktok.com/@whitehouse/video/7637216284291140878,This is our why. ,This is our why. ,20260507,74,582100,18500,1595,833,,original sound,The White House,False
7637174948133391630,whitehouse,https://www.tiktok.com/@whitehouse/video/7637174948133391630,🤣🤣🤣,🤣🤣🤣,20260507,57,1100000,94500,2315,4039,,original sound,The White House,False
7636895719089016078,whitehouse,https://www.tiktok.com/@whitehouse/video/7636895719089016078,The Secretary of State who can do it all ,The Secretary of State who can do it all ,20260506,16,1700000,165200,4425,16900,,original sound,The White House,False
7636845183643962637,whitehouse,https://www.tiktok.com/@whitehouse/video/7636845183643962637,FLOTUS gives standing ovation to military band as they perform to roo...,FLOTUS gives standing ovation to military band as they perform to room full of military moms ❤️,20260506,55,608200,21200,1626,278,,original sound,The White House,False
7636829445919214862,whitehouse,https://www.tiktok.com/@whitehouse/video/7636829445919214862,❤️❤️,❤️❤️,20260506,8,836200,38200,2105,350,,original sound - Shelby Streamlined,Shelby Streamlined,False
7636792254484598030,whitehouse,https://www.tiktok.com/@whitehouse/video/7636792254484598030,A must watch 🇺🇸,A must watch 🇺🇸,20260506,53,522500,10700,1232,357,,original sound,The White House,False
7636512567782853918,whitehouse,https://www.tiktok.com/@whitehouse/video/7636512567782853918,POTUS has brought back the presidential fitness test 👀,POTUS has brought back the presidential fitness test 👀,20260505,20,833200,23000,3620,529,,original sound,The White House,False
7636450600665746702,whitehouse,https://www.tiktok.com/@whitehouse/video/7636450600665746702,Adios 🪇,Adios 🪇,20260505,11,13500000,1200000,32000,721500,,original sound,The White House,False
7636395160171007263,whitehouse,https://www.tiktok.com/@whitehouse/video/7636395160171007263,The strongest military in the world 🦅,The strongest military in the world 🦅,20260505,24,2400000,300400,5736,13300,,original sound,The White House,False
7636159054749977870,whitehouse,https://www.tiktok.com/@whitehouse/video/7636159054749977870,Good will always defeat the evil empire. ✨🌌💫,Good will always defeat the evil empire. ✨🌌💫,20260504,30,883500,58500,5955,8831,,original sound,The White House,False
7636129912725802254,whitehouse,https://www.tiktok.com/@whitehouse/video/7636129912725802254,8 or 9 more years? 👀👀,8 or 9 more years? 👀👀,20260504,27,538000,22700,3493,1015,,original sound,The White House,False
7636063189796523277,whitehouse,https://www.tiktok.com/@whitehouse/video/7636063189796523277,Taking out all the criminals & illegals. This is the way. May the 4th...,Taking out all the criminals & illegals. This is the way. May the 4th be with you ,20260504,28,987000,89800,2186,32400,,original sound,The White House,False
7635714744380443935,whitehouse,https://www.tiktok.com/@whitehouse/video/7635714744380443935,The funniest president 🤣🤣,The funniest president 🤣🤣,20260503,84,2000000,210700,18400,15500,,original sound,The White House,False
7635303242989079821,whitehouse,https://www.tiktok.com/@whitehouse/video/7635303242989079821,👷‍♂️👷‍♂️👷‍♂️,👷‍♂️👷‍♂️👷‍♂️,20260502,29,1200000,84500,20900,12000,,original sound,The White House,False
7635025440293391629,whitehouse,https://www.tiktok.com/@whitehouse/video/7635025440293391629,USA-USA-USA,USA-USA-USA,20260501,51,937800,49400,12100,2928,,original sound,The White House,False
7634979630507642126,whitehouse,https://www.tiktok.com/@whitehouse/video/7634979630507642126,An iconic visit 🇺🇸🤝🇬🇧,An iconic visit 🇺🇸🤝🇬🇧,20260501,113,708500,44800,6771,1950,,original sound,The White House,False
7634668805377068301,whitehouse,https://www.tiktok.com/@whitehouse/video/7634668805377068301,casually with American heroes ,casually with American heroes ,20260430,10,732500,35200,8579,825,,original sound,The White House,False
7634592710174739726,whitehouse,https://www.tiktok.com/@whitehouse/video/7634592710174739726,"First flight in 7 years!! Thank you, President Trump 🇺🇸🇻🇪","First flight in 7 years!! Thank you, President Trump 🇺🇸🇻🇪",20260430,23,2100000,184200,5983,19800,,original sound,The White House,False
7634559661357796621,whitehouse,https://www.tiktok.com/@whitehouse/video/7634559661357796621,Can’t believe we caught this on video ,Can’t believe we caught this on video ,20260430,7,9500000,1000000,11600,266200,,original sound,The White House,False
7634275929576967437,whitehouse,https://www.tiktok.com/@whitehouse/video/7634275929576967437,Which one is more daunting?  Walking into the Oval Office or a re-ent...,Which one is more daunting?  Walking into the Oval Office or a re-entry back to planet Earth after going around the moon? 🚀🌙,20260429,32,418000,18800,2075,611,,original sound,The White House,False
7634254716532296973,whitehouse,https://www.tiktok.com/@whitehouse/video/7634254716532296973,“It takes people like this to make our country great!” 🇺🇸,“It takes people like this to make our country great!” 🇺🇸,20260429,58,359800,14100,1875,349,,original sound,The White House,False
7634237461513653517,whitehouse,https://www.tiktok.com/@whitehouse/video/7634237461513653517,Astronaut take over 🚀 behind the scenes at the WH today ,Astronaut take over 🚀 behind the scenes at the WH today ,20260429,9,404200,18400,1241,250,,Walking Around - Instrumental Version,Eldar Kedem,False
7633938715978616077,whitehouse,https://www.tiktok.com/@whitehouse/video/7633938715978616077,Happy Coronation Day! 👑,Happy Coronation Day! 👑,20260428,26,703000,66700,2510,7858,,original sound,The White House,False
7633884950009335054,whitehouse,https://www.tiktok.com/@whitehouse/video/7633884950009335054,The British are coming 🇺🇸🇬🇧,The British are coming 🇺🇸🇬🇧,20260428,29,356400,21800,1107,813,,original sound - Vocal Vibes,Vocal Vibes,False
7633834459271269646,whitehouse,https://www.tiktok.com/@whitehouse/video/7633834459271269646,A royal visit at the White House 🇺🇸🇬🇧,A royal visit at the White House 🇺🇸🇬🇧,20260428,27,254000,7837,871,177,,original sound,The White House,False
7633603491956608270,whitehouse,https://www.tiktok.com/@whitehouse/video/7633603491956608270,Life when N(ICE) is protecting our country 🇺🇸,Life when N(ICE) is protecting our country 🇺🇸,20260428,12,3200000,358200,1615,16500,,original sound,The White House,False
7633540452225993997,whitehouse,https://www.tiktok.com/@whitehouse/video/7633540452225993997,Let the historic state visit begin 🇺🇸🇬🇧,Let the historic state visit begin 🇺🇸🇬🇧,20260427,28,518100,28500,1206,471,,Royal Entrance,Cercles Nouvelles,False
7633515932538637582,whitehouse,https://www.tiktok.com/@whitehouse/video/7633515932538637582,Staged??? What a disgrace.,Staged??? What a disgrace.,20260427,15,372200,32700,1063,479,,original sound,The White House,False
7633458129702882574,whitehouse,https://www.tiktok.com/@whitehouse/video/7633458129702882574,Enough is enough. ,Enough is enough. ,20260427,8,1000000,51600,3739,4318,,original sound,The White House,False
7633226360365862157,whitehouse,https://www.tiktok.com/@whitehouse/video/7633226360365862157,A sick person. ,A sick person. ,20260427,75,688500,53800,2110,3931,,original sound,The White House,False
7633213699829878030,whitehouse,https://www.tiktok.com/@whitehouse/video/7633213699829878030,Happy birthday Melania ❤️,Happy birthday Melania ❤️,20260426,14,1200000,188200,6463,3896,,original sound,The White House,False
7633159609603083533,whitehouse,https://www.tiktok.com/@whitehouse/video/7633159609603083533,45/47 🇺🇸🇺🇸🇺🇸,45/47 🇺🇸🇺🇸🇺🇸,20260426,21,1500000,188000,6677,14400,,original sound,The White House,False
7632714351190838542,whitehouse,https://www.tiktok.com/@whitehouse/video/7632714351190838542,🕺🕺🕺,🕺🕺🕺,20260425,21,1600000,188000,3839,17000,,original sound,The White House,False
7632419361227132174,whitehouse,https://www.tiktok.com/@whitehouse/video/7632419361227132174,America’s Press Sec✨🇺🇸,America’s Press Sec✨🇺🇸,20260424,7,766400,63300,921,417,,original sound,The White House,False
7632389885676031246,whitehouse,https://www.tiktok.com/@whitehouse/video/7632389885676031246,Beez in the trap 🐝,Beez in the trap 🐝,20260424,40,379600,38100,1391,1852,,original sound,The White House,False
7632324566437612813,whitehouse,https://www.tiktok.com/@whitehouse/video/7632324566437612813,Period ,Period ,20260424,3,172800,4442,324,78,,original sound,Blazer,False
7632139326947724558,whitehouse,https://www.tiktok.com/@whitehouse/video/7632139326947724558,First round draft pick 🇺🇸🇺🇸,First round draft pick 🇺🇸🇺🇸,20260424,14,1700000,224300,4339,10600,,original sound,The White House,False
7632075538374413582,whitehouse,https://www.tiktok.com/@whitehouse/video/7632075538374413582,🚨🚨,🚨🚨,20260423,29,355300,14800,615,209,,original sound,The White House,False
7632046069156826381,whitehouse,https://www.tiktok.com/@whitehouse/video/7632046069156826381,Sierra’s 2-year-old son can now HEAR ❤️,Sierra’s 2-year-old son can now HEAR ❤️,20260423,56,396200,20500,724,448,,original sound,The White House,False
7631985339313245454,whitehouse,https://www.tiktok.com/@whitehouse/video/7631985339313245454,no longer 4/20 but it’ll do ,no longer 4/20 but it’ll do ,20260423,8,464800,32400,1096,5700,,original sound,👾👾,False
7631699236454731038,whitehouse,https://www.tiktok.com/@whitehouse/video/7631699236454731038,Criminal illegals have no place in America. ,Criminal illegals have no place in America. ,20260422,15,4300000,443900,3100,153700,,original sound,The White House,False
7631654699694886158,whitehouse,https://www.tiktok.com/@whitehouse/video/7631654699694886158,Anheuser-Busch pours millions in investments into US PRODUCTION 🇺🇸🍻,Anheuser-Busch pours millions in investments into US PRODUCTION 🇺🇸🍻,20260422,7,360600,22700,671,958,,son original,musicaddict,False
7631396534612921613,whitehouse,https://www.tiktok.com/@whitehouse/video/7631396534612921613,No panicans ,No panicans ,20260422,33,533800,51500,1234,742,,original sound,The White House,False
7631329469952789774,whitehouse,https://www.tiktok.com/@whitehouse/video/7631329469952789774,Champions 🤝 ,Champions 🤝 ,20260421,17,5300000,269900,7254,5201,,suara asli - wonniech,wonniech,False
7631298780939275533,whitehouse,https://www.tiktok.com/@whitehouse/video/7631298780939275533,If you know you know ,If you know you know ,20260421,11,357000,33200,590,1093,,Originalton,charlotte,False
7631016539201883405,whitehouse,https://www.tiktok.com/@whitehouse/video/7631016539201883405,The best flotus 🇺🇸,The best flotus 🇺🇸,20260421,49,225800,12800,486,188,,original sound,The White House,False
7631314143991188749,whitehouse,https://www.tiktok.com/@whitehouse/video/7631314143991188749,STATEMENT BY PRESIDENT DONALD J. TRUMP,STATEMENT BY PRESIDENT DONALD J. TRUMP,20260421,0,123300,5936,274,59,,original sound - The White House,,True
7630867665380297998,whitehouse,https://www.tiktok.com/@whitehouse/video/7630867665380297998,👀👀 📲 White House on the App Store ,👀👀 📲 White House on the App Store ,20260420,11,284200,14500,560,204,,Funny Song,Sounds Reel,False
7630634796355554573,whitehouse,https://www.tiktok.com/@whitehouse/video/7630634796355554573,HISTORIC🇺🇸 POTUS removes barriers to psychedelic drugs as potential t...,HISTORIC🇺🇸 POTUS removes barriers to psychedelic drugs as potential treatment for serious mental illness ,20260420,82,753200,71300,2371,6623,,original sound,The White House,False
7630503053606636813,whitehouse,https://www.tiktok.com/@whitehouse/video/7630503053606636813,Greatness. ,Greatness. ,20260419,44,268100,20400,788,801,,original sound,The White House,False
7630196954235931917,whitehouse,https://www.tiktok.com/@whitehouse/video/7630196954235931917,THIS IS OUR WHY,THIS IS OUR WHY,20260418,45,310900,13900,357,174,,original sound,The White House,False
7629797832299531551,whitehouse,https://www.tiktok.com/@whitehouse/video/7629797832299531551,FRIDAY FEELING ,FRIDAY FEELING ,20260417,6,904100,93200,1735,5315,,original sound,The White House,False
7629753914874662158,whitehouse,https://www.tiktok.com/@whitehouse/video/7629753914874662158,America is RESPECTED AGAIN 🔥🦅,America is RESPECTED AGAIN 🔥🦅,20260417,16,297500,22200,927,476,,original sound,The White House,False
7629486615580265742,whitehouse,https://www.tiktok.com/@whitehouse/video/7629486615580265742,BUILDING GENERATIONAL WEALTH 🇺🇸,BUILDING GENERATIONAL WEALTH 🇺🇸,20260416,55,313300,6721,454,934,,original sound,The White House,False
7629404442562923790,whitehouse,https://www.tiktok.com/@whitehouse/video/7629404442562923790,Everything hallelujah 🇺🇸,Everything hallelujah 🇺🇸,20260416,20,1400000,176600,3420,15300,,original sound,The White House,False
7629119683072888078,whitehouse,https://www.tiktok.com/@whitehouse/video/7629119683072888078,tax season glow up is REAL 🤑,tax season glow up is REAL 🤑,20260415,29,269100,4067,285,94,,original sound,The White House,False
7629068602318146829,whitehouse,https://www.tiktok.com/@whitehouse/video/7629068602318146829,LFG 😤,LFG 😤,20260415,18,291800,11800,860,288,,original sound,The White House,False
7628986435797880077,whitehouse,https://www.tiktok.com/@whitehouse/video/7628986435797880077,More money in YOUR pockets 🤑,More money in YOUR pockets 🤑,20260415,86,214100,4745,347,131,,original sound,The White House,False
7628758667994729741,whitehouse,https://www.tiktok.com/@whitehouse/video/7628758667994729741,FACTS 🔥,FACTS 🔥,20260414,96,337500,19800,1136,510,,original sound,The White House,False
7628711237328686349,whitehouse,https://www.tiktok.com/@whitehouse/video/7628711237328686349,He’s just like us fr 🍟,He’s just like us fr 🍟,20260414,79,356100,13000,680,478,,original sound,The White House,False
7628602205376990477,whitehouse,https://www.tiktok.com/@whitehouse/video/7628602205376990477,Largest tax refund season in HISTORY 🤑🦅,Largest tax refund season in HISTORY 🤑🦅,20260414,9,1200000,58600,2219,635,,original sound,The White House,False
7628415989809499405,whitehouse,https://www.tiktok.com/@whitehouse/video/7628415989809499405,NO TAX ON TIPS 🤑,NO TAX ON TIPS 🤑,20260414,40,299600,6692,386,446,,original sound,The White House,False
7628344384941034765,whitehouse,https://www.tiktok.com/@whitehouse/video/7628344384941034765,4M+ parents already unlocked the American Dream for their kids this t...,4M+ parents already unlocked the American Dream for their kids this tax season 🇺🇸,20260413,40,313400,8080,477,1046,,original sound,The White House,False
7628300837118364942,whitehouse,https://www.tiktok.com/@whitehouse/video/7628300837118364942,"First EVER White House delivery! 🍔🇺🇸🍟 Thanks to POTUS, Sharon is usin...","First EVER White House delivery! 🍔🇺🇸🍟 Thanks to POTUS, Sharon is using the $11,000 in tips that she made last year to support her family!",20260413,50,637300,41700,1248,2756,,original sound,The White House,False
7628254622221618446,whitehouse,https://www.tiktok.com/@whitehouse/video/7628254622221618446,Masters Champion 🏆 Congratulations Rory! 🇺🇸⛳️,Masters Champion 🏆 Congratulations Rory! 🇺🇸⛳️,20260413,10,402200,25500,1150,435,,original sound,The White House,False
7628029682641931534,whitehouse,https://www.tiktok.com/@whitehouse/video/7628029682641931534,Legends 🔥🦅,Legends 🔥🦅,20260413,31,677500,55700,1281,820,,original sound - Air.jordan,Air.jordan,False
7627600613177625870,whitehouse,https://www.tiktok.com/@whitehouse/video/7627600613177625870,President Trump is saving college sports 🔥🦅,President Trump is saving college sports 🔥🦅,20260411,80,603100,29100,746,2780,,original sound,The White House,False
7627317438979312910,whitehouse,https://www.tiktok.com/@whitehouse/video/7627317438979312910,SPLASHDOWN! Welcome Home ,SPLASHDOWN! Welcome Home ,20260411,56,676900,29800,678,871,,original sound,The White House,False
7627239851703766285,whitehouse,https://www.tiktok.com/@whitehouse/video/7627239851703766285,"Tonight, our Artemis II astronauts are set to splash down on Earth af...","Tonight, our Artemis II astronauts are set to splash down on Earth after their journey around the moon. 🇺🇸",20260410,81,674900,35800,691,995,,original sound,The White House,False
7627193228382571789,whitehouse,https://www.tiktok.com/@whitehouse/video/7627193228382571789,MORE MONEY 🤑🕺,MORE MONEY 🤑🕺,20260410,13,1900000,158900,4789,7496,,original sound,The White House,False
7627154127218298126,whitehouse,https://www.tiktok.com/@whitehouse/video/7627154127218298126,It’s Friday at the White House ,It’s Friday at the White House ,20260410,51,439100,12400,475,146,,original sound,The White House,False
7627117925589175566,whitehouse,https://www.tiktok.com/@whitehouse/video/7627117925589175566,Good morning from the Oval 👀🦅,Good morning from the Oval 👀🦅,20260410,14,1100000,64100,1847,1126,,เสียงต้นฉบับ - OH😯songs 60s 70s 80s 90s,ＯＨ😲❤️ＳＯＮＧS 70s80s90s,False
7626869675481156878,whitehouse,https://www.tiktok.com/@whitehouse/video/7626869675481156878,Should have NEVER happened. This is our why ☝️,Should have NEVER happened. This is our why ☝️,20260409,39,821200,73700,1491,5161,,original sound,The White House,False
7626742798129155342,whitehouse,https://www.tiktok.com/@whitehouse/video/7626742798129155342,Trump will only accept deals that put America FIRST.,Trump will only accept deals that put America FIRST.,20260409,116,457400,14400,755,369,,original sound,The White House,False
7626502746505547022,whitehouse,https://www.tiktok.com/@whitehouse/video/7626502746505547022,The President Trump way 🔥,The President Trump way 🔥,20260408,16,486300,25700,1411,506,,original sound,The White House,False
7626426812700052767,whitehouse,https://www.tiktok.com/@whitehouse/video/7626426812700052767,GOD BLESS AMERICA 🦅,GOD BLESS AMERICA 🦅,20260408,20,5500000,738600,3848,141400,,original sound,The White House,False
7626155255943761166,whitehouse,https://www.tiktok.com/@whitehouse/video/7626155255943761166,President Trump makes a statement on Iran: ,President Trump makes a statement on Iran: ,20260407,10,1400000,41200,1608,4540,,original sound,The White House,False
7626122357547060493,whitehouse,https://www.tiktok.com/@whitehouse/video/7626122357547060493,To infinity… and beyond 🚀🇺🇸,To infinity… and beyond 🚀🇺🇸,20260407,139,813600,68500,1597,2236,,original sound,The White House,False
7626053681502342413,whitehouse,https://www.tiktok.com/@whitehouse/video/7626053681502342413,"The United States military will go anywhere, at any time, to protect ...","The United States military will go anywhere, at any time, to protect our own and complete the mission. 🇺🇸",20260407,93,652700,44400,1254,866,,original sound,The White House,False
7626031580124859662,whitehouse,https://www.tiktok.com/@whitehouse/video/7626031580124859662,American dominance. 😤,American dominance. 😤,20260407,16,2300000,279500,3525,19500,,original sound,The White House,False
7625849258863774989,whitehouse,https://www.tiktok.com/@whitehouse/video/7625849258863774989,POTUS speaks to the astronauts on Artemis II 🇺🇸🇺🇸,POTUS speaks to the astronauts on Artemis II 🇺🇸🇺🇸,20260407,204,996100,66800,1157,1632,,original sound,The White House,False
7625766624938708237,whitehouse,https://www.tiktok.com/@whitehouse/video/7625766624938708237,2026 White House Easter Egg Roll 🤣,2026 White House Easter Egg Roll 🤣,20260406,62,996800,97100,1842,13800,,original sound,The White House,False
7625743008276794638,whitehouse,https://www.tiktok.com/@whitehouse/video/7625743008276794638,HISTORY 🚀🌕,HISTORY 🚀🌕,20260406,61,349800,10500,266,194,,original sound,The White House,False
7625700741784554765,whitehouse,https://www.tiktok.com/@whitehouse/video/7625700741784554765,"“In the United States military, we leave NO American behind” - POTUS 🇺🇸","“In the United States military, we leave NO American behind” - POTUS 🇺🇸",20260406,57,441900,26600,654,566,,original sound,The White House,False
7625684411530431757,whitehouse,https://www.tiktok.com/@whitehouse/video/7625684411530431757,TODAY. POTUS HOLDS A NEW CONFERENCE. DON’T MISS IT 🇺🇸,TODAY. POTUS HOLDS A NEW CONFERENCE. DON’T MISS IT 🇺🇸,20260406,5,698300,63400,1201,881,,original sound,The White House,False
7625651528266681613,whitehouse,https://www.tiktok.com/@whitehouse/video/7625651528266681613,2026 WH Easter Egg Roll is here 🌷,2026 WH Easter Egg Roll is here 🌷,20260406,17,346600,18700,615,287,,original sound,alexis 🐻🎬,False
7625309675856104718,whitehouse,https://www.tiktok.com/@whitehouse/video/7625309675856104718,He is risen! Happy Easter ✝️,He is risen! Happy Easter ✝️,20260405,7,939100,113800,1977,1195,,original sound,The White House,False
7625270607034223886,whitehouse,https://www.tiktok.com/@whitehouse/video/7625270607034223886,GOD BLESS OUR GREAT WARRIORS 🇺🇸,GOD BLESS OUR GREAT WARRIORS 🇺🇸,20260405,10,448200,19500,855,537,,Patriot,Antti Martikainen,False
7624974525066710303,whitehouse,https://www.tiktok.com/@whitehouse/video/7624974525066710303,📲 download today in the App Store ,📲 download today in the App Store ,20260404,17,331100,6136,374,87,,original sound,The White House,False
7624591565889080589,whitehouse,https://www.tiktok.com/@whitehouse/video/7624591565889080589,Holy Week at the White House 🙏,Holy Week at the White House 🙏,20260403,76,534800,38400,1744,2328,,original sound,The White House,False
7624273963648126222,whitehouse,https://www.tiktok.com/@whitehouse/video/7624273963648126222,ALMOST FRIDAY RAHHH ,ALMOST FRIDAY RAHHH ,20260402,12,2100000,189800,2221,27100,,original sound,The White House,False
7624187222505393422,whitehouse,https://www.tiktok.com/@whitehouse/video/7624187222505393422,Saving Americas elections 🇺🇸🇺🇸,Saving Americas elections 🇺🇸🇺🇸,20260402,93,497800,30600,1540,542,,original sound,The White House,False
7623980335478394126,whitehouse,https://www.tiktok.com/@whitehouse/video/7623980335478394126,FROM THE WH: POTUS gives an update on operation epic fury. 🇺🇸🇺🇸,FROM THE WH: POTUS gives an update on operation epic fury. 🇺🇸🇺🇸,20260402,84,659500,37000,789,757,,original sound,The White House,False
7623926921436417293,whitehouse,https://www.tiktok.com/@whitehouse/video/7623926921436417293,HISTORY IN THE MAKING 🇺🇸🚀 LFG ,HISTORY IN THE MAKING 🇺🇸🚀 LFG ,20260401,58,1900000,199900,2742,8807,,original sound,The White House,False
7623914742238776590,whitehouse,https://www.tiktok.com/@whitehouse/video/7623914742238776590,LET’S GOOO 🚀,LET’S GOOO 🚀,20260401,55,691300,41900,1138,8992,,original sound,The White House,False
7623891133407513869,whitehouse,https://www.tiktok.com/@whitehouse/video/7623891133407513869,"Day one of Operation Epic Fury: the mission was clear. Tonight, Presi...","Day one of Operation Epic Fury: the mission was clear. Tonight, President Trump addresses the nation. 🇺🇸",20260401,52,561200,34800,796,2583,,original sound,The White House,False
7623872170598354189,whitehouse,https://www.tiktok.com/@whitehouse/video/7623872170598354189,TONIGHT. TO THE MOON 🚀,TONIGHT. TO THE MOON 🚀,20260401,16,4500000,660600,3503,94800,,original sound,The White House,False
7623784890789563679,whitehouse,https://www.tiktok.com/@whitehouse/video/7623784890789563679,TODAY. AMERICA’S DESTINY 🚀🇺🇸,TODAY. AMERICA’S DESTINY 🚀🇺🇸,20260401,53,3800000,476600,6670,28400,,original sound,The White House,False
7623544958275816717,whitehouse,https://www.tiktok.com/@whitehouse/video/7623544958275816717,the best transformation 🇺🇸🇺🇸🇺🇸,the best transformation 🇺🇸🇺🇸🇺🇸,20260331,8,12600000,1400000,12300,78200,,original sound,The White House,False
7623508935659621645,whitehouse,https://www.tiktok.com/@whitehouse/video/7623508935659621645,Sheridan Gorman’s life was worth far more than 23 seconds on cable tv. ,Sheridan Gorman’s life was worth far more than 23 seconds on cable tv. ,20260331,70,542400,14000,1135,397,,original sound,The White House,False
7623429996572331278,whitehouse,https://www.tiktok.com/@whitehouse/video/7623429996572331278,announcement 👑,announcement 👑,20260331,21,724800,35600,961,1231,,original sound,YUNG.IAM,False
7623117589597768974,whitehouse,https://www.tiktok.com/@whitehouse/video/7623117589597768974,Fighting every day to stop these preventable tragedies. ❤️,Fighting every day to stop these preventable tragedies. ❤️,20260330,95,392700,9364,500,244,,original sound,The White House,False
7623041345925500173,whitehouse,https://www.tiktok.com/@whitehouse/video/7623041345925500173,FROM THE OVAL: Download the White House app today ,FROM THE OVAL: Download the White House app today ,20260330,85,4200000,337200,11500,33800,,original sound,The White House,False
7622725653682474254,whitehouse,https://www.tiktok.com/@whitehouse/video/7622725653682474254,The slow motion montage when Trump does something to make America gre...,The slow motion montage when Trump does something to make America great again ,20260329,28,719300,47500,741,1413,,original sound,The White House,False
7622431741294300430,whitehouse,https://www.tiktok.com/@whitehouse/video/7622431741294300430,APPLY ❤️ Wh.gov/internships,APPLY ❤️ Wh.gov/internships,20260328,17,782300,41200,889,865,,original sound,The White House,False
7622322919049530637,whitehouse,https://www.tiktok.com/@whitehouse/video/7622322919049530637,Trump saved the farmer ❤️,Trump saved the farmer ❤️,20260328,62,968000,76200,2237,2812,,original sound,The White House,False
7622079253055573262,whitehouse,https://www.tiktok.com/@whitehouse/video/7622079253055573262,** pulls cnn clip up ** ,** pulls cnn clip up ** ,20260327,62,756800,27800,1660,819,,original sound,The White House,False
7621984856372759821,whitehouse,https://www.tiktok.com/@whitehouse/video/7621984856372759821,Yeehaw! 🤠🚜🇺🇸,Yeehaw! 🤠🚜🇺🇸,20260327,10,1200000,117700,1260,7485,,original sound,The White House,False
7621949617353133326,whitehouse,https://www.tiktok.com/@whitehouse/video/7621949617353133326,LAUNCHED: THE WHITE HOUSE APP 🇺🇸🚀 Live streams. Real-time updates. No...,LAUNCHED: THE WHITE HOUSE APP 🇺🇸🚀 Live streams. Real-time updates. No filter. ,20260327,17,536700,10600,442,860,,original sound,The White House,False
7621911314948001037,whitehouse,https://www.tiktok.com/@whitehouse/video/7621911314948001037,TikTok video #7621911314948001037,,20260327,40,914500,25500,1361,875,,Hotline Bling,TRILLBILL,False
7621705963841588493,whitehouse,https://www.tiktok.com/@whitehouse/video/7621705963841588493,OPENING DAY VIBES 🦅🇺🇸⚾️,OPENING DAY VIBES 🦅🇺🇸⚾️,20260326,16,678200,10100,582,770,,original sound,The White House,False
7621680810961194254,whitehouse,https://www.tiktok.com/@whitehouse/video/7621680810961194254,We love ICE. 🇺🇸,We love ICE. 🇺🇸,20260326,9,9900000,827300,19100,77300,,original sound,The White House,False
7621634394029100319,whitehouse,https://www.tiktok.com/@whitehouse/video/7621634394029100319,📱🔊,📱🔊,20260326,3,593800,7889,917,2470,,original sound,The White House,False
7621608560379579679,whitehouse,https://www.tiktok.com/@whitehouse/video/7621608560379579679,Wanna get away? ✈️,Wanna get away? ✈️,20260326,34,692800,45100,1351,2524,,original sound,The White House,False
7621347669276904718,whitehouse,https://www.tiktok.com/@whitehouse/video/7621347669276904718,Strut 👑,Strut 👑,20260326,21,769100,28000,1568,1817,,original sound,The White House,False
7621258504434683149,whitehouse,https://www.tiktok.com/@whitehouse/video/7621258504434683149,"A promise made, promise kept. ❤️🇺🇸","A promise made, promise kept. ❤️🇺🇸",20260325,49,1200000,145400,3603,22400,,original sound,The White House,False
7621235332368960782,whitehouse,https://www.tiktok.com/@whitehouse/video/7621235332368960782,"Our new Secretary of Homeland Security, the great American patriot Ma...","Our new Secretary of Homeland Security, the great American patriot Markwayne Mullin. 🇺🇸",20260325,37,551400,31400,712,426,,original sound,The White House,False
7620999371991108877,whitehouse,https://www.tiktok.com/@whitehouse/video/7620999371991108877,You can always find your way back home ✈️ CBP home app ,You can always find your way back home ✈️ CBP home app ,20260325,19,2200000,195500,849,82700,,original sound,The White House,False
7620972300770364686,whitehouse,https://www.tiktok.com/@whitehouse/video/7620972300770364686,Thank you to our ICE agents 🇺🇸🇺🇸,Thank you to our ICE agents 🇺🇸🇺🇸,20260324,79,497800,24500,385,573,,original sound,The White House,False
7620916699134561550,whitehouse,https://www.tiktok.com/@whitehouse/video/7620916699134561550,Life’s what you make it✨,Life’s what you make it✨,20260324,17,2300000,266200,2066,48400,,original sound,The White House,False
7620870770562026765,whitehouse,https://www.tiktok.com/@whitehouse/video/7620870770562026765,JUST DO IT. Pass the save America act 🗳️,JUST DO IT. Pass the save America act 🗳️,20260324,34,424100,21700,493,723,,original sound,The White House,False
7620814918991875341,whitehouse,https://www.tiktok.com/@whitehouse/video/7620814918991875341,MAKE MEMPHIS SAFE AGAIN,MAKE MEMPHIS SAFE AGAIN,20260324,74,441300,26400,771,1120,,original sound,The White House,False
7620573184387042574,whitehouse,https://www.tiktok.com/@whitehouse/video/7620573184387042574,"POTUS at Graceland, home of Elvis  🎸🎶","POTUS at Graceland, home of Elvis  🎸🎶",20260323,19,557500,38600,1428,1761,,original sound,The White House,False
7620507405264227598,whitehouse,https://www.tiktok.com/@whitehouse/video/7620507405264227598,"Hi, @Chuck Schumer is the problem 👋","Hi, @Chuck Schumer is the problem 👋",20260323,17,995400,98500,2549,15900,,original sound,The White House,False
7620463460274408717,whitehouse,https://www.tiktok.com/@whitehouse/video/7620463460274408717,Preventable tragedies. Lives that should still be here… ,Preventable tragedies. Lives that should still be here… ,20260323,130,381700,23300,756,556,,original sound,The White House,False
7620193581713657102,whitehouse,https://www.tiktok.com/@whitehouse/video/7620193581713657102,COMMANDER-IN-CHIEF’S TROPHY 🇺🇸🏈,COMMANDER-IN-CHIEF’S TROPHY 🇺🇸🏈,20260322,35,390600,9373,373,70,,original sound,Seyram Parku,False
7619713824551193870,whitehouse,https://www.tiktok.com/@whitehouse/video/7619713824551193870,YEAR OF THE PATRIOT 🇺🇸🦅,YEAR OF THE PATRIOT 🇺🇸🦅,20260321,15,1200000,102600,2569,4365,,Cool Attitude (Vox),Ah2,False
7619424003484093710,whitehouse,https://www.tiktok.com/@whitehouse/video/7619424003484093710,POV: March madness at the White House ,POV: March madness at the White House ,20260320,28,854900,34300,902,661,,original sound,The White House,False
7619363890408738062,whitehouse,https://www.tiktok.com/@whitehouse/video/7619363890408738062,🇺🇸🤝🇯🇵,🇺🇸🤝🇯🇵,20260320,49,552300,18600,597,222,,original sound,The White House,False
7619088760130555149,whitehouse,https://www.tiktok.com/@whitehouse/video/7619088760130555149,Stuck in line at the airport? Thank a democrat 😵‍💫,Stuck in line at the airport? Thank a democrat 😵‍💫,20260319,9,890900,40100,1161,691,,Military Word Today,Oriental AsiaVision,False
7619032257629621518,whitehouse,https://www.tiktok.com/@whitehouse/video/7619032257629621518,LFG 🦅🏀,LFG 🦅🏀,20260319,16,900500,47300,574,1531,,original sound,The White House,False
7618991197087960334,whitehouse,https://www.tiktok.com/@whitehouse/video/7618991197087960334,🇺🇸🇯🇵,🇺🇸🇯🇵,20260319,15,5500000,247900,6767,5344,,original sound,The White House,False
7618985926189993229,whitehouse,https://www.tiktok.com/@whitehouse/video/7618985926189993229,We will finish this — and we will honor their sacrifice with decisive...,We will finish this — and we will honor their sacrifice with decisive action. 🇺🇸,20260319,53,812800,40800,845,587,,original sound,The White House,False
7618710844364393741,whitehouse,https://www.tiktok.com/@whitehouse/video/7618710844364393741,The service and sacrifice of the six American heroes will never be fo...,The service and sacrifice of the six American heroes will never be forgotten. ,20260318,253,722200,28900,1110,184,,"Hymn, Amazing Grace, Piano Solo(940127)",usokamosan,False
7618668141467536653,whitehouse,https://www.tiktok.com/@whitehouse/video/7618668141467536653,$10.5 TRILLION IN 1 YEAR 🤑,$10.5 TRILLION IN 1 YEAR 🤑,20260318,17,5000000,442300,4192,26800,,original sound,The White House,False
7618613770016853261,whitehouse,https://www.tiktok.com/@whitehouse/video/7618613770016853261,FEELIN LUCKY 🍀,FEELIN LUCKY 🍀,20260318,52,749700,36200,619,1119,,original sound,The White House,False
7618327475482873101,whitehouse,https://www.tiktok.com/@whitehouse/video/7618327475482873101,Thank a Democrat.,Thank a Democrat.,20260317,41,630600,14500,534,228,,original sound,The White House,False
7618263117906136334,whitehouse,https://www.tiktok.com/@whitehouse/video/7618263117906136334,THE AMERICAN DREAM. President Trump signs two executive orders to hel...,THE AMERICAN DREAM. President Trump signs two executive orders to help American citizens achieve the dream of homeownership. 🇺🇸,20260317,214,2700000,235200,6429,31400,,original sound,The White House,False
7618238243846294798,whitehouse,https://www.tiktok.com/@whitehouse/video/7618238243846294798,Happy Saint Patrick’s Day! 🍀,Happy Saint Patrick’s Day! 🍀,20260317,12,1900000,143600,1645,2718,,Irish Jig Diddle Leprechaun Fiddle,Viral Sound Empire,False
7618216111858912526,whitehouse,https://www.tiktok.com/@whitehouse/video/7618216111858912526,It’s not that hard. American elections should be for American citizen...,It’s not that hard. American elections should be for American citizens only. 🤗,20260317,26,3200000,360900,917,78800,,original sound,The White House,False
7617961295161085198,whitehouse,https://www.tiktok.com/@whitehouse/video/7617961295161085198,"Stopping fraud, waste & abuse in the fed gov 🔥","Stopping fraud, waste & abuse in the fed gov 🔥",20260316,38,2000000,62400,1787,791,,original sound,The White House,False
7617949589013908750,whitehouse,https://www.tiktok.com/@whitehouse/video/7617949589013908750,Call answered ,Call answered ,20260316,8,993900,73500,2189,3274,,original sound,The White House,False
7617901179938344223,whitehouse,https://www.tiktok.com/@whitehouse/video/7617901179938344223,"Prayers are with the incredible chief of staff, Susie Wiles, followin...","Prayers are with the incredible chief of staff, Susie Wiles, following her early stage breast cancer diagnosis 🩷🙏",20260316,51,569900,16400,744,204,,original sound,The White House,False
7617861181985885453,whitehouse,https://www.tiktok.com/@whitehouse/video/7617861181985885453,OBJECTIVE 3: destroy Iran’s terrorist proxies ,OBJECTIVE 3: destroy Iran’s terrorist proxies ,20260316,68,634400,24300,313,393,,original sound,The White House,False
7617485246874815757,whitehouse,https://www.tiktok.com/@whitehouse/video/7617485246874815757,America stays undefeated ,America stays undefeated ,20260315,14,3400000,353500,5027,24600,,original sound,The White House,False
7617136316555267341,whitehouse,https://www.tiktok.com/@whitehouse/video/7617136316555267341,OBJECTIVE 2: Destroy their Navy ,OBJECTIVE 2: Destroy their Navy ,20260314,35,1800000,93600,1271,1793,,original sound,The White House,False
7617118998311816461,whitehouse,https://www.tiktok.com/@whitehouse/video/7617118998311816461,Iran has no ability to defend anything we want to attack - there is n...,Iran has no ability to defend anything we want to attack - there is nothing they can do about it. 🇺🇸,20260314,60,1200000,32600,531,1626,,original sound,The White House,False
7616843740140915999,whitehouse,https://www.tiktok.com/@whitehouse/video/7616843740140915999,🤠🤠🤠,🤠🤠🤠,20260313,37,1700000,111800,3120,13200,,original sound,The White House,False
7616818690486586638,whitehouse,https://www.tiktok.com/@whitehouse/video/7616818690486586638,"So true, Mr. President 🇺🇸","So true, Mr. President 🇺🇸",20260313,97,1000000,28000,645,802,,original sound,The White House,False
7616801573401939214,whitehouse,https://www.tiktok.com/@whitehouse/video/7616801573401939214,The direct result of Democrats blocking DHS funding. 👎,The direct result of Democrats blocking DHS funding. 👎,20260313,59,871800,16400,525,230,,original sound,The White House,False
7616546690987822349,whitehouse,https://www.tiktok.com/@whitehouse/video/7616546690987822349,OBJECTIVE 1: DESTROY IRAN’S MISSILES ,OBJECTIVE 1: DESTROY IRAN’S MISSILES ,20260313,87,1500000,64600,726,1731,,original sound,The White House,False
7616495049676786957,whitehouse,https://www.tiktok.com/@whitehouse/video/7616495049676786957,HELLO KENTUCKY 🇺🇸,HELLO KENTUCKY 🇺🇸,20260312,67,1100000,31500,972,1618,,original sound,The White House,False
7616473670617140494,whitehouse,https://www.tiktok.com/@whitehouse/video/7616473670617140494,POTUS ❤️ FLOTUS,POTUS ❤️ FLOTUS,20260312,44,1200000,32900,1364,641,,original sound,The White House,False
7616401495130410254,whitehouse,https://www.tiktok.com/@whitehouse/video/7616401495130410254,UNDEFEATED. 🦅,UNDEFEATED. 🦅,20260312,48,2500000,195100,4253,188800,,original sound,The White House,False
7616389241899158797,whitehouse,https://www.tiktok.com/@whitehouse/video/7616389241899158797,America never backs down from a fight 🔥,America never backs down from a fight 🔥,20260312,55,1100000,33800,636,807,,original sound,The White House,False
7616166285625347342,whitehouse,https://www.tiktok.com/@whitehouse/video/7616166285625347342,STRIKE 💥🦅,STRIKE 💥🦅,20260312,30,8200000,740400,4490,414200,,original sound,The White House,False
7616122007083666718,whitehouse,https://www.tiktok.com/@whitehouse/video/7616122007083666718,Pursuit of peace 🔥,Pursuit of peace 🔥,20260311,22,2500000,193700,4973,23600,,original sound,The White House,False
7615792455564283150,whitehouse,https://www.tiktok.com/@whitehouse/video/7615792455564283150,Experiencing long tsa lines at the airport? Thank a democrat!,Experiencing long tsa lines at the airport? Thank a democrat!,20260311,43,1200000,26200,799,487,,original sound,The White House,False
7615677051353271566,whitehouse,https://www.tiktok.com/@whitehouse/video/7615677051353271566,Once and for all 🔥🇺🇸,Once and for all 🔥🇺🇸,20260310,28,1100000,25100,722,533,,original sound,The White House,False
7615393175284337934,whitehouse,https://www.tiktok.com/@whitehouse/video/7615393175284337934,THE PEOPLE’S PRESIDENT 🇺🇸🇺🇸,THE PEOPLE’S PRESIDENT 🇺🇸🇺🇸,20260309,24,1600000,49500,1422,3072,,original sound,The White House,False
7615390638892207374,whitehouse,https://www.tiktok.com/@whitehouse/video/7615390638892207374,President Trump is keeping his promise ,President Trump is keeping his promise ,20260309,18,2400000,147100,2206,2750,,original sound,The White House,False
7615359059885116685,whitehouse,https://www.tiktok.com/@whitehouse/video/7615359059885116685,"If you don’t know, now you know. 🇺🇸","If you don’t know, now you know. 🇺🇸",20260309,21,8000000,698400,6020,127200,,original sound,The White House,False
7615333290102230285,whitehouse,https://www.tiktok.com/@whitehouse/video/7615333290102230285,Coming in hot 🤫,Coming in hot 🤫,20260309,26,10500000,793600,13900,270700,,original sound,The White House,False
7615311745476857101,whitehouse,https://www.tiktok.com/@whitehouse/video/7615311745476857101,Can’t say he didn’t warn them. 🦅,Can’t say he didn’t warn them. 🦅,20260309,15,33900000,3800000,30400,1100000,,original sound,The White House,False
7615276975929724173,whitehouse,https://www.tiktok.com/@whitehouse/video/7615276975929724173,This regime will soon learn that NO ONE should challenge the strength...,This regime will soon learn that NO ONE should challenge the strength and might of the United States Armed Forces. ,20260309,104,5100000,530900,4893,67400,,original sound,The White House,False
7615249583907573006,whitehouse,https://www.tiktok.com/@whitehouse/video/7615249583907573006,Freedom is never free. America will never forget their service and sa...,Freedom is never free. America will never forget their service and sacrifice. 🇺🇸,20260309,49,1100000,43700,1035,684,,original sound,The White House,False
7614623576091610381,whitehouse,https://www.tiktok.com/@whitehouse/video/7614623576091610381,The best of America. May God bless these brave heroes & their familie...,The best of America. May God bless these brave heroes & their families 🇺🇸 Capt. Cody Khork Sgt. 1st Class Noah Tietjens  Sgt. 1st Class Nicole Amor Sgt. Declan Coady  Maj. Jeffrey O’Brien  Chief Warrant Officer 3 Robert Marzan,20260307,75,7400000,379000,11000,5521,,original sound,Trumpet Papi 🎺,False
7614276299154033934,whitehouse,https://www.tiktok.com/@whitehouse/video/7614276299154033934,TOUCHDOWN ⚡️,TOUCHDOWN ⚡️,20260306,36,3000000,139400,2988,37200,,original sound,The White House,False
7614249170542562573,whitehouse,https://www.tiktok.com/@whitehouse/video/7614249170542562573,HOME RUN 🔥,HOME RUN 🔥,20260306,27,4700000,304600,4011,121500,,original sound,The White House,False
7614235460600139021,whitehouse,https://www.tiktok.com/@whitehouse/video/7614235460600139021,"The United States did NOT start this conflict, but we WILL finish it. ","The United States did NOT start this conflict, but we WILL finish it. ",20260306,73,1700000,34400,805,759,,original sound,The White House,False
7614181238861073694,whitehouse,https://www.tiktok.com/@whitehouse/video/7614181238861073694,LOCKED IN ⭐️⭐️⭐️⭐️⭐️,LOCKED IN ⭐️⭐️⭐️⭐️⭐️,20260306,39,5000000,348700,4986,168500,,original sound,The White House,False
7614158595457879309,whitehouse,https://www.tiktok.com/@whitehouse/video/7614158595457879309,Game recognizes game 👑🔥,Game recognizes game 👑🔥,20260306,37,1700000,41000,648,1299,,original sound,The White House,False
7613960217994300686,whitehouse,https://www.tiktok.com/@whitehouse/video/7613960217994300686,Justice the American way ,Justice the American way ,20260306,40,4400000,297900,5688,85200,,original sound,The White House,False
7613901837674056974,whitehouse,https://www.tiktok.com/@whitehouse/video/7613901837674056974,🤔,🤔,20260305,23,3400000,169800,2565,13800,,original sound,The White House,False
7613898762511060238,whitehouse,https://www.tiktok.com/@whitehouse/video/7613898762511060238,May God bless America 🙏🇺🇸,May God bless America 🙏🇺🇸,20260305,28,3400000,193100,14800,22900,,original sound,The White House,False
7613864676010511629,whitehouse,https://www.tiktok.com/@whitehouse/video/7613864676010511629,A message to terrorists: ,A message to terrorists: ,20260305,13,14800000,1400000,9574,499000,,original sound,The White House,False
7613811589757685005,whitehouse,https://www.tiktok.com/@whitehouse/video/7613811589757685005,"“I was the hunted, now I’m the hunter”","“I was the hunted, now I’m the hunter”",20260305,26,4100000,294100,4510,25200,,original sound,The White House,False
7613776128523783437,whitehouse,https://www.tiktok.com/@whitehouse/video/7613776128523783437,💥💥,💥💥,20260305,3,2200000,69400,1610,46700,,original sound,The White House,False
7613518652544994591,whitehouse,https://www.tiktok.com/@whitehouse/video/7613518652544994591,"“Under the leadership of President Donald J. Trump, the rogue Iranian...","“Under the leadership of President Donald J. Trump, the rogue Iranian terrorist regime is being absolutely crushed.” 🇺🇸🦅",20260304,110,2400000,40800,1713,1538,,original sound,The White House,False
7613501531765116191,whitehouse,https://www.tiktok.com/@whitehouse/video/7613501531765116191,Stay frosty ,Stay frosty ,20260304,66,13200000,1300000,12900,610100,,original sound,The White House,False
7613443239797869855,whitehouse,https://www.tiktok.com/@whitehouse/video/7613443239797869855,"When this operation is complete, the world will be a safer place. 🇺🇸","When this operation is complete, the world will be a safer place. 🇺🇸",20260304,46,2400000,88100,1837,6258,,original sound,The White House,False
7613406980719283486,whitehouse,https://www.tiktok.com/@whitehouse/video/7613406980719283486,Iran can never have a nuclear weapon. Will continue until the objecti...,Iran can never have a nuclear weapon. Will continue until the objectives are achieved. 🦎,20260304,23,10500000,987600,10400,488500,,original sound,The White House,False
7613139573358562591,whitehouse,https://www.tiktok.com/@whitehouse/video/7613139573358562591,THANK YOU POTUS. ,THANK YOU POTUS. ,20260303,28,2300000,94600,2862,5976,,original sound,The White House,False
7613087826409835807,whitehouse,https://www.tiktok.com/@whitehouse/video/7613087826409835807,The mission is clear.,The mission is clear.,20260303,37,1600000,35000,1129,746,,original sound,The White House,False
7613030988603510046,whitehouse,https://www.tiktok.com/@whitehouse/video/7613030988603510046,To all American citizens in the Middle East: your safety and security...,To all American citizens in the Middle East: your safety and security is our number one priority. 🇺🇸,20260303,91,1700000,30500,597,887,,original sound,The White House,False
7612801539761130765,whitehouse,https://www.tiktok.com/@whitehouse/video/7612801539761130765,OPERATION EPIC FURY,OPERATION EPIC FURY,20260302,38,22900000,2600000,26500,444900,,original sound,The White House,False
7612761790203596045,whitehouse,https://www.tiktok.com/@whitehouse/video/7612761790203596045,American Iranians thank POTUS 🇺🇸🇺🇸,American Iranians thank POTUS 🇺🇸🇺🇸,20260302,75,2300000,112300,3066,5305,,original sound,The White House,False
7612722921164885261,whitehouse,https://www.tiktok.com/@whitehouse/video/7612722921164885261,We’re ensuring the world’s number one sponsor of terror can NEVER obt...,We’re ensuring the world’s number one sponsor of terror can NEVER obtain a nuclear weapon ,20260302,105,1400000,32800,917,851,,original sound,The White House,False
7612691799844343054,whitehouse,https://www.tiktok.com/@whitehouse/video/7612691799844343054,The mission of operation epic fury is laser focused. WATCH 🇺🇸,The mission of operation epic fury is laser focused. WATCH 🇺🇸,20260302,130,1200000,29400,747,844,,original sound,The White House,False
7612412505515674894,whitehouse,https://www.tiktok.com/@whitehouse/video/7612412505515674894,President Trump provides an update on Operation Epic Fury:,President Trump provides an update on Operation Epic Fury:,20260301,356,3700000,264500,6189,12700,,original sound,The White House,False
7612041383788039437,whitehouse,https://www.tiktok.com/@whitehouse/video/7612041383788039437,"Khamenei, one of the most evil people in history, is dead. ","Khamenei, one of the most evil people in history, is dead. ",20260228,10,2700000,88300,3511,6071,,original sound,The White House,False
7611972412711636237,whitehouse,https://www.tiktok.com/@whitehouse/video/7611972412711636237,“We ask God to protect all of our heroes in harms way.” 🇺🇸,“We ask God to protect all of our heroes in harms way.” 🇺🇸,20260228,111,3200000,261300,6122,7929,,original sound,The White House,False
7611823047267339533,whitehouse,https://www.tiktok.com/@whitehouse/video/7611823047267339533,President Donald J. Trump on the U.S. military combat operations in I...,President Donald J. Trump on the U.S. military combat operations in Iran. May God Bless the United States of America.,20260228,482,3500000,220900,8253,37000,,original sound,The White House,False
7611700666100223245,whitehouse,https://www.tiktok.com/@whitehouse/video/7611700666100223245,Texas understood the assignment 🇺🇸🍔,Texas understood the assignment 🇺🇸🍔,20260228,49,1600000,98800,3171,8264,,original sound,The White House,False
7611669976772037901,whitehouse,https://www.tiktok.com/@whitehouse/video/7611669976772037901,"📍 Corpus Christi, Texas ","📍 Corpus Christi, Texas ",20260227,11,1800000,61200,1123,2963,,original sound,The White House,False
7611627757008882958,whitehouse,https://www.tiktok.com/@whitehouse/video/7611627757008882958,In our healing era 📲 TRUMPRX.GOV,In our healing era 📲 TRUMPRX.GOV,20260227,27,1100000,22500,853,1681,,original sound,The White House,False
7611577384516603150,whitehouse,https://www.tiktok.com/@whitehouse/video/7611577384516603150,America loves Punch the monkey ❤️🇺🇸,America loves Punch the monkey ❤️🇺🇸,20260227,23,1400000,54200,1476,5102,,original sound,softcat,False
7611230445598035214,whitehouse,https://www.tiktok.com/@whitehouse/video/7611230445598035214,A true American Hero ❤️🇺🇸,A true American Hero ❤️🇺🇸,20260226,13,1500000,114800,2692,2436,,HOLY FOREVER (Instrumental),"Glorify, CHILLØUT",False
7610986343606390029,whitehouse,https://www.tiktok.com/@whitehouse/video/7610986343606390029,Here illegally? You can always find your way back home! 📲 CBP Home App ,Here illegally? You can always find your way back home! 📲 CBP Home App ,20260226,20,9800000,779700,7537,542200,,original sound,The White House,False
7610911041077153038,whitehouse,https://www.tiktok.com/@whitehouse/video/7610911041077153038,Our First Lady ❤️ ,Our First Lady ❤️ ,20260225,20,830300,25600,795,202,,original sound,The White House,False
7610882055873907981,whitehouse,https://www.tiktok.com/@whitehouse/video/7610882055873907981,Music to our ears... the American Dream is BACK 🇺🇸,Music to our ears... the American Dream is BACK 🇺🇸,20260225,33,1700000,93900,3402,2937,,original sound,The White House,False
7610649249163808014,whitehouse,https://www.tiktok.com/@whitehouse/video/7610649249163808014,GOD BLESS STAFF SGT. WOLFE ❤️,GOD BLESS STAFF SGT. WOLFE ❤️,20260225,160,608000,19400,542,292,,original sound,The White House,False
7610642941823995150,whitehouse,https://www.tiktok.com/@whitehouse/video/7610642941823995150,Democrats put Americans LAST.,Democrats put Americans LAST.,20260225,71,1900000,231100,8081,17900,,original sound,The White House,False
7610636331890281742,whitehouse,https://www.tiktok.com/@whitehouse/video/7610636331890281742,Pass the STOP Insider Trading Act! ,Pass the STOP Insider Trading Act! ,20260225,42,628000,33400,663,1941,,original sound,The White House,False
7610630593671417102,whitehouse,https://www.tiktok.com/@whitehouse/video/7610630593671417102,THE STATE OF OUR NATION IS STRONG 🔥,THE STATE OF OUR NATION IS STRONG 🔥,20260225,121,473000,23700,706,256,,original sound,The White House,False
7610609692741487885,whitehouse,https://www.tiktok.com/@whitehouse/video/7610609692741487885,Tune in!,Tune in!,20260225,30,426600,7335,242,698,,Rock 'n' Roll (Part 2),Gary Glitter,False
7610579258880118029,whitehouse,https://www.tiktok.com/@whitehouse/video/7610579258880118029,Tune in tonight for the State of the Union 🔥,Tune in tonight for the State of the Union 🔥,20260224,37,507800,34300,1237,946,,original sound,The White House,False
7610547444492799245,whitehouse,https://www.tiktok.com/@whitehouse/video/7610547444492799245,AMERICAN DOMINANCE. 🥇🇺🇸🦅,AMERICAN DOMINANCE. 🥇🇺🇸🦅,20260224,34,558700,41800,1289,1812,,original sound,The White House,False
7610443187412290830,whitehouse,https://www.tiktok.com/@whitehouse/video/7610443187412290830,WINNING IS BACK. AMERICA IS BACK. AND WE’RE JUST GETTING STARTED. THE...,WINNING IS BACK. AMERICA IS BACK. AND WE’RE JUST GETTING STARTED. THE GOLDEN AGE IS HERE. 🦅 Tune in to the State of the Union tonight at 9pm! ,20260224,32,430900,21000,477,1058,,original sound,The White House,False
7610164992339430670,whitehouse,https://www.tiktok.com/@whitehouse/video/7610164992339430670,"“Sleep well, America, because we’re keeping America safe.” 🔥","“Sleep well, America, because we’re keeping America safe.” 🔥",20260223,65,570600,28300,1075,674,,original sound,The White House,False
7610128420537748750,whitehouse,https://www.tiktok.com/@whitehouse/video/7610128420537748750,"“No matter what the fake media says about you, the American people lo...","“No matter what the fake media says about you, the American people love you”",20260223,70,334300,7658,290,161,,original sound,The White House,False
7610101809264233742,whitehouse,https://www.tiktok.com/@whitehouse/video/7610101809264233742,In loving memory of all those lost to illegal alien crime. ❤️,In loving memory of all those lost to illegal alien crime. ❤️,20260223,52,375600,22700,795,448,,Atomized Language,yasuhiro soda,False
7610097928413220110,whitehouse,https://www.tiktok.com/@whitehouse/video/7610097928413220110,❤️,❤️,20260223,38,326300,12200,394,173,,original sound,The White House,False
7609887543449881869,whitehouse,https://www.tiktok.com/@whitehouse/video/7609887543449881869,PATRIOTS 🦅,PATRIOTS 🦅,20260223,54,1800000,229600,1920,19900,,original sound,The White House,False
7609740037386702093,whitehouse,https://www.tiktok.com/@whitehouse/video/7609740037386702093,Silver does NOT shine just as bright 🥇🦅,Silver does NOT shine just as bright 🥇🦅,20260222,45,12800000,1900000,14100,193600,,original sound,The White House,False
7609459950426918157,whitehouse,https://www.tiktok.com/@whitehouse/video/7609459950426918157,Press Sec’s MAGA Minute 🦅,Press Sec’s MAGA Minute 🦅,20260221,164,769900,50200,1561,1242,,original sound,The White House,False
7609357816977050894,whitehouse,https://www.tiktok.com/@whitehouse/video/7609357816977050894,"Thanks to POTUS, law & order is BACK ","Thanks to POTUS, law & order is BACK ",20260221,51,372300,11300,427,136,,original sound,The White House,False
7609107196470775053,whitehouse,https://www.tiktok.com/@whitehouse/video/7609107196470775053,"CANT. STOP. WINNING 🦅🇺🇸 See you Sunday, Canada  #olympics #teamusa ","CANT. STOP. WINNING 🦅🇺🇸 See you Sunday, Canada  #olympics #teamusa ",20260221,52,1800000,146600,2907,9526,,original sound,The White House,False
7609065563041565966,whitehouse,https://www.tiktok.com/@whitehouse/video/7609065563041565966,Putting the American worker first 🇺🇸,Putting the American worker first 🇺🇸,20260220,43,360600,17000,519,240,,original sound,The White House,False
7609026805105790222,whitehouse,https://www.tiktok.com/@whitehouse/video/7609026805105790222,Effective immediately. 🇺🇸,Effective immediately. 🇺🇸,20260220,96,538100,42200,2090,1575,,original sound,The White House,False
7608762442461564173,whitehouse,https://www.tiktok.com/@whitehouse/video/7608762442461564173,Phone home 👽🇺🇸,Phone home 👽🇺🇸,20260220,12,1100000,48700,2158,14000,,original sound,Paso Picture Show,False
7608687891098750221,whitehouse,https://www.tiktok.com/@whitehouse/video/7608687891098750221,The People’s President! ,The People’s President! ,20260219,22,742800,78900,1698,2504,,original sound,The White House,False
7608625195460447502,whitehouse,https://www.tiktok.com/@whitehouse/video/7608625195460447502,Built for this moment 🦅🔥🇺🇸 LETS GO USA ,Built for this moment 🦅🔥🇺🇸 LETS GO USA ,20260219,17,571100,75000,736,2803,,original sound,Jerry Fanpage!,False
7608400851270454542,whitehouse,https://www.tiktok.com/@whitehouse/video/7608400851270454542,You’ll see how much you appreciate the USA 🔥☄️,You’ll see how much you appreciate the USA 🔥☄️,20260219,29,3700000,607600,3978,56800,,original sound,The White House,False
7608334707461295374,whitehouse,https://www.tiktok.com/@whitehouse/video/7608334707461295374,Did someone say four more? 👀,Did someone say four more? 👀,20260218,12,805300,55700,2570,2080,,original sound,The White House,False
7608294530831387918,whitehouse,https://www.tiktok.com/@whitehouse/video/7608294530831387918,Perhaps the worst question to have ever been asked. 🤡🤡  FAKE NEWS!,Perhaps the worst question to have ever been asked. 🤡🤡  FAKE NEWS!,20260218,44,1100000,107900,1653,1761,,Funny Song,Sounds Reel,False
7608240375274163469,whitehouse,https://www.tiktok.com/@whitehouse/video/7608240375274163469,Happy Wednesday to all except those who hate and destroy everything t...,Happy Wednesday to all except those who hate and destroy everything that America stands for ,20260218,20,419500,30300,828,1091,,original sound,🇺🇸TK_125🇺🇸,False
7607892078386875661,whitehouse,https://www.tiktok.com/@whitehouse/video/7607892078386875661,Exhaustinggg work,Exhaustinggg work,20260217,8,447500,33100,816,3159,,original sound,The White House,False
7607845004953783565,whitehouse,https://www.tiktok.com/@whitehouse/video/7607845004953783565,There is no downside of a secure border. This is our why. ,There is no downside of a secure border. This is our why. ,20260217,51,222700,7549,262,132,,original sound,The White House,False
7607504556402019597,whitehouse,https://www.tiktok.com/@whitehouse/video/7607504556402019597,say less ,say less ,20260216,15,5400000,491300,5478,41000,,original sound,hi,False
7607290294672837902,whitehouse,https://www.tiktok.com/@whitehouse/video/7607290294672837902,The sound of FREEDOM 🦅 @nascar ,The sound of FREEDOM 🦅 @nascar ,20260216,8,981100,49500,939,736,,original sound,The White House,False
7607105382946835725,whitehouse,https://www.tiktok.com/@whitehouse/video/7607105382946835725,8/10 Americans support deporting criminal illegal aliens. It’s time t...,8/10 Americans support deporting criminal illegal aliens. It’s time to make America SAFE again ,20260215,43,403000,23800,1281,332,,original sound,The White House,False
7606795332751510797,whitehouse,https://www.tiktok.com/@whitehouse/video/7606795332751510797,LET’S GO USA 🦅🦅🦅,LET’S GO USA 🦅🦅🦅,20260214,40,1600000,205600,1348,10100,,original sound,The White House,False
7606764876568022285,whitehouse,https://www.tiktok.com/@whitehouse/video/7606764876568022285,💘💘💘,💘💘💘,20260214,23,598100,49300,1216,1359,,original sound,The White House,False
7606524126735453454,whitehouse,https://www.tiktok.com/@whitehouse/video/7606524126735453454,Auto start-stop is officially dead. ,Auto start-stop is officially dead. ,20260214,20,7800000,569200,7433,113400,,Quiet Music,Stacey Barelos,False
7606464288873663774,whitehouse,https://www.tiktok.com/@whitehouse/video/7606464288873663774,We love our military families ❤️,We love our military families ❤️,20260213,29,3800000,94300,4352,1691,,original sound,The White House,False
7606457737878277407,whitehouse,https://www.tiktok.com/@whitehouse/video/7606457737878277407,We ❤️ our troops ,We ❤️ our troops ,20260213,72,373200,18900,1126,713,,original sound,The White House,False
7606107518107962638,whitehouse,https://www.tiktok.com/@whitehouse/video/7606107518107962638,That Charlie Puth national anthem almost Friday feeling  @NFL 🇺🇸,That Charlie Puth national anthem almost Friday feeling  @NFL 🇺🇸,20260212,43,725700,62100,1612,834,,original sound,The White House,False
7606072209991322910,whitehouse,https://www.tiktok.com/@whitehouse/video/7606072209991322910,Why are Dems so opposed to making Voter ID a requirement across the c...,Why are Dems so opposed to making Voter ID a requirement across the country?? Pass the SAVE America Act. ,20260212,9,681900,55100,1324,1662,,original sound,The White House,False
7605741247877172493,whitehouse,https://www.tiktok.com/@whitehouse/video/7605741247877172493,Fact checking the Fake News once again… WATCH ⬆️,Fact checking the Fake News once again… WATCH ⬆️,20260211,89,523200,25800,1552,1030,,original sound,The White House,False
7605734083435449614,whitehouse,https://www.tiktok.com/@whitehouse/video/7605734083435449614,Secure US elections!,Secure US elections!,20260211,33,686900,51700,1276,1028,,original sound,𖡎,False
7605631374334233886,whitehouse,https://www.tiktok.com/@whitehouse/video/7605631374334233886,🤑🤑🤑,🤑🤑🤑,20260211,15,409700,19600,764,472,,original sound,The White House,False
7605444400117812494,whitehouse,https://www.tiktok.com/@whitehouse/video/7605444400117812494,Spread a little hope & love ,Spread a little hope & love ,20260211,24,490700,33800,1481,404,,original sound,The White House,False
7605372615431113998,whitehouse,https://www.tiktok.com/@whitehouse/video/7605372615431113998,Lethality 🔥🦅,Lethality 🔥🦅,20260210,31,23400000,2500000,24700,636000,,original sound,The White House,False
7605329828107128077,whitehouse,https://www.tiktok.com/@whitehouse/video/7605329828107128077,This is our why. Stand with ICE. ,This is our why. Stand with ICE. ,20260210,38,1600000,163100,3160,6293,,original sound,The White House,False
7604991360235523341,whitehouse,https://www.tiktok.com/@whitehouse/video/7604991360235523341,Victory 👑 at the border!,Victory 👑 at the border!,20260209,22,5100000,528600,9407,147600,,original sound,The White House,False
7604893059876179213,whitehouse,https://www.tiktok.com/@whitehouse/video/7604893059876179213,FLOTUS meets with Freed American - Israeli Hostage Keith Siegel ,FLOTUS meets with Freed American - Israeli Hostage Keith Siegel ,20260209,77,515500,12200,609,167,,original sound,The White House,False
7604634513079078157,whitehouse,https://www.tiktok.com/@whitehouse/video/7604634513079078157,😏 😏😏,😏 😏😏,20260208,24,1600000,138200,3263,6313,,original sound,The White House,False
7604531619118042381,whitehouse,https://www.tiktok.com/@whitehouse/video/7604531619118042381,WARNING: President Trump is putting America FIRST ,WARNING: President Trump is putting America FIRST ,20260208,42,550400,26100,1442,549,,original sound,The White House,False
7604133696714706189,whitehouse,https://www.tiktok.com/@whitehouse/video/7604133696714706189,Iykyk 🤭,Iykyk 🤭,20260207,38,622800,24500,1406,532,,original sound,The White House,False
7603815629858098446,whitehouse,https://www.tiktok.com/@whitehouse/video/7603815629858098446,RAHHH AMERICA LFG 🦅,RAHHH AMERICA LFG 🦅,20260206,17,957900,71200,1107,2834,,original sound,The White House,False
7603794228082167054,whitehouse,https://www.tiktok.com/@whitehouse/video/7603794228082167054,HUGE WIN: Americans can now receive the LOWEST drug prices anywhere i...,HUGE WIN: Americans can now receive the LOWEST drug prices anywhere in the world 📲 TrumpRx.Gov ,20260206,66,609700,21900,1168,768,,original sound,The White House,False
7603751649315671309,whitehouse,https://www.tiktok.com/@whitehouse/video/7603751649315671309,"To be a great nation, you have to have faith, you have to have God. 🙏","To be a great nation, you have to have faith, you have to have God. 🙏",20260206,26,568700,24900,1181,940,,original sound,The White House,False
7603520188507540749,whitehouse,https://www.tiktok.com/@whitehouse/video/7603520188507540749,THIS IS OUR WHY. ,THIS IS OUR WHY. ,20260205,38,2000000,245400,5126,15300,,original sound,The White House,False
7603488846331841805,whitehouse,https://www.tiktok.com/@whitehouse/video/7603488846331841805,dems + illegal criminals = ❤️❤️❤️,dems + illegal criminals = ❤️❤️❤️,20260205,22,2300000,203400,4359,18100,,original sound,The White House,False
7603442693703863566,whitehouse,https://www.tiktok.com/@whitehouse/video/7603442693703863566,Don’t sleep ,Don’t sleep ,20260205,17,5600000,670300,4751,69700,,Die for it,kylee w🏁,False
7603214853691460877,whitehouse,https://www.tiktok.com/@whitehouse/video/7603214853691460877,STEPHEN MILLER CORE 🔥,STEPHEN MILLER CORE 🔥,20260205,60,643200,41200,1169,794,,original sound,The White House,False
7603090533333880078,whitehouse,https://www.tiktok.com/@whitehouse/video/7603090533333880078,BEST RUN EVER 🏆,BEST RUN EVER 🏆,20260204,25,552900,17000,944,1848,,original sound,The White House,False
7602775536066153741,whitehouse,https://www.tiktok.com/@whitehouse/video/7602775536066153741,Where was the outrage and pins for them? THIS IS OUR WHY. ,Where was the outrage and pins for them? THIS IS OUR WHY. ,20260203,40,1200000,123000,1797,2158,,original sound,The White House,False
7602696263494159629,whitehouse,https://www.tiktok.com/@whitehouse/video/7602696263494159629,A secure border? F@$K YA BROTHER 🦅,A secure border? F@$K YA BROTHER 🦅,20260203,12,5300000,522400,5945,69300,,original sound,The White House,False
7602296802288602423,whitehouse,https://www.tiktok.com/@whitehouse/video/7602296802288602423,📸 Pause on your favorite pose ,📸 Pause on your favorite pose ,20260202,10,1900000,162700,3436,3210,,оригинальный звук,hoorin,False
7601593088183766302,whitehouse,https://www.tiktok.com/@whitehouse/video/7601593088183766302,What a PRIVILEGE to live in the greatest country. 🇺🇸,What a PRIVILEGE to live in the greatest country. 🇺🇸,20260131,24,1200000,63300,2046,1306,,original sound,The White House,False
7601271462376344846,whitehouse,https://www.tiktok.com/@whitehouse/video/7601271462376344846,This is who we fight for. ❤️ 🎥 DHS,This is who we fight for. ❤️ 🎥 DHS,20260130,45,1600000,134200,2512,3734,,original sound,The White House,False
7601185498220006670,whitehouse,https://www.tiktok.com/@whitehouse/video/7601185498220006670,TRUMPACCOUNTS.GOV 🤑,TRUMPACCOUNTS.GOV 🤑,20260130,9,1500000,55200,1041,1320,,i got hella money,kell yeah!,False
7600935329570262303,whitehouse,https://www.tiktok.com/@whitehouse/video/7600935329570262303,Every year the United States loses an estimated 300k people to drug a...,Every year the United States loses an estimated 300k people to drug and alcohol abuse. President Trump is working to combat the surge ❤️,20260129,35,1100000,32200,1613,1113,,original sound,The White House,False
7600895323103350029,whitehouse,https://www.tiktok.com/@whitehouse/video/7600895323103350029,Where were they? ,Where were they? ,20260129,41,1200000,86200,1656,3791,,original sound,The White House,False
7600829263234731295,whitehouse,https://www.tiktok.com/@whitehouse/video/7600829263234731295,Nothing comes close to America. ,Nothing comes close to America. ,20260129,45,1700000,170700,4430,6919,,original sound,The White House,False
7600564272590097678,whitehouse,https://www.tiktok.com/@whitehouse/video/7600564272590097678,"Together, we will MAKE AMERICA GREAT AGAIN 🦅 LET’S GOOO ","Together, we will MAKE AMERICA GREAT AGAIN 🦅 LET’S GOOO ",20260128,71,808400,21600,986,461,,original sound,The White House,False
7600510893012569357,whitehouse,https://www.tiktok.com/@whitehouse/video/7600510893012569357,Our WHY.  Lizbeth Medina Anya Varfolomeev  Nikolay Osokin Dacara Thom...,Our WHY.  Lizbeth Medina Anya Varfolomeev  Nikolay Osokin Dacara Thompson Nate Baker Laken Riley Fletcher Harris  Skylar Provenza Ivory Smith Alex Wise Jr Katie Abraham Jocelyn Nungaray Jennifer Ann Morton,20260128,56,3200000,421300,1660,22500,,original sound,The White House,False
7600455423791041806,whitehouse,https://www.tiktok.com/@whitehouse/video/7600455423791041806,A true patriot 💅,A true patriot 💅,20260128,62,2300000,135000,3750,16700,,original sound,The White House,False
7600185652604439839,whitehouse,https://www.tiktok.com/@whitehouse/video/7600185652604439839,IOWA LOVES POTUS 🙏🇺🇸,IOWA LOVES POTUS 🙏🇺🇸,20260127,74,1100000,65800,2506,3648,,original sound,The White House,False
7600113052616281375,whitehouse,https://www.tiktok.com/@whitehouse/video/7600113052616281375,FEELIN ICY ❄️ ps. The deportations of criminal illegals will continue. ,FEELIN ICY ❄️ ps. The deportations of criminal illegals will continue. ,20260127,15,8000000,947500,4384,235800,,original sound,The White House,False
7600058725281369374,whitehouse,https://www.tiktok.com/@whitehouse/video/7600058725281369374,Press Sec SLAMS the media on coverage over the tragic deaths of innoc...,Press Sec SLAMS the media on coverage over the tragic deaths of innocent American women who were tragically killed by criminal illegal aliens. POTUS does not want ANY American to lose their lives in the streets of our country. ,20260127,36,758300,17300,551,383,,original sound,The White House,False
7599752902139333919,whitehouse,https://www.tiktok.com/@whitehouse/video/7599752902139333919,MUST WATCH: President Trump calls for the chaos to end TODAY. ,MUST WATCH: President Trump calls for the chaos to end TODAY. ,20260126,97,935500,28400,1365,727,,original sound,The White House,False
7599476816474066207,whitehouse,https://www.tiktok.com/@whitehouse/video/7599476816474066207,Dangerous anti-ICE rhetoric from Mayor Frey & Gov Walz hasn’t protect...,Dangerous anti-ICE rhetoric from Mayor Frey & Gov Walz hasn’t protected anyone - only fueled chaos and cost American lives. ,20260126,74,872900,34700,1506,1070,,original sound,The White House,False
7598993060076227895,whitehouse,https://www.tiktok.com/@whitehouse/video/7598993060076227895,ICE is arresting criminal illegals - the WORST of the WORST. Period. ,ICE is arresting criminal illegals - the WORST of the WORST. Period. ,20260124,130,762300,18600,1084,914,,original sound,The White House,False
7598783230824746254,whitehouse,https://www.tiktok.com/@whitehouse/video/7598783230824746254,ONE YEAR OF MAGA… Kind of a big deal ,ONE YEAR OF MAGA… Kind of a big deal ,20260124,39,2300000,181100,2629,19500,,original sound,The White House,False
7598697966760742157,whitehouse,https://www.tiktok.com/@whitehouse/video/7598697966760742157,Embrace the penguin. ,Embrace the penguin. ,20260123,33,2500000,165500,4423,46500,,original sound,ArchaeoZone,False
7598638677320846605,whitehouse,https://www.tiktok.com/@whitehouse/video/7598638677320846605,All we needed was a new President! 😤🔥,All we needed was a new President! 😤🔥,20260123,14,2700000,212000,3271,11000,,original sound,The White House,False
7598598694157454622,whitehouse,https://www.tiktok.com/@whitehouse/video/7598598694157454622,American strength on the world stage in Davos 🇺🇸,American strength on the world stage in Davos 🇺🇸,20260123,42,781700,17000,766,209,,original sound,The White House,False
7598396185019288887,whitehouse,https://www.tiktok.com/@whitehouse/video/7598396185019288887,LOUDER FOR THE PEOPLE IN THE BACK 🗣️,LOUDER FOR THE PEOPLE IN THE BACK 🗣️,20260123,27,3600000,314700,2924,49400,,original sound,The White House,False
7598252771506277687,whitehouse,https://www.tiktok.com/@whitehouse/video/7598252771506277687,Deportations will continue. No mercy. ,Deportations will continue. No mercy. ,20260122,60,1700000,69900,1883,4893,,DON`T STOP - Slowed++,GLXXMSTRIDER,False
7598192357858692365,whitehouse,https://www.tiktok.com/@whitehouse/video/7598192357858692365,Every liberal who has ever chanted “Free Palestine” should watch this. ,Every liberal who has ever chanted “Free Palestine” should watch this. ,20260122,18,2300000,41600,1178,1050,,original sound,The White House,False
7597959576314498317,whitehouse,https://www.tiktok.com/@whitehouse/video/7597959576314498317,STILL NOT TIRED OF WINNING 😤,STILL NOT TIRED OF WINNING 😤,20260121,19,1100000,64100,2516,1808,,original sound,The White House,False
7597903577721425165,whitehouse,https://www.tiktok.com/@whitehouse/video/7597903577721425165,One year with FLOTUS. ✨,One year with FLOTUS. ✨,20260121,31,809000,41500,1391,548,,original sound,The White House,False
7597865580946918669,whitehouse,https://www.tiktok.com/@whitehouse/video/7597865580946918669,In case you missed it! President Donald J. Trump’s address and interv...,"In case you missed it! President Donald J. Trump’s address and interview at the World Economic Forum in Davos, Switzerland. 🇺🇸",20260121,134,701100,24200,1047,815,,original sound,The White House,False
7597810888611073335,whitehouse,https://www.tiktok.com/@whitehouse/video/7597810888611073335,POTUS arrives ahead of his speech to the World Economic Forum ,POTUS arrives ahead of his speech to the World Economic Forum ,20260121,13,3400000,181000,4911,12800,,original sound,Daily Mail,False
7597572307321736462,whitehouse,https://www.tiktok.com/@whitehouse/video/7597572307321736462,"365 days later, President Donald J. Trump is delivering, patriotism i...","365 days later, President Donald J. Trump is delivering, patriotism is rising, America is BACK, and the story is just getting started. 🇺🇸",20260120,220,1900000,216800,10400,22400,,original sound,The White House,False
7597533343659478285,whitehouse,https://www.tiktok.com/@whitehouse/video/7597533343659478285,THOUSANDS of criminal illegals arrested in Minnesota. For the AMERICA...,THOUSANDS of criminal illegals arrested in Minnesota. For the AMERICAN PEOPLE. 🇺🇸,20260120,103,707000,26100,605,1118,,original sound,The White House,False
7597486693071080734,whitehouse,https://www.tiktok.com/@whitehouse/video/7597486693071080734,Our favorite POTUS moments - and it’s only year ONE 🤣🔥,Our favorite POTUS moments - and it’s only year ONE 🤣🔥,20260120,81,879400,65500,1238,4549,,original sound,The White House,False
7597451296957844750,whitehouse,https://www.tiktok.com/@whitehouse/video/7597451296957844750,365 days of the GOLDEN AGE 🇺🇸🦅,365 days of the GOLDEN AGE 🇺🇸🦅,20260120,56,917900,83600,2868,4758,,original sound,The White House,False
7597170291743231245,whitehouse,https://www.tiktok.com/@whitehouse/video/7597170291743231245,IT’S GAME DAY 🏈  LET’S GOOO 🏆,IT’S GAME DAY 🏈  LET’S GOOO 🏆,20260119,38,906800,72400,1024,2800,,original sound,The White House,False
7597107880822689038,whitehouse,https://www.tiktok.com/@whitehouse/video/7597107880822689038,Everybody wants the view but no one wants the climb. ,Everybody wants the view but no one wants the climb. ,20260119,30,807300,54400,1311,2394,,original sound,The White House,False
7596839594461531447,whitehouse,https://www.tiktok.com/@whitehouse/video/7596839594461531447,Leveling up in year 2 🔥🦅,Leveling up in year 2 🔥🦅,20260118,19,1000000,66900,1770,1565,,original sound,The White House,False
7596517659584253239,whitehouse,https://www.tiktok.com/@whitehouse/video/7596517659584253239,PRESIDENT DONALD J. TRUMP BOULEVARD 🏁,PRESIDENT DONALD J. TRUMP BOULEVARD 🏁,20260118,32,856800,25600,1419,475,,original sound,LyricLog,False
7596371598811188535,whitehouse,https://www.tiktok.com/@whitehouse/video/7596371598811188535,👀,👀,20260117,13,1300000,62800,1718,8307,,,,False
7596040995821620510,whitehouse,https://www.tiktok.com/@whitehouse/video/7596040995821620510,"FLOTUS inspires America’s children to be curious, use Ai to achieve t...","FLOTUS inspires America’s children to be curious, use Ai to achieve their ambitions during the Zoom ahead AI event ❤️",20260116,312,1300000,47500,3034,2838,,original sound,The White House,False
7595792060653800718,whitehouse,https://www.tiktok.com/@whitehouse/video/7595792060653800718,Champs pulled up to 1600 Penn 🔥,Champs pulled up to 1600 Penn 🔥,20260116,54,1100000,16800,657,183,,original sound,The White House,False
7595726900379651359,whitehouse,https://www.tiktok.com/@whitehouse/video/7595726900379651359,CHAMPION X CHAMPIONS! 🇺🇸🏒,CHAMPION X CHAMPIONS! 🇺🇸🏒,20260115,27,1400000,29100,1162,1034,,original sound,The White House,False
7595677899881975095,whitehouse,https://www.tiktok.com/@whitehouse/video/7595677899881975095,Go off 🔥,Go off 🔥,20260115,76,3400000,371100,12400,18800,,original sound,The White House,False
7595646774065384717,whitehouse,https://www.tiktok.com/@whitehouse/video/7595646774065384717,The year that changed EVERYTHING. 🇺🇸✨,The year that changed EVERYTHING. 🇺🇸✨,20260115,28,1800000,158100,2467,6735,,original sound,The White House,False
7595626998244986167,whitehouse,https://www.tiktok.com/@whitehouse/video/7595626998244986167,THE GREAT HEALTHCARE PLAN 🇺🇸,THE GREAT HEALTHCARE PLAN 🇺🇸,20260115,317,7500000,791500,20700,91700,,original sound,The White House,False
7595409719989177614,whitehouse,https://www.tiktok.com/@whitehouse/video/7595409719989177614,The hardworking American citizen is being put FIRST 🇺🇸,The hardworking American citizen is being put FIRST 🇺🇸,20260115,43,1100000,27400,940,506,,original sound,The White House,False
7595328009708621111,whitehouse,https://www.tiktok.com/@whitehouse/video/7595328009708621111,Making whole milk great again! 🇺🇸🥛,Making whole milk great again! 🇺🇸🥛,20260114,50,1200000,27700,978,479,,original sound,The White House,False
7595265190132763959,whitehouse,https://www.tiktok.com/@whitehouse/video/7595265190132763959,AMERICAN ENERGY 🇺🇸⚡️,AMERICAN ENERGY 🇺🇸⚡️,20260114,35,24000000,2300000,46900,865900,,original sound,The White House,False
7594979039224401165,whitehouse,https://www.tiktok.com/@whitehouse/video/7594979039224401165,Say the Word on the Beat Challenge IMPOSSIBLE! 🇺🇸 Cheat sheet:  Cap a...,Say the Word on the Beat Challenge IMPOSSIBLE! 🇺🇸 Cheat sheet:  Cap and hat Boat and coat  Fought and hot  Gold and old,20260113,33,1700000,61100,1902,5866,,original sound,The White House,False
7594914820378463501,whitehouse,https://www.tiktok.com/@whitehouse/video/7594914820378463501,The people’s President! ,The people’s President! ,20260113,24,1700000,54400,2167,2407,,original sound,The White House,False
7594568203964140814,whitehouse,https://www.tiktok.com/@whitehouse/video/7594568203964140814,WE LOVE AMERICA 🕺🧊,WE LOVE AMERICA 🕺🧊,20260112,22,3900000,316100,5613,30200,,original sound,The White House,False
7594555677708750135,whitehouse,https://www.tiktok.com/@whitehouse/video/7594555677708750135,President Trump is bringing the American dream back! 🇺🇸 Press sec: ,President Trump is bringing the American dream back! 🇺🇸 Press sec: ,20260112,36,1200000,24500,1026,1825,,original sound,The White House,False
7594312003330542861,whitehouse,https://www.tiktok.com/@whitehouse/video/7594312003330542861,The celebration for 250 YEARS OF AMERICA begins NOW 🇺🇸,The celebration for 250 YEARS OF AMERICA begins NOW 🇺🇸,20260112,18,1300000,36300,1064,703,,original sound,The White House,False
7594121064146406670,whitehouse,https://www.tiktok.com/@whitehouse/video/7594121064146406670,Border is LOCKED 🔒,Border is LOCKED 🔒,20260111,23,23600000,2900000,12600,478200,,original sound,The White House,False
7593838195532434719,whitehouse,https://www.tiktok.com/@whitehouse/video/7593838195532434719,All in a week’s work 😤 … and we are just getting STARTED ,All in a week’s work 😤 … and we are just getting STARTED ,20260110,14,3500000,275100,2837,22800,,original sound,user11183909019,False
7593539983714094349,whitehouse,https://www.tiktok.com/@whitehouse/video/7593539983714094349,"No surprise, the media pushed shameless propaganda instead of the fac...","No surprise, the media pushed shameless propaganda instead of the facts. Watch for yourself: ",20260110,40,4800000,551400,7899,57100,,original sound,The White House,False
7593488230641585463,whitehouse,https://www.tiktok.com/@whitehouse/video/7593488230641585463,The far left’s dangerous rhetoric on ICE. STAND WITH ICE 🧊,The far left’s dangerous rhetoric on ICE. STAND WITH ICE 🧊,20260109,32,2000000,135600,2696,3059,,original sound,The White House,False
7593401261928484151,whitehouse,https://www.tiktok.com/@whitehouse/video/7593401261928484151,The GREATEST OF ALL TIME 🐐,The GREATEST OF ALL TIME 🐐,20260109,20,4300000,475700,4859,55700,,original sound,The White House,False
7593074167298215182,whitehouse,https://www.tiktok.com/@whitehouse/video/7593074167298215182,Vice President JD Vance claps back at the fake news 🔥,Vice President JD Vance claps back at the fake news 🔥,20260108,133,3100000,331800,3137,21900,,original sound,The White House,False
7593044862589488398,whitehouse,https://www.tiktok.com/@whitehouse/video/7593044862589488398,Out with the junk. In with REAL food. ,Out with the junk. In with REAL food. ,20260108,26,2900000,272200,2555,39900,,original sound,The White House,False
7593000755536219447,whitehouse,https://www.tiktok.com/@whitehouse/video/7593000755536219447,EAT REAL FOOD. 🍇🥦,EAT REAL FOOD. 🍇🥦,20260108,87,1600000,70300,1821,3637,,original sound,The White House,False
7592735688815103246,whitehouse,https://www.tiktok.com/@whitehouse/video/7592735688815103246,"""The situation is being studied, in its entirety, but the reason thes...","""The situation is being studied, in its entirety, but the reason these incidents are happening is because the Radical Left is threatening, assaulting, and targeting our Law Enforcement Officers and ICE Agents on a daily basis. They are just trying to do the job of MAKING AMERICA SAFE. We need to stand by and protect our Law Enforcement Officers from this Radical Left Movement of Violence and Hate!"" - PRESIDENT DONALD J. TRUMP",20260107,37,2200000,74300,1677,6160,,original sound,The White House,False
7592371562431483191,whitehouse,https://www.tiktok.com/@whitehouse/video/7592371562431483191,“I take responsibility” - Nancy Patricia Pelosi ,“I take responsibility” - Nancy Patricia Pelosi ,20260106,24,7300000,720100,6117,59100,,original sound,The White House,False
7592334153111162126,whitehouse,https://www.tiktok.com/@whitehouse/video/7592334153111162126,KEEP MEN OUT OF WOMEN’S SPORTS 🏋️‍♀️,KEEP MEN OUT OF WOMEN’S SPORTS 🏋️‍♀️,20260106,47,3000000,221100,1184,34900,,original sound,The White House,False
7592061782533967118,whitehouse,https://www.tiktok.com/@whitehouse/video/7592061782533967118,Justice is being served. ,Justice is being served. ,20260106,85,1900000,65900,1935,1651,,original sound,The White House,False
7591998660292971806,whitehouse,https://www.tiktok.com/@whitehouse/video/7591998660292971806,LFG!! 🦅,LFG!! 🦅,20260105,23,4600000,406700,3721,48700,,original sound,The White House,False
7591579218442472759,whitehouse,https://www.tiktok.com/@whitehouse/video/7591579218442472759,"A great day for Americans, Venezuelans and democracy 🇺🇸","A great day for Americans, Venezuelans and democracy 🇺🇸",20260104,51,4600000,340300,3490,20000,,original sound,The White House,False
7591331492471655735,whitehouse,https://www.tiktok.com/@whitehouse/video/7591331492471655735,Nicolas Maduro had his chance - until he didn’t. ,Nicolas Maduro had his chance - until he didn’t. ,20260104,61,18400000,1900000,18600,162600,,original sound,The White House,False
7591235697151855886,whitehouse,https://www.tiktok.com/@whitehouse/video/7591235697151855886,FAFO. ,FAFO. ,20260103,17,82100000,8600000,51600,1700000,,original sound,The White House,False
7591189940440976653,whitehouse,https://www.tiktok.com/@whitehouse/video/7591189940440976653,The illegitimate dictator Maduro was the kingpin of a vast criminal n...,The illegitimate dictator Maduro was the kingpin of a vast criminal network responsible for trafficking colossal amounts of deadly and illicit drugs into the U.S. ,20260103,111,4000000,124100,1168,3603,,original sound,The White House,False
7591174951818792247,whitehouse,https://www.tiktok.com/@whitehouse/video/7591174951818792247,God Bless the United States Military 🇺🇸,God Bless the United States Military 🇺🇸,20260103,80,7100000,567700,6659,50400,,,,False
7591144062476979469,whitehouse,https://www.tiktok.com/@whitehouse/video/7591144062476979469,Thank you for your attention to this matter ,Thank you for your attention to this matter ,20260103,15,3500000,135500,2664,4140,,original sound,The White House,False
7590806352230960398,whitehouse,https://www.tiktok.com/@whitehouse/video/7590806352230960398,2026 MOOD ,2026 MOOD ,20260102,16,11800000,1100000,11800,180300,,original sound,The White House,False
7590542785355304205,whitehouse,https://www.tiktok.com/@whitehouse/video/7590542785355304205,RUN IT BACK ,RUN IT BACK ,20260101,102,2500000,59200,1322,3121,,original sound,The White House,False
7590420730307677453,whitehouse,https://www.tiktok.com/@whitehouse/video/7590420730307677453,HAPPY NEW YEAR PATRIOTS ,HAPPY NEW YEAR PATRIOTS ,20260101,18,3900000,189000,3659,2711,,original sound,fendissins,False
7590094149332864286,whitehouse,https://www.tiktok.com/@whitehouse/video/7590094149332864286,THE YEAR AMERICA LEVELED UP 🔥 LFG ,THE YEAR AMERICA LEVELED UP 🔥 LFG ,20251231,40,2300000,117400,3636,4332,,original sound,The White House,False
7589803216116714765,whitehouse,https://www.tiktok.com/@whitehouse/video/7589803216116714765,And we are JUST. GETTING. STARTED 😤,And we are JUST. GETTING. STARTED 😤,20251230,37,4300000,268500,7161,48500,,original sound,The White House,False
7589735972003171639,whitehouse,https://www.tiktok.com/@whitehouse/video/7589735972003171639,crafting the GOLDEN AGE 🔥,crafting the GOLDEN AGE 🔥,20251230,16,15000000,1700000,20100,426900,,original sound,The White House,False
7589663943942081805,whitehouse,https://www.tiktok.com/@whitehouse/video/7589663943942081805,More of this in 2026 pls 🙏,More of this in 2026 pls 🙏,20251230,55,2900000,265800,3544,20500,,original sound,The White House,False
7589356018061102367,whitehouse,https://www.tiktok.com/@whitehouse/video/7589356018061102367,“Every hostage that’s been released was released because of me and my...,“Every hostage that’s been released was released because of me and my team…” - POTUS ,20251229,50,1400000,21800,1326,785,,original sound,The White House,False
7589110684554775821,whitehouse,https://www.tiktok.com/@whitehouse/video/7589110684554775821,You don’t rush someone who knows exactly what they’re doing 😤 A 2025 ...,You don’t rush someone who knows exactly what they’re doing 😤 A 2025 of results. ,20251229,16,6100000,505900,9641,47600,,original sound,The White House,False
7589041777391258935,whitehouse,https://www.tiktok.com/@whitehouse/video/7589041777391258935,President Trump welcomes President Zelenskyy to Mar-a-Lago 🇺🇸🇺🇦,President Trump welcomes President Zelenskyy to Mar-a-Lago 🇺🇸🇺🇦,20251228,14,1300000,32700,1304,426,,The Champion,Lux-Inspira,False
7588628461980339470,whitehouse,https://www.tiktok.com/@whitehouse/video/7588628461980339470,"After 11 months, our country is STRONG again. America is BACK 🔥","After 11 months, our country is STRONG again. America is BACK 🔥",20251227,55,1800000,115800,5008,2817,,original sound,The White House,False
7588384715766271263,whitehouse,https://www.tiktok.com/@whitehouse/video/7588384715766271263,THE YEAR OF INVESTMENTS - OVER 9.6 Trillion into the U.S. 🇺🇸,THE YEAR OF INVESTMENTS - OVER 9.6 Trillion into the U.S. 🇺🇸,20251227,17,6800000,390500,5373,30700,,original sound,The White House,False
7587901755229310221,whitehouse,https://www.tiktok.com/@whitehouse/video/7587901755229310221,MERRY CHRISTMAS PATRIOTS 🎄,MERRY CHRISTMAS PATRIOTS 🎄,20251225,18,2300000,146800,2806,4438,,original sound,The White House,False
7587517586745625870,whitehouse,https://www.tiktok.com/@whitehouse/video/7587517586745625870,Merry Christmas & MAGA! 🎄,Merry Christmas & MAGA! 🎄,20251224,25,2900000,194700,4857,37400,,original sound,The White House,False
7587425414256119054,whitehouse,https://www.tiktok.com/@whitehouse/video/7587425414256119054,Legends - THE TRUMP KENNEDY CENTER HONORS 🔥,Legends - THE TRUMP KENNEDY CENTER HONORS 🔥,20251224,38,1600000,45000,1904,1332,,sonido original,blogindira,False
7587091583858724110,whitehouse,https://www.tiktok.com/@whitehouse/video/7587091583858724110,CHRISTMAS EVE EVE ,CHRISTMAS EVE EVE ,20251223,22,3000000,250800,6682,7152,,original sound,The White House,False
7587051948285644087,whitehouse,https://www.tiktok.com/@whitehouse/video/7587051948285644087,The Navy’s new BATTLESHIP 🇺🇸,The Navy’s new BATTLESHIP 🇺🇸,20251223,39,2600000,182300,3678,3685,,original sound,The White House,False
7586867914670624013,whitehouse,https://www.tiktok.com/@whitehouse/video/7586867914670624013,WHITE HOUSE x TRIPLE H x BRYSON DECHAMBEAU 🔥,WHITE HOUSE x TRIPLE H x BRYSON DECHAMBEAU 🔥,20251223,61,1500000,32300,1081,711,,original sound,The White House,False
7586732774799756599,whitehouse,https://www.tiktok.com/@whitehouse/video/7586732774799756599,A++ on a SECURE BORDER 🤓 ,A++ on a SECURE BORDER 🤓 ,20251222,5,1700000,62400,2066,3607,,original sound,Chief Green Screens,False
7586696920702225678,whitehouse,https://www.tiktok.com/@whitehouse/video/7586696920702225678,Legends. Heroes 🏒🇺🇸,Legends. Heroes 🏒🇺🇸,20251222,51,1400000,50000,749,1853,,original sound,The White House,False
7586427701343325454,whitehouse,https://www.tiktok.com/@whitehouse/video/7586427701343325454,U.S. TROOPS RECEIVE PRESIDENT TRUMP’S WARRIOR DIVIDENDS 🙌🇺🇸 MERRY CHR...,U.S. TROOPS RECEIVE PRESIDENT TRUMP’S WARRIOR DIVIDENDS 🙌🇺🇸 MERRY CHRISTMAS! ,20251221,49,1800000,82100,1965,2183,,original sound,The White House,False
7586390426559532343,whitehouse,https://www.tiktok.com/@whitehouse/video/7586390426559532343,NICKI 🇺🇸 MINAJ ,NICKI 🇺🇸 MINAJ ,20251221,113,2100000,127100,6583,17000,,original sound,The White House,False
7586356492907859214,whitehouse,https://www.tiktok.com/@whitehouse/video/7586356492907859214,The best decision you will make  ➡️  Whitehouse.gov/internships/apply ,The best decision you will make  ➡️  Whitehouse.gov/internships/apply ,20251221,14,1600000,68400,1486,2423,,original sound,The White House,False
7586010777153309966,whitehouse,https://www.tiktok.com/@whitehouse/video/7586010777153309966,President Trump is delivering low prescription drug prices for Americ...,President Trump is delivering low prescription drug prices for American patients 🇺🇸,20251220,49,1400000,22200,1162,419,,original sound,The White House,False
7585615818940026126,whitehouse,https://www.tiktok.com/@whitehouse/video/7585615818940026126,Many are saying 🔥,Many are saying 🔥,20251219,19,3000000,175600,6239,21600,,original sound,The White House,False
7585397450882682167,whitehouse,https://www.tiktok.com/@whitehouse/video/7585397450882682167,POTUS is bringing the economy BACK from ruin 🇺🇸 The best is yet to come ,POTUS is bringing the economy BACK from ruin 🇺🇸 The best is yet to come ,20251219,120,1700000,64700,2792,1292,,original sound,The White House,False
7585314909450145038,whitehouse,https://www.tiktok.com/@whitehouse/video/7585314909450145038,Recognizing legitimate medical uses and expanding medical marijuana a...,Recognizing legitimate medical uses and expanding medical marijuana and cannabidiol research to better support patients and doctors. 🇺🇸,20251218,27,1700000,48500,1120,5493,,original sound,The White House,False
7585240130051443982,whitehouse,https://www.tiktok.com/@whitehouse/video/7585240130051443982,Featuring this year’s favorite ornament! Merry Christmas!🎄 @Chuck Sch...,Featuring this year’s favorite ornament! Merry Christmas!🎄 @Chuck Schumer @Leader Jeffries ,20251218,13,2100000,78600,2892,15100,,original sound,The White House,False
7585203475475123470,whitehouse,https://www.tiktok.com/@whitehouse/video/7585203475475123470,Democrats calendar booked for 2026 already too 😌,Democrats calendar booked for 2026 already too 😌,20251218,40,4700000,464800,9122,122700,,original sound,The White House,False
7585034998265253133,whitehouse,https://www.tiktok.com/@whitehouse/video/7585034998265253133,POTUS announces WARRIOR DIVIDENDS 🇺🇸🔥,POTUS announces WARRIOR DIVIDENDS 🇺🇸🔥,20251218,55,2300000,124200,3142,15300,,original sound,The White House,False
7584926858605579533,whitehouse,https://www.tiktok.com/@whitehouse/video/7584926858605579533,American heroes 🇺🇸❤️,American heroes 🇺🇸❤️,20251217,58,3700000,143300,4633,3095,,original sound,The White House,False
7584915288039247159,whitehouse,https://www.tiktok.com/@whitehouse/video/7584915288039247159,BORDER SECURITY IS NATIONAL SECURITY ,BORDER SECURITY IS NATIONAL SECURITY ,20251217,31,1500000,34500,1454,797,,original sound,The White House,False
7584606961157541134,whitehouse,https://www.tiktok.com/@whitehouse/video/7584606961157541134,Jingle all the way 🎶,Jingle all the way 🎶,20251216,34,8400000,597400,20300,272600,,original sound,The White House,False
7584549526795586830,whitehouse,https://www.tiktok.com/@whitehouse/video/7584549526795586830,POTUS to address the nation tomorrow night 🔥,POTUS to address the nation tomorrow night 🔥,20251216,11,1800000,18800,968,430,,Epic Patriotic Hero,Mosquito,False
7584530763320708365,whitehouse,https://www.tiktok.com/@whitehouse/video/7584530763320708365,And that’s a VERY Merry Christmas to you 😌,And that’s a VERY Merry Christmas to you 😌,20251216,17,1700000,65600,2460,3289,,dźwięk oryginalny,Mil P,False
7584215761091185933,whitehouse,https://www.tiktok.com/@whitehouse/video/7584215761091185933,AMERICA’S GAME WITH AMERICA’S PRESIDENT 🇺🇸,AMERICA’S GAME WITH AMERICA’S PRESIDENT 🇺🇸,20251215,26,1600000,19700,1190,233,,original sound,The White House,False
7584195557510417677,whitehouse,https://www.tiktok.com/@whitehouse/video/7584195557510417677,Making America SAFE again! 🇺🇸,Making America SAFE again! 🇺🇸,20251215,35,1500000,35200,1308,1591,,original sound,The White House,False
7584160061417721101,whitehouse,https://www.tiktok.com/@whitehouse/video/7584160061417721101,Goat. 🇺🇸,Goat. 🇺🇸,20251215,21,5400000,501700,7577,61900,,original sound,The White House,False
7583790877160639799,whitehouse,https://www.tiktok.com/@whitehouse/video/7583790877160639799,“I pay my deepest regards and respects from the United States of Amer...,“I pay my deepest regards and respects from the United States of America.” 🙏,20251214,132,2000000,27200,1372,453,,original sound,The White House,False
7583394618134367543,whitehouse,https://www.tiktok.com/@whitehouse/video/7583394618134367543,MERRY CHRISTMAS ,MERRY CHRISTMAS ,20251213,21,3600000,195500,5645,4830,,original sound,The White House,False
7583056805417209101,whitehouse,https://www.tiktok.com/@whitehouse/video/7583056805417209101,Step inside the White House this Christmas 🎄,Step inside the White House this Christmas 🎄,20251212,29,3200000,52500,2521,1030,,Have Yourself A Little Merry Christmas by makiatto,𝕞𝕒𝕜𝕚_𝕒𝕥𝕥𝕠 🦋,False
7583000015539326263,whitehouse,https://www.tiktok.com/@whitehouse/video/7583000015539326263,Press Sec: BIGGER PAYCHECKS AND LOWER PRICES 💸,Press Sec: BIGGER PAYCHECKS AND LOWER PRICES 💸,20251212,13,2900000,24000,1418,430,,original sound,The White House,False
7582719202763574559,whitehouse,https://www.tiktok.com/@whitehouse/video/7582719202763574559,Daily reminder: THE DEPORTATIONS WILL CONTINUE ,Daily reminder: THE DEPORTATIONS WILL CONTINUE ,20251211,8,14300000,1100000,18300,354700,,original sound,The White House,False
7582633621937278263,whitehouse,https://www.tiktok.com/@whitehouse/video/7582633621937278263,Make America WEALTHY Again 🤑,Make America WEALTHY Again 🤑,20251211,56,4100000,62900,3417,1442,,original sound,The White House,False
7582312611555888439,whitehouse,https://www.tiktok.com/@whitehouse/video/7582312611555888439,All aboard the Deportation Express! Next stop: Back to where you came...,All aboard the Deportation Express! Next stop: Back to where you came from ✨,20251210,19,38400000,2800000,62000,2100000,,original sound,The White House,False
7582044692196461837,whitehouse,https://www.tiktok.com/@whitehouse/video/7582044692196461837,AMERICA IS RESPECTED AGAIN AND WE ARE BACK,AMERICA IS RESPECTED AGAIN AND WE ARE BACK,20251210,49,4400000,61200,3620,1323,,original sound,The White House,False
7581965275554172215,whitehouse,https://www.tiktok.com/@whitehouse/video/7581965275554172215,Christmas came early for America’s Farmers 🇺🇸,Christmas came early for America’s Farmers 🇺🇸,20251209,42,5100000,299400,4711,12200,,original sound,The White House,False
7581931799983492365,whitehouse,https://www.tiktok.com/@whitehouse/video/7581931799983492365,Then vs now. 😤,Then vs now. 😤,20251209,23,8600000,671800,6756,73900,,original sound,The White House,False
7581683711352114463,whitehouse,https://www.tiktok.com/@whitehouse/video/7581683711352114463,We heard it’s cuffing szn… ,We heard it’s cuffing szn… ,20251209,27,18500000,1700000,34400,761800,,original sound,The White House,False
7581525643918183693,whitehouse,https://www.tiktok.com/@whitehouse/video/7581525643918183693,The best to ever do it ❤️‍🔥,The best to ever do it ❤️‍🔥,20251208,7,4100000,173000,3493,3623,,som original - Hera,Hera,False
7581312697094966583,whitehouse,https://www.tiktok.com/@whitehouse/video/7581312697094966583,3M!! LFG!!! 🇺🇸,3M!! LFG!!! 🇺🇸,20251208,16,6800000,534200,7677,20200,,original sound,The White House,False
7581221297187818807,whitehouse,https://www.tiktok.com/@whitehouse/video/7581221297187818807,Motion detected at your front door 😏,Motion detected at your front door 😏,20251207,13,3100000,58300,2140,7054,,original sound,The White House,False
7581134079261822222,whitehouse,https://www.tiktok.com/@whitehouse/video/7581134079261822222,First fall of snow at the White House ❄️,First fall of snow at the White House ❄️,20251207,29,3100000,75400,1775,1137,,Polar Express,❄️🎄- Toby -🎄❄️,False
7580776194916814093,whitehouse,https://www.tiktok.com/@whitehouse/video/7580776194916814093,COMING SOON: FIFA WORLD CUP 2026 ⚽️🏆,COMING SOON: FIFA WORLD CUP 2026 ⚽️🏆,20251206,45,3200000,22200,1100,342,,original sound,The White House,False
7580477408675892493,whitehouse,https://www.tiktok.com/@whitehouse/video/7580477408675892493,"PSA: If you’re a criminal illegal, you WILL be arrested & deported. ✨","PSA: If you’re a criminal illegal, you WILL be arrested & deported. ✨",20251205,15,25600000,2400000,41100,829500,,original sound,The White House,False
7580462485824605454,whitehouse,https://www.tiktok.com/@whitehouse/video/7580462485824605454,🕺🕺🕺,🕺🕺🕺,20251205,14,6200000,247300,3091,25900,,original sound,The White House,False
7580436651634150711,whitehouse,https://www.tiktok.com/@whitehouse/video/7580436651634150711,2026 FIFA WORLD CUP DRAW 🇺🇸 USA! USA! ,2026 FIFA WORLD CUP DRAW 🇺🇸 USA! USA! ,20251205,32,3700000,105800,1348,2307,,original sound,The White House,False
7580418531859189005,whitehouse,https://www.tiktok.com/@whitehouse/video/7580418531859189005,THE PEACE PRESIDENT ,THE PEACE PRESIDENT ,20251205,70,2600000,65000,1766,1169,,original sound,The White House,False
7580374666515090743,whitehouse,https://www.tiktok.com/@whitehouse/video/7580374666515090743,Good morning from the White House ❄️,Good morning from the White House ❄️,20251205,39,2500000,54900,1264,616,,original sound - Bing Crosby,Bing Crosby,False
7580131784214531341,whitehouse,https://www.tiktok.com/@whitehouse/video/7580131784214531341,They spread fake news. We listened (unfortunately) ALL year. ,They spread fake news. We listened (unfortunately) ALL year. ,20251204,31,2600000,50700,1530,4864,,original sound,The White House,False
7579739547697696013,whitehouse,https://www.tiktok.com/@whitehouse/video/7579739547697696013,Our peak flow state.,Our peak flow state.,20251203,13,3400000,146500,4552,25600,,original sound,The White House,False
7579484808204651831,whitehouse,https://www.tiktok.com/@whitehouse/video/7579484808204651831,TRUMP ACCOUNTS ARE HERE 🇺🇸,TRUMP ACCOUNTS ARE HERE 🇺🇸,20251203,67,2800000,44900,1663,1520,,original sound,The White House,False
7579058745532026167,whitehouse,https://www.tiktok.com/@whitehouse/video/7579058745532026167,President Trump’s mass deportation operation CONTINUES 🔥,President Trump’s mass deportation operation CONTINUES 🔥,20251202,61,2800000,27100,1345,547,,original sound,The White House,False
7578983510929689870,whitehouse,https://www.tiktok.com/@whitehouse/video/7578983510929689870,Have you ever tried this one? Bye-bye 🥰,Have you ever tried this one? Bye-bye 🥰,20251201,14,8500000,649600,11500,237900,,original sound,The White House,False
7578929737628749069,whitehouse,https://www.tiktok.com/@whitehouse/video/7578929737628749069,FLOTUS thanks the volunteers who decorated the White House this Chris...,FLOTUS thanks the volunteers who decorated the White House this Christmas season 🎄,20251201,57,2900000,69400,2544,1006,,original sound,The White House,False
7578912650185297165,whitehouse,https://www.tiktok.com/@whitehouse/video/7578912650185297165,America’s Christmas at the White House: Home is where the heart is ❤️,America’s Christmas at the White House: Home is where the heart is ❤️,20251201,64,2200000,61200,3132,2841,,original sound,The White House,False
7578161839834533133,whitehouse,https://www.tiktok.com/@whitehouse/video/7578161839834533133,"After 4 years in the Upside Down, President Trump has brought us back...","After 4 years in the Upside Down, President Trump has brought us back to reality 🔥",20251129,37,3900000,128200,7093,46600,,original sound,The White House,False
7577533612485102903,whitehouse,https://www.tiktok.com/@whitehouse/video/7577533612485102903,"HAPPY THANKSGIVING, PATRIOTS ","HAPPY THANKSGIVING, PATRIOTS ",20251127,22,7500000,422900,6653,74000,,original sound,The White House,False
7577230630686051598,whitehouse,https://www.tiktok.com/@whitehouse/video/7577230630686051598,A message from President Trump on the horrific attack on the National...,A message from President Trump on the horrific attack on the National Guard ,20251127,299,5700000,236300,7896,13900,,original sound,The White House,False
7577111577648811277,whitehouse,https://www.tiktok.com/@whitehouse/video/7577111577648811277,THAT IS ONE FREE BIRD 🦃,THAT IS ONE FREE BIRD 🦃,20251126,10,3700000,35600,1253,802,,original sound,yoJBro,False
7576833419171188023,whitehouse,https://www.tiktok.com/@whitehouse/video/7576833419171188023,The two luckiest turkeys saved from the Thanksgiving table 🦃,The two luckiest turkeys saved from the Thanksgiving table 🦃,20251126,61,4500000,88000,2894,3615,,original sound,The White House,False
7576761717175242039,whitehouse,https://www.tiktok.com/@whitehouse/video/7576761717175242039,The funniest presidential turkey pardon 🤣,The funniest presidential turkey pardon 🤣,20251125,47,4200000,125100,2480,24000,,original sound,The White House,False
7576701252181036302,whitehouse,https://www.tiktok.com/@whitehouse/video/7576701252181036302,PRESIDENTIAL TURKEY PARDON - 12 PM EST. Don’t miss it! ,PRESIDENTIAL TURKEY PARDON - 12 PM EST. Don’t miss it! ,20251125,20,3500000,35900,1107,1981,,original sound,The White House,False
7576455812206365966,whitehouse,https://www.tiktok.com/@whitehouse/video/7576455812206365966,The American people are now deciding if GOBBLE or WADDLE will partici...,The American people are now deciding if GOBBLE or WADDLE will participate in the ceremonial pardoning tomorrow 🦃 which will it be 👀,20251125,31,3500000,31200,1150,4236,,original sound,The White House,False
7576384564432538894,whitehouse,https://www.tiktok.com/@whitehouse/video/7576384564432538894,IT’S TIME 🎶🎄,IT’S TIME 🎶🎄,20251124,23,3900000,96000,2617,2156,,original sound,The White House,False
7576347486453763342,whitehouse,https://www.tiktok.com/@whitehouse/video/7576347486453763342,Can do this all day ,Can do this all day ,20251124,16,5000000,249800,7657,34000,,original sound,JS Graphics,False
7576302524047674637,whitehouse,https://www.tiktok.com/@whitehouse/video/7576302524047674637,THROWBACK to some of the most legendary presidential turkeys in histo...,THROWBACK to some of the most legendary presidential turkeys in history before the big moment this year 🦃,20251124,43,3500000,49200,2141,1781,,original sound,The White House,False
7576103971337571597,whitehouse,https://www.tiktok.com/@whitehouse/video/7576103971337571597,Allow us to reintroduce President Donald J. Trump 🐐 ,Allow us to reintroduce President Donald J. Trump 🐐 ,20251124,11,4500000,150700,3894,10900,,original sound,The White House,False
7575948616704036109,whitehouse,https://www.tiktok.com/@whitehouse/video/7575948616704036109,POWERHOUSE WEEK - Press Sec’s MAGA Min 🔥,POWERHOUSE WEEK - Press Sec’s MAGA Min 🔥,20251123,106,4200000,63500,2687,1666,,original sound,The White House,False
7575331412077808951,whitehouse,https://www.tiktok.com/@whitehouse/video/7575331412077808951,"When the country needs a makeover, President Trump simply has to take...","When the country needs a makeover, President Trump simply has to take over",20251121,23,4900000,103800,5754,6829,,original sound,The White House,False
7575292490991897869,whitehouse,https://www.tiktok.com/@whitehouse/video/7575292490991897869,‘We have one thing in common: we want this city of ours that we love ...,‘We have one thing in common: we want this city of ours that we love to do very well.’ 🇺🇸,20251121,76,4500000,25000,1685,687,,original sound,The White House,False
7574856905005321486,whitehouse,https://www.tiktok.com/@whitehouse/video/7574856905005321486,Behind the scenes 👑,Behind the scenes 👑,20251120,23,3900000,60000,2226,889,,original sound,EpicOrchestra,False
7574626364427390222,whitehouse,https://www.tiktok.com/@whitehouse/video/7574626364427390222,🇺🇸🇸🇦,🇺🇸🇸🇦,20251120,112,4400000,195700,4011,6827,,original sound,The White House,False
7574579215924776205,whitehouse,https://www.tiktok.com/@whitehouse/video/7574579215924776205,EDUCATION DEPT. CLOSED 🔥,EDUCATION DEPT. CLOSED 🔥,20251119,37,2700000,94900,1909,5086,,original sound,The White House,False
7574548544669961527,whitehouse,https://www.tiktok.com/@whitehouse/video/7574548544669961527,FLOTUS & SLOTUS visit military children at school ❤️,FLOTUS & SLOTUS visit military children at school ❤️,20251119,22,2300000,77000,1333,1453,,original sound,The White House,False
7574442363175652621,whitehouse,https://www.tiktok.com/@whitehouse/video/7574442363175652621,TWO GOATS. CR7 x 45/47 🔥,TWO GOATS. CR7 x 45/47 🔥,20251119,13,22500000,2400000,27600,223800,,crl7 goat siuu,¿?,False
7574246822114299150,whitehouse,https://www.tiktok.com/@whitehouse/video/7574246822114299150,BREAKING: POTUS Announces Saudi Arabia as a Major Non-NATO Ally ,BREAKING: POTUS Announces Saudi Arabia as a Major Non-NATO Ally ,20251119,37,1800000,20100,835,352,,original sound,The White House,False
7574148941713853710,whitehouse,https://www.tiktok.com/@whitehouse/video/7574148941713853710,Nicki Minaj speaks at the UN on President Trump’s leadership on defen...,Nicki Minaj speaks at the UN on President Trump’s leadership on defending freedom of religion in Nigeria 🔥,20251118,26,2300000,141700,3865,9638,,original sound,The White House,False
7574111421718367501,whitehouse,https://www.tiktok.com/@whitehouse/video/7574111421718367501,🇺🇸🇸🇦,🇺🇸🇸🇦,20251118,15,1500000,25500,729,320,,original sound,The White House,False
7574065280167546126,whitehouse,https://www.tiktok.com/@whitehouse/video/7574065280167546126,"Everywhere the American flag flies, you’ll find the Golden Arches 🇺🇸","Everywhere the American flag flies, you’ll find the Golden Arches 🇺🇸",20251118,54,1200000,13900,820,686,,original sound,The White House,False
7573864953292098830,whitehouse,https://www.tiktok.com/@whitehouse/video/7573864953292098830,Lovin’ it ,Lovin’ it ,20251118,25,1100000,13600,903,639,,original sound,The White House,False
7573823106440039694,whitehouse,https://www.tiktok.com/@whitehouse/video/7573823106440039694,FROM THE GOLDEN ARCHES TO THE GOLDEN AGE,FROM THE GOLDEN ARCHES TO THE GOLDEN AGE,20251117,79,1300000,52100,2165,9983,,original sound,The White House,False
7573702164493782286,whitehouse,https://www.tiktok.com/@whitehouse/video/7573702164493782286,How lucky are we to live in the greatest country ,How lucky are we to live in the greatest country ,20251117,29,2600000,300100,3700,5330,,original sound,The White House,False
7572991457959677239,whitehouse,https://www.tiktok.com/@whitehouse/video/7572991457959677239,Press Sec’s MAGA Min is BACK 🔥,Press Sec’s MAGA Min is BACK 🔥,20251115,148,2000000,82200,5130,3186,,original sound,The White House,False
7572715446680423694,whitehouse,https://www.tiktok.com/@whitehouse/video/7572715446680423694,ILY AMERICA ,ILY AMERICA ,20251114,13,1500000,52100,3447,2327,,original sound,The White House,False
7572348155245677879,whitehouse,https://www.tiktok.com/@whitehouse/video/7572348155245677879,The most iconic duo ❤️🇺🇸,The most iconic duo ❤️🇺🇸,20251113,15,1700000,105400,8450,4672,,Originalton,🍎,False
7572302942707961143,whitehouse,https://www.tiktok.com/@whitehouse/video/7572302942707961143,Find someone who looks at you the way POTUS looks at FLOTUS ❤️,Find someone who looks at you the way POTUS looks at FLOTUS ❤️,20251113,40,1100000,43700,2454,1436,,I Think I Like When It Rains,WILLIS,False
7572265217166511373,whitehouse,https://www.tiktok.com/@whitehouse/video/7572265217166511373,The longest democrat-led shutdown is OVER ,The longest democrat-led shutdown is OVER ,20251113,43,898000,29000,2053,776,,original sound,The White House,False
7572243272668679437,whitehouse,https://www.tiktok.com/@whitehouse/video/7572243272668679437,The Democrats got zero wins out of their shutdown - just pain for Ame...,The Democrats got zero wins out of their shutdown - just pain for Americans. ,20251113,57,767700,15700,1258,355,,original sound,The White House,False
7572052070606458125,whitehouse,https://www.tiktok.com/@whitehouse/video/7572052070606458125,WE ARE SO BACK,WE ARE SO BACK,20251113,47,1400000,81300,2857,5028,,original sound,The White House,False
7572032437979483406,whitehouse,https://www.tiktok.com/@whitehouse/video/7572032437979483406,RIP DEMOCRAT SHUTDOWN ,RIP DEMOCRAT SHUTDOWN ,20251113,30,1700000,117800,3462,27200,,original sound,The White House,False
7572005688289905934,whitehouse,https://www.tiktok.com/@whitehouse/video/7572005688289905934,Making America AFFORDABLE Again! ,Making America AFFORDABLE Again! ,20251113,54,810300,29500,1511,831,,original sound,The White House,False
7571954581563804983,whitehouse,https://www.tiktok.com/@whitehouse/video/7571954581563804983,❤️🇺🇸 ,❤️🇺🇸 ,20251112,10,690700,23800,1494,279,,original sound,The White House,False
7571613765792271671,whitehouse,https://www.tiktok.com/@whitehouse/video/7571613765792271671,"To every veteran, thank you for your service. 🇺🇸","To every veteran, thank you for your service. 🇺🇸",20251111,52,801100,35400,1602,822,,original sound,The White House,False
7571543488379014413,whitehouse,https://www.tiktok.com/@whitehouse/video/7571543488379014413,"President Trump drops an ""OORAH"" on the Pat McAfee show 🫡🇺🇸","President Trump drops an ""OORAH"" on the Pat McAfee show 🫡🇺🇸",20251111,10,1800000,181200,1067,4808,,original sound,The White House,False
7571505983076289805,whitehouse,https://www.tiktok.com/@whitehouse/video/7571505983076289805,❤️,❤️,20251111,17,791600,46500,1290,750,,"Taps, U.S. military funeral trumpet(1421726)",tono,False
7571462396112358670,whitehouse,https://www.tiktok.com/@whitehouse/video/7571462396112358670,Happy Veterans Day to America’s heroes 🇺🇸,Happy Veterans Day to America’s heroes 🇺🇸,20251111,30,972800,108700,1826,1889,,original sound,The White House,False
7571162962484841783,whitehouse,https://www.tiktok.com/@whitehouse/video/7571162962484841783,All we needed was a new president 🇺🇸,All we needed was a new president 🇺🇸,20251110,34,10900000,978300,23400,54100,,Va Va Voom,user73969810843,False
7571134517415644429,whitehouse,https://www.tiktok.com/@whitehouse/video/7571134517415644429,POTUS knows ball ,POTUS knows ball ,20251110,51,635400,8362,622,149,,original sound,The White House,False
7570877595613465870,whitehouse,https://www.tiktok.com/@whitehouse/video/7570877595613465870,The best President ❤️,The best President ❤️,20251109,24,897200,39300,1777,707,,original sound,The White House,False
7570853705407384846,whitehouse,https://www.tiktok.com/@whitehouse/video/7570853705407384846,Air Force One Flys Over Washington Commanders game 🔥,Air Force One Flys Over Washington Commanders game 🔥,20251109,12,2300000,180800,2263,5203,,original sound,hesobogus,False
7570775034025823502,whitehouse,https://www.tiktok.com/@whitehouse/video/7570775034025823502,Chuck Schumer living in the world of make believe ,Chuck Schumer living in the world of make believe ,20251109,20,778400,40500,2868,4238,,original sound,The White House,False
7570387584308743437,whitehouse,https://www.tiktok.com/@whitehouse/video/7570387584308743437,🇺🇸🤝🇭🇺,🇺🇸🤝🇭🇺,20251108,51,742900,20300,1276,609,,original sound,The White House,False
7570035065959288119,whitehouse,https://www.tiktok.com/@whitehouse/video/7570035065959288119,DEALMAKER in chief around the world 😤,DEALMAKER in chief around the world 😤,20251107,19,1400000,106400,1795,11800,,original sound,The White House,False
7569985743905426743,whitehouse,https://www.tiktok.com/@whitehouse/video/7569985743905426743,Patriot of the Year goes to First Lady Melania Trump ❤️,Patriot of the Year goes to First Lady Melania Trump ❤️,20251107,11,938800,59500,2526,687,,original sound,The White House,False
7569624493191105806,whitehouse,https://www.tiktok.com/@whitehouse/video/7569624493191105806,PRESIDENT TRUMP ENERGY 🔥,PRESIDENT TRUMP ENERGY 🔥,20251106,26,1200000,56300,2476,3163,,original sound,The White House,False
7569451040261557517,whitehouse,https://www.tiktok.com/@whitehouse/video/7569451040261557517,One year ago we SAVED OUR COUNTRY 🇺🇸,One year ago we SAVED OUR COUNTRY 🇺🇸,20251106,32,1100000,56700,2765,1203,,original sound,The White House,False
7569437489031548174,whitehouse,https://www.tiktok.com/@whitehouse/video/7569437489031548174,One year since the lib MELTDOWN ,One year since the lib MELTDOWN ,20251106,61,3600000,442600,7424,52700,,original sound,The White House,False
7569355019674291469,whitehouse,https://www.tiktok.com/@whitehouse/video/7569355019674291469,PROMISES MADE PROMISES KEPT ,PROMISES MADE PROMISES KEPT ,20251105,62,840500,9655,810,236,,original sound,The White House,False
7569323099481509133,whitehouse,https://www.tiktok.com/@whitehouse/video/7569323099481509133,Fake news was WRONG 🤯,Fake news was WRONG 🤯,20251105,111,778900,10700,922,118,,original sound,The White House,False
7569287014743379255,whitehouse,https://www.tiktok.com/@whitehouse/video/7569287014743379255,A night we will never forget 🏆,A night we will never forget 🏆,20251105,42,2800000,359700,6842,7703,,original sound,The White House,False
7569251195924139277,whitehouse,https://www.tiktok.com/@whitehouse/video/7569251195924139277,ONE YEAR AGO HISTORY WAS MADE. 🔥 45 BECAME 47 🇺🇸,ONE YEAR AGO HISTORY WAS MADE. 🔥 45 BECAME 47 🇺🇸,20251105,59,845100,34800,1380,936,,original sound,The White House,False
7568961020027358519,whitehouse,https://www.tiktok.com/@whitehouse/video/7568961020027358519,PLAYING FOR PEACE 🙏,PLAYING FOR PEACE 🙏,20251104,12,1100000,24700,1108,1894,,original sound,The White House,False
7568669729519389966,whitehouse,https://www.tiktok.com/@whitehouse/video/7568669729519389966,The best to ever do it 🇺🇸,The best to ever do it 🇺🇸,20251104,28,19600000,2300000,32100,227400,,original sound,The White House,False
7568596790740634894,whitehouse,https://www.tiktok.com/@whitehouse/video/7568596790740634894,Democrats ❤️ criminal illegal aliens ,Democrats ❤️ criminal illegal aliens ,20251103,13,1700000,89900,2179,14900,,original sound,The White House,False
7568317055292738830,whitehouse,https://www.tiktok.com/@whitehouse/video/7568317055292738830,OUR VIBES 🇺🇸,OUR VIBES 🇺🇸,20251103,22,14000000,1400000,18500,349300,,original sound,The White House,False
7568186232849714445,whitehouse,https://www.tiktok.com/@whitehouse/video/7568186232849714445,A special Halloween weekend at 1600 Pennsylvania Ave ,A special Halloween weekend at 1600 Pennsylvania Ave ,20251102,17,1000000,34400,1018,275,,original sound,The White House,False
7567807531255385399,whitehouse,https://www.tiktok.com/@whitehouse/video/7567807531255385399,SPOOKY,SPOOKY,20251101,46,803600,17500,996,1196,,original sound,The White House,False
7567484116174720311,whitehouse,https://www.tiktok.com/@whitehouse/video/7567484116174720311,👻 ,👻 ,20251031,34,1800000,143200,3695,32900,,original sound,The White House,False
7567430629793467661,whitehouse,https://www.tiktok.com/@whitehouse/video/7567430629793467661,Spookiest clowns there are ,Spookiest clowns there are ,20251031,7,1000000,88900,1642,7471,,original sound,The White House,False
7567427754711436557,whitehouse,https://www.tiktok.com/@whitehouse/video/7567427754711436557,A historic moment. ,A historic moment. ,20251031,19,1100000,36100,1148,1157,,original sound,The White House,False
7567402535565266189,whitehouse,https://www.tiktok.com/@whitehouse/video/7567402535565266189,Consistency IS key ,Consistency IS key ,20251031,11,1400000,73500,1043,3740,,sonido original,L o n e l i n e s s 1 9 9 3,False
7567130387273551118,whitehouse,https://www.tiktok.com/@whitehouse/video/7567130387273551118,TRICK OR TREAT 👻,TRICK OR TREAT 👻,20251030,30,1300000,102300,3751,20300,,original sound,The White House,False
7567086383890763021,whitehouse,https://www.tiktok.com/@whitehouse/video/7567086383890763021,👻👻,👻👻,20251030,27,2400000,241700,3782,58200,,original sound,The White House,False
7567040718083067150,whitehouse,https://www.tiktok.com/@whitehouse/video/7567040718083067150,The Strong Alliance between the U.S. & Japan 🇺🇸🇯🇵,The Strong Alliance between the U.S. & Japan 🇺🇸🇯🇵,20251030,34,806200,27900,1042,693,,original sound,The White House,False
7566867919615855886,whitehouse,https://www.tiktok.com/@whitehouse/video/7566867919615855886,🤝,🤝,20251030,37,709800,18300,942,545,,original sound,The White House,False
7566823286311619853,whitehouse,https://www.tiktok.com/@whitehouse/video/7566823286311619853,VP Vance Speaks at TPUSA Ole Miss Event ,VP Vance Speaks at TPUSA Ole Miss Event ,20251030,62,564800,30700,1117,603,,original sound,The White House,False
7566715403813047607,whitehouse,https://www.tiktok.com/@whitehouse/video/7566715403813047607,"There is no Navy even close, nobody can do what we do. 🇺🇸","There is no Navy even close, nobody can do what we do. 🇺🇸",20251029,91,913900,75800,2406,2816,,original sound,The White House,False
7566495810700152078,whitehouse,https://www.tiktok.com/@whitehouse/video/7566495810700152078,2 Korean and 2 U.S. F-16s escort Air Force One into South Korea 💪,2 Korean and 2 U.S. F-16s escort Air Force One into South Korea 💪,20251029,14,4700000,484900,2451,18400,,original sound - 𝚛𝚎𝚊𝚕✦,real.military,False
7566406017978731831,whitehouse,https://www.tiktok.com/@whitehouse/video/7566406017978731831,VP absolutely crushed ,VP absolutely crushed ,20251028,29,1300000,115700,2422,17400,,original sound,The White House,False
7566176773856169229,whitehouse,https://www.tiktok.com/@whitehouse/video/7566176773856169229,GOD BLESS THE USA 🇺🇸🇺🇸,GOD BLESS THE USA 🇺🇸🇺🇸,20251028,32,1400000,110100,2153,9096,,original sound,The White House,False
7566070479799307534,whitehouse,https://www.tiktok.com/@whitehouse/video/7566070479799307534,🇺🇸🇯🇵,🇺🇸🇯🇵,20251028,31,986200,48700,1858,822,,Classic Music,HeartDrumMachine,False
7565996675370618167,whitehouse,https://www.tiktok.com/@whitehouse/video/7565996675370618167,Democrats are making this WAY harder than it has to be. Open the gove...,Democrats are making this WAY harder than it has to be. Open the government. ,20251027,38,3600000,398600,6343,147300,,original sound,The White House,False
7565930925083725069,whitehouse,https://www.tiktok.com/@whitehouse/video/7565930925083725069,"Peace Deals, Trade Deals, and the Trump Dance in Malaysia 🇺🇸🇲🇾","Peace Deals, Trade Deals, and the Trump Dance in Malaysia 🇺🇸🇲🇾",20251027,50,1300000,68200,2575,2827,,original sound,The White House,False
7565358111473634574,whitehouse,https://www.tiktok.com/@whitehouse/video/7565358111473634574,POTUS HAS ARRIVED 🕺,POTUS HAS ARRIVED 🕺,20251026,20,9400000,754300,10900,141400,,original sound,PAPO,False
7565345509347560759,whitehouse,https://www.tiktok.com/@whitehouse/video/7565345509347560759,Malaysian fighter jet welcomes Air Force One into Malaysian airspace ,Malaysian fighter jet welcomes Air Force One into Malaysian airspace ,20251026,13,1700000,86800,1497,3225,,Legend of the Keeper (F.O.O.L. Remix),Magic Sword,False
7565315767378382094,whitehouse,https://www.tiktok.com/@whitehouse/video/7565315767378382094,And Dems did nothing…,And Dems did nothing…,20251026,19,670300,18900,762,392,,original sound,The White House,False
7564803038414654734,whitehouse,https://www.tiktok.com/@whitehouse/video/7564803038414654734,Can’t stop winning 🔥,Can’t stop winning 🔥,20251024,16,1500000,121800,3228,14100,,original sound,The White House,False
7564499904278662455,whitehouse,https://www.tiktok.com/@whitehouse/video/7564499904278662455,Nahh I’m out ,Nahh I’m out ,20251023,19,16700000,749200,15200,1400000,,original sound,The White House,False
7564433271271017742,whitehouse,https://www.tiktok.com/@whitehouse/video/7564433271271017742,"Democrats, it’s over. ","Democrats, it’s over. ",20251023,18,783100,43500,1079,4658,,original sound,The White House,False
7564160560858713399,whitehouse,https://www.tiktok.com/@whitehouse/video/7564160560858713399,Math ain’t mathing 🤨,Math ain’t mathing 🤨,20251022,9,794400,44500,1309,8040,,original sound,The White House,False
7564119039438540087,whitehouse,https://www.tiktok.com/@whitehouse/video/7564119039438540087,YOUR SECRETARY OF WAR ,YOUR SECRETARY OF WAR ,20251022,27,1100000,118400,2360,5907,,FDT,Thaat Bitch,False
7564071127224536334,whitehouse,https://www.tiktok.com/@whitehouse/video/7564071127224536334,RICHARD NIXON FOUNDATION’S ARCHITECT OF PEACE AWARD ,RICHARD NIXON FOUNDATION’S ARCHITECT OF PEACE AWARD ,20251022,15,437200,10200,900,102,,original sound,The White House,False
7563818665901083959,whitehouse,https://www.tiktok.com/@whitehouse/video/7563818665901083959,POTUS knows ball. ,POTUS knows ball. ,20251021,25,588200,33500,1883,3562,,original sound,The White House,False
7563784286801874190,whitehouse,https://www.tiktok.com/@whitehouse/video/7563784286801874190,Chuck Schumer and Senate Democrats must vote to REOPEN the gov! ,Chuck Schumer and Senate Democrats must vote to REOPEN the gov! ,20251021,22,535800,25300,1732,397,,original sound,The White House,False
7563738768071478583,whitehouse,https://www.tiktok.com/@whitehouse/video/7563738768071478583,🇺🇸🤝🇦🇺,🇺🇸🤝🇦🇺,20251021,45,403900,16400,844,335,,original sound,The White House,False
7563666940502297869,whitehouse,https://www.tiktok.com/@whitehouse/video/7563666940502297869,So criminal illegal aliens ARE receiving Medicaid 🤯 Dems EXPOSED,So criminal illegal aliens ARE receiving Medicaid 🤯 Dems EXPOSED,20251021,128,432500,23600,1710,1845,,original sound,The White House,False
7563414761891810615,whitehouse,https://www.tiktok.com/@whitehouse/video/7563414761891810615,2 Million followers - LFG!!!,2 Million followers - LFG!!!,20251020,17,2500000,231000,3734,46600,,original sound,The White House,False
7563340877494635789,whitehouse,https://www.tiktok.com/@whitehouse/video/7563340877494635789,🇺🇸🤝🇦🇺,🇺🇸🤝🇦🇺,20251020,22,776000,43200,986,2753,,original sound,The White House,False
7563299161253235982,whitehouse,https://www.tiktok.com/@whitehouse/video/7563299161253235982,Sec. Hegseth takes a ride into the danger zone with TOPGUN at Naval A...,Sec. Hegseth takes a ride into the danger zone with TOPGUN at Naval Air Station Fallon 🇺🇸 🎥 DoW ,20251020,28,457000,26000,978,1344,,original sound,TopFilms01,False
7563107264618302775,whitehouse,https://www.tiktok.com/@whitehouse/video/7563107264618302775,Still our king 🇺🇸 MAGA. ,Still our king 🇺🇸 MAGA. ,20251020,25,1200000,108600,4047,4844,,original sound,The White House,False
7563084453933747511,whitehouse,https://www.tiktok.com/@whitehouse/video/7563084453933747511,"Think big, patriots ","Think big, patriots ",20251019,19,345600,21700,1256,439,,original sound,The White House,False
7562696021260668174,whitehouse,https://www.tiktok.com/@whitehouse/video/7562696021260668174,make America rich again 💸,make America rich again 💸,20251018,14,933200,87900,2955,2242,,original sound,The White House,False
7562308900788210999,whitehouse,https://www.tiktok.com/@whitehouse/video/7562308900788210999,WE’RE NOW ON BLUESKY 📲 Thought they may be missing some of our best c...,WE’RE NOW ON BLUESKY 📲 Thought they may be missing some of our best content ,20251017,48,521100,23600,3107,2477,,original sound,The White House,False
7562259783189875981,whitehouse,https://www.tiktok.com/@whitehouse/video/7562259783189875981,FAFO. ,FAFO. ,20251017,24,1100000,66400,2773,15900,,original sound,The White House,False
7562257236081282318,whitehouse,https://www.tiktok.com/@whitehouse/video/7562257236081282318,🇺🇸🇺🇦,🇺🇸🇺🇦,20251017,26,449200,12600,1052,269,,original sound,The White House,False
7562244334398016781,whitehouse,https://www.tiktok.com/@whitehouse/video/7562244334398016781,A legendary Friday 🇺🇸,A legendary Friday 🇺🇸,20251017,20,9200000,601100,11600,34100,,original sound,The White House,False
7562204484995140878,whitehouse,https://www.tiktok.com/@whitehouse/video/7562204484995140878,News around the world praises President Trump’s Peace Plan ☮️🌎,News around the world praises President Trump’s Peace Plan ☮️🌎,20251017,128,253500,9622,724,232,,original sound,The White House,False
7561951050689727758,whitehouse,https://www.tiktok.com/@whitehouse/video/7561951050689727758,A surge of PATRIOTS 🫡  🎥 DHS ,A surge of PATRIOTS 🫡  🎥 DHS ,20251016,21,311700,12600,1600,366,,original sound,The White House,False
7561921269583580430,whitehouse,https://www.tiktok.com/@whitehouse/video/7561921269583580430,"From Peace in the Middle East to lowering costs of IVF, President Tru...","From Peace in the Middle East to lowering costs of IVF, President Trump is FIGHTING for America. ",20251016,39,306200,16800,1464,700,,original sound,The White House,False
7561608291164409143,whitehouse,https://www.tiktok.com/@whitehouse/video/7561608291164409143,Guilty as charged ,Guilty as charged ,20251016,10,1000000,111900,3013,9658,,original sound,The White House,False
7561529236322864398,whitehouse,https://www.tiktok.com/@whitehouse/video/7561529236322864398,"A martyr for truth and freedom. We’ll hold you in our hearts forever,...","A martyr for truth and freedom. We’ll hold you in our hearts forever, Charlie. ",20251015,93,1500000,164600,4292,6606,,original sound,The White House,False
7561259078761057591,whitehouse,https://www.tiktok.com/@whitehouse/video/7561259078761057591,Erika Kirk at the White House today ❤️ Happy heavenly birthday and fr...,"Erika Kirk at the White House today ❤️ Happy heavenly birthday and freedom day, Charlie. ",20251015,23,452200,20900,1376,357,,original sound,The White House,False
7561183565254380814,whitehouse,https://www.tiktok.com/@whitehouse/video/7561183565254380814,❤️❤️,❤️❤️,20251014,26,942700,51200,1679,731,,original sound,The White House,False
7561129325789973774,whitehouse,https://www.tiktok.com/@whitehouse/video/7561129325789973774,"Happy birthday, Charlie. ❤️","Happy birthday, Charlie. ❤️",20251014,60,1900000,315900,4963,11400,,original sound,The White House,False
7561094338118290701,whitehouse,https://www.tiktok.com/@whitehouse/video/7561094338118290701,Day 14 of Dems keeping the government shut down for criminal illegals 🫠,Day 14 of Dems keeping the government shut down for criminal illegals 🫠,20251014,15,3600000,392700,5686,161500,,original sound,The White House,False
7560885189879024951,whitehouse,https://www.tiktok.com/@whitehouse/video/7560885189879024951,PEACE IN THE MIDDLE EAST 🇺🇸,PEACE IN THE MIDDLE EAST 🇺🇸,20251014,117,955600,86600,3860,3707,,original sound,The White House,False
7560828217527979319,whitehouse,https://www.tiktok.com/@whitehouse/video/7560828217527979319,We’re back Italians ,We’re back Italians ,20251013,55,393300,16100,1384,759,,original sound,The White House,False
7560709273550933303,whitehouse,https://www.tiktok.com/@whitehouse/video/7560709273550933303,Views from AF1 ✈️,Views from AF1 ✈️,20251013,16,1000000,55700,2125,2203,,Top Gun style 80's rock jingle 1(1379537),$PHIN35,False
7560637519541374221,whitehouse,https://www.tiktok.com/@whitehouse/video/7560637519541374221,“I want to sincerely thank you.” ❤️,“I want to sincerely thank you.” ❤️,20251013,17,427800,21500,1237,484,,original sound,The White House,False
7560428017873390903,whitehouse,https://www.tiktok.com/@whitehouse/video/7560428017873390903,🇺🇸🤝🇫🇮,🇺🇸🤝🇫🇮,20251012,28,342700,12500,1192,186,,original sound,The White House,False
7560370330045402381,whitehouse,https://www.tiktok.com/@whitehouse/video/7560370330045402381,Only concern ourselves with America First 🇺🇸,Only concern ourselves with America First 🇺🇸,20251012,18,1300000,150800,4984,10400,,original sound,￴￴ ￴￴￴￴,False
7559690957357059383,whitehouse,https://www.tiktok.com/@whitehouse/video/7559690957357059383,Dems more passionate about helping criminal illegal aliens than Ameri...,Dems more passionate about helping criminal illegal aliens than Americans 🤗,20251010,9,630300,25300,2470,2474,,original sound,Betches,False
7559664284779711799,whitehouse,https://www.tiktok.com/@whitehouse/video/7559664284779711799,First Lady Melania Trump addresses the nation,First Lady Melania Trump addresses the nation,20251010,109,771600,33400,2449,1025,,original sound,The White House,False
7559323527371853070,whitehouse,https://www.tiktok.com/@whitehouse/video/7559323527371853070,Wdym you’re keeping the gov shutdown for illegal aliens 😭,Wdym you’re keeping the gov shutdown for illegal aliens 😭,20251009,11,1500000,78600,5490,16100,,original sound,The White House,False
7559308749588958478,whitehouse,https://www.tiktok.com/@whitehouse/video/7559308749588958478,🇺🇸🇫🇮,🇺🇸🇫🇮,20251009,22,965000,35400,2342,607,,original sound,The White House,False
7559276197079813389,whitehouse,https://www.tiktok.com/@whitehouse/video/7559276197079813389,The peace president ,The peace president ,20251009,46,390900,11700,1415,330,,original sound,The White House,False
7559032976240151821,whitehouse,https://www.tiktok.com/@whitehouse/video/7559032976240151821,Israel and Hamas sign off on the first phase of President Trump’s Pea...,Israel and Hamas sign off on the first phase of President Trump’s Peace Plan ,20251009,236,513600,21800,1598,534,,Reflection on Peace,Adauto Assis,False
7558911395912322359,whitehouse,https://www.tiktok.com/@whitehouse/video/7558911395912322359,Chaos in Chicago,Chaos in Chicago,20251008,62,424200,15700,1704,649,,original sound,The White House,False
7558655904032279863,whitehouse,https://www.tiktok.com/@whitehouse/video/7558655904032279863,🇺🇸🤝🇨🇦,🇺🇸🤝🇨🇦,20251008,28,475400,11900,1544,485,,original sound,The White House,False
7558538772258770189,whitehouse,https://www.tiktok.com/@whitehouse/video/7558538772258770189,President Trump will never stop fighting for YOU. ,President Trump will never stop fighting for YOU. ,20251007,27,1700000,209700,4243,16300,,original sound,The White House,False
7558515083710582030,whitehouse,https://www.tiktok.com/@whitehouse/video/7558515083710582030,🇺🇸🇨🇦,🇺🇸🇨🇦,20251007,18,426200,8697,993,123,,original sound,The White House,False
7558292201394998583,whitehouse,https://www.tiktok.com/@whitehouse/video/7558292201394998583,Dems voted for a fifth time tonight to keep the gov closed. Common se...,Dems voted for a fifth time tonight to keep the gov closed. Common sense? GONE. ,20251007,31,716600,51200,3384,6593,,original sound,The White House,False
7558211116782980366,whitehouse,https://www.tiktok.com/@whitehouse/video/7558211116782980366,Nothing beats dems shutting down the gov for criminal illegal alien’s...,Nothing beats dems shutting down the gov for criminal illegal alien’s healthcare 🤠,20251006,10,4400000,297000,7729,147000,,original sound,ALTÉGO,False
7558135884286004493,whitehouse,https://www.tiktok.com/@whitehouse/video/7558135884286004493,America’s Navy never gives up the ship ⚓️,America’s Navy never gives up the ship ⚓️,20251006,55,1500000,124100,3519,6087,,original sound,The White House,False
7558104899855174926,whitehouse,https://www.tiktok.com/@whitehouse/video/7558104899855174926,The longer the dems keep the gov shutdown the bigger the sombrero gets 🪇,The longer the dems keep the gov shutdown the bigger the sombrero gets 🪇,20251006,36,717000,47700,2249,15600,,original sound,The White House,False
7557825966962199821,whitehouse,https://www.tiktok.com/@whitehouse/video/7557825966962199821,🇺🇸🇺🇸,🇺🇸🇺🇸,20251005,23,642600,14400,2015,257,,original sound,The White House,False
7557749718227389751,whitehouse,https://www.tiktok.com/@whitehouse/video/7557749718227389751,"While President Trump accomplished big wins this week, the Dems shut ...","While President Trump accomplished big wins this week, the Dems shut down the government. Press Sec’s MAGA Minute 🇺🇸",20251005,122,766100,28800,3110,804,,original sound,The White House,False
7557414561746390286,whitehouse,https://www.tiktok.com/@whitehouse/video/7557414561746390286,The radical left’s reign of terror in Portland ends now,The radical left’s reign of terror in Portland ends now,20251004,57,853700,17500,3279,852,,original sound,The White House,False
7557141314597358903,whitehouse,https://www.tiktok.com/@whitehouse/video/7557141314597358903,A message from potus from the Oval Office: ,A message from potus from the Oval Office: ,20251003,73,1700000,89600,6923,2454,,original sound,The White House,False
7557082668656086327,whitehouse,https://www.tiktok.com/@whitehouse/video/7557082668656086327,Dems just voted to keep the government shutdown - shame!!!,Dems just voted to keep the government shutdown - shame!!!,20251003,26,873100,38400,3560,5516,,original sound,The White House,False
7557030891990633741,whitehouse,https://www.tiktok.com/@whitehouse/video/7557030891990633741,It’s October 3rd ,It’s October 3rd ,20251003,11,1200000,90300,2575,24400,,Dont Forget October 3rd,bitch,False
7556753582435912973,whitehouse,https://www.tiktok.com/@whitehouse/video/7556753582435912973,The American people don’t want free healthcare for illegal aliens ,The American people don’t want free healthcare for illegal aliens ,20251002,54,900100,46600,2955,13900,,original sound,The White House,False
7556666668810800398,whitehouse,https://www.tiktok.com/@whitehouse/video/7556666668810800398,It’s not complicated ,It’s not complicated ,20251002,57,641000,29000,2070,2123,,original sound,The White House,False
7556656508163919159,whitehouse,https://www.tiktok.com/@whitehouse/video/7556656508163919159,👑,👑,20251002,64,978000,66100,4840,1921,,original sound,The White House,False
7556364558575652151,whitehouse,https://www.tiktok.com/@whitehouse/video/7556364558575652151,Press sec on the government shutdown 🔥,Press sec on the government shutdown 🔥,20251001,22,1100000,65700,5290,5006,,original sound,The White House,False
7556325833107918135,whitehouse,https://www.tiktok.com/@whitehouse/video/7556325833107918135,Open the government and the sombrero will stop ✋ ,Open the government and the sombrero will stop ✋ ,20251001,44,926800,81400,3835,9871,,original sound,The White House,False
7556309606209834254,whitehouse,https://www.tiktok.com/@whitehouse/video/7556309606209834254,Democrats’ disaster ,Democrats’ disaster ,20251001,61,641500,43900,2792,6966,,original sound,The White House,False
7556279665887923511,whitehouse,https://www.tiktok.com/@whitehouse/video/7556279665887923511,DEMOCRAT SHUTDOWN ,DEMOCRAT SHUTDOWN ,20251001,11,737000,62900,1792,6024,,original sound,| Nikki Rossi |,False
7556070695604686094,whitehouse,https://www.tiktok.com/@whitehouse/video/7556070695604686094,Day in the life! ,Day in the life! ,20251001,44,1500000,136400,2806,48000,,original sound,The White House,False
7555996259362934029,whitehouse,https://www.tiktok.com/@whitehouse/video/7555996259362934029,POTUS signs an Executive Order to Supercharge AI Pediatric Cancer Res...,"POTUS signs an Executive Order to Supercharge AI Pediatric Cancer Research. Thank you, President Trump. ",20250930,89,447500,16700,1450,391,,original sound,The White House,False
7555954021597465869,whitehouse,https://www.tiktok.com/@whitehouse/video/7555954021597465869,Democrat Shutdown ,Democrat Shutdown ,20250930,49,426900,17500,1742,1042,,original sound,Tom Walker The Music Man,False
7555905846845213965,whitehouse,https://www.tiktok.com/@whitehouse/video/7555905846845213965,Honoring Gold Star families at the White House 🤍,Honoring Gold Star families at the White House 🤍,20250930,14,355200,9768,879,48,,original sound,The White House,False
7555881393432186167,whitehouse,https://www.tiktok.com/@whitehouse/video/7555881393432186167,"""I am with you, I support you, and as President, I have your backs 100%”","""I am with you, I support you, and as President, I have your backs 100%”",20250930,31,363500,12600,1404,155,,original sound,The White House,False
7555693621291322637,whitehouse,https://www.tiktok.com/@whitehouse/video/7555693621291322637,President Trump is working on bringing PEACE to the Middle East ,President Trump is working on bringing PEACE to the Middle East ,20250930,25,518300,17600,1910,1191,,original sound,The White House,False
7555637255964986638,whitehouse,https://www.tiktok.com/@whitehouse/video/7555637255964986638,MAKE AMERICA SAFE AGAIN ,MAKE AMERICA SAFE AGAIN ,20250929,53,569500,43500,2268,1174,,Music Background for Creativity,Ednaldo reis,False
7555594232665345294,whitehouse,https://www.tiktok.com/@whitehouse/video/7555594232665345294,POTUS is focused on ending the war IMMEDIATELY.,POTUS is focused on ending the war IMMEDIATELY.,20250929,23,366100,8371,1029,168,,original sound,The White House,False
7555538590768368951,whitehouse,https://www.tiktok.com/@whitehouse/video/7555538590768368951,🇺🇸🇮🇱,🇺🇸🇮🇱,20250929,26,429700,11000,1247,233,,original sound,The White House,False
7555170454412053774,whitehouse,https://www.tiktok.com/@whitehouse/video/7555170454412053774,TikTok video #7555170454412053774,,20250928,49,1300000,146400,4096,11600,,original sound,Tom Walker The Music Man,False
7554882447305887031,whitehouse,https://www.tiktok.com/@whitehouse/video/7554882447305887031,See you on the green ,See you on the green ,20250927,40,1000000,59300,3113,912,,original sound,The White House,False
7554783332223995149,whitehouse,https://www.tiktok.com/@whitehouse/video/7554783332223995149,WAKE UP IT’S GAME DAY,WAKE UP IT’S GAME DAY,20250927,20,5300000,601500,7807,124700,,original sound,The White House,False
7554526560422874423,whitehouse,https://www.tiktok.com/@whitehouse/video/7554526560422874423,President Trump watches Bryson DeChambeau tee off at the Ryder Cup! ⛳️🇺🇸,President Trump watches Bryson DeChambeau tee off at the Ryder Cup! ⛳️🇺🇸,20250926,15,999200,21700,1517,293,,original sound,The White House,False
7554494422574976269,whitehouse,https://www.tiktok.com/@whitehouse/video/7554494422574976269,Radical left rhetoric against ICE ,Radical left rhetoric against ICE ,20250926,157,766400,13700,1338,282,,original sound,The White House,False
7554474515686771982,whitehouse,https://www.tiktok.com/@whitehouse/video/7554474515686771982,The people’s President ,The people’s President ,20250926,19,799800,27100,2039,586,,original sound,The White House,False
7554447543304719671,whitehouse,https://www.tiktok.com/@whitehouse/video/7554447543304719671,USA! USA!,USA! USA!,20250926,11,769500,28000,995,203,,original sound,The White House,False
7554438392331701518,whitehouse,https://www.tiktok.com/@whitehouse/video/7554438392331701518,"Catching flights, not feelings ","Catching flights, not feelings ",20250926,28,2200000,128500,2799,2846,,Epic Patriotic Background Music,LuckyBlackCat,False
7554430831851244814,whitehouse,https://www.tiktok.com/@whitehouse/video/7554430831851244814,🇺🇸🤝🇹🇷,🇺🇸🤝🇹🇷,20250926,29,716400,18300,893,971,,original sound,The White House,False
7554416083638160654,whitehouse,https://www.tiktok.com/@whitehouse/video/7554416083638160654,TikTok video #7554416083638160654,,20250926,23,615200,28400,1369,224,,original sound,The White House,False
7554225045652901175,whitehouse,https://www.tiktok.com/@whitehouse/video/7554225045652901175,Like man on the street but different - the people have spoken ,Like man on the street but different - the people have spoken ,20250926,94,637900,17800,1262,535,,The Champion,Lux-Inspira,False
7554206367263853837,whitehouse,https://www.tiktok.com/@whitehouse/video/7554206367263853837,Soooo back ,Soooo back ,20250926,23,607200,26600,1509,1633,,original sound,The White House,False
7554142267875937591,whitehouse,https://www.tiktok.com/@whitehouse/video/7554142267875937591,"PROMISES MADE, PROMISES KEPT: TikTok is SAVED ","PROMISES MADE, PROMISES KEPT: TikTok is SAVED ",20250925,28,608300,24500,1672,1132,,original sound,The White House,False
7554129766811487502,whitehouse,https://www.tiktok.com/@whitehouse/video/7554129766811487502,BREAKING: Trump just signed the deal that SAVES TIKTOK. WE ARE HERE T...,BREAKING: Trump just signed the deal that SAVES TIKTOK. WE ARE HERE TO STAY 🔥,20250925,34,625400,29700,1438,5056,,original sound,The White House,False
7554060004836379918,whitehouse,https://www.tiktok.com/@whitehouse/video/7554060004836379918,Welcome to the White House!,Welcome to the White House!,20250925,23,738900,17100,818,220,,original sound,The White House,False
7553811452772060430,whitehouse,https://www.tiktok.com/@whitehouse/video/7553811452772060430,United Nations General Assembly 2025 🇺🇸,United Nations General Assembly 2025 🇺🇸,20250925,54,585600,15100,1315,317,,original sound,The White House,False
7553750034450238775,whitehouse,https://www.tiktok.com/@whitehouse/video/7553750034450238775,"Henry’s teacher has to excuse his absence now, right?","Henry’s teacher has to excuse his absence now, right?",20250924,58,3000000,318400,5934,22700,,original sound,The White House,False
7553739241390443790,whitehouse,https://www.tiktok.com/@whitehouse/video/7553739241390443790,VP Vance speaking the truth🔥 ,VP Vance speaking the truth🔥 ,20250924,20,616500,45400,2355,2710,,original sound,The White House,False
7553726179262434573,whitehouse,https://www.tiktok.com/@whitehouse/video/7553726179262434573,👀👀,👀👀,20250924,26,5100000,264400,8608,59200,,Star Spangled (Bass Boosted),SNC,False
7553692518441897229,whitehouse,https://www.tiktok.com/@whitehouse/video/7553692518441897229,That’s our FLOTUS 👏🏼,That’s our FLOTUS 👏🏼,20250924,7,1200000,104900,2518,5952,,som original,Bieber’s good side.,False
7553492405924728077,whitehouse,https://www.tiktok.com/@whitehouse/video/7553492405924728077,Protect our homeland ,Protect our homeland ,20250924,80,460200,13200,1064,376,,original sound,The White House,False
7553407863968861453,whitehouse,https://www.tiktok.com/@whitehouse/video/7553407863968861453,Charlie changed the world ,Charlie changed the world ,20250923,101,628400,69000,1982,1897,,original sound,The White House,False
7553325856026905911,whitehouse,https://www.tiktok.com/@whitehouse/video/7553325856026905911,Trump core. ,Trump core. ,20250923,51,589900,39400,1939,3714,,original sound,The White House,False
7553290499516402958,whitehouse,https://www.tiktok.com/@whitehouse/video/7553290499516402958,LIVE from the UN headquarters for the 80th session of the UN General ...,LIVE from the UN headquarters for the 80th session of the UN General Assembly.,20250923,16,400900,9507,1227,212,,original sound,The White House,False
7553242592201182519,whitehouse,https://www.tiktok.com/@whitehouse/video/7553242592201182519,"POTUS at UNGA 2019: “If you want freedom, take pride in your country.”","POTUS at UNGA 2019: “If you want freedom, take pride in your country.”",20250923,37,1000000,63400,3703,2818,,Epic Patriotic Background Music,LuckyBlackCat,False
7553070474821897527,whitehouse,https://www.tiktok.com/@whitehouse/video/7553070474821897527,Gotta catch ‘em all  🎥: DHS,Gotta catch ‘em all  🎥: DHS,20250923,59,19100000,1900000,57100,1900000,,original sound,The White House,False
7553043623219088695,whitehouse,https://www.tiktok.com/@whitehouse/video/7553043623219088695,Eyetest👀,Eyetest👀,20250922,11,3700000,127500,4233,14000,,original sound,𝖌𝖆𝖙𝖊𝖓𝖊🇰🇪🇯🇲🌴🌴.11:11,False
7552983827023400206,whitehouse,https://www.tiktok.com/@whitehouse/video/7552983827023400206,THANKS TO CHARLIE ,THANKS TO CHARLIE ,20250922,25,368000,10000,765,93,,Patriot,Atomica Music,False
7552981570487913741,whitehouse,https://www.tiktok.com/@whitehouse/video/7552981570487913741,President Trump to sign executive order as soon as TODAY,President Trump to sign executive order as soon as TODAY,20250922,132,491000,39500,2712,1677,,original sound,The White House,False
7552932531029527863,whitehouse,https://www.tiktok.com/@whitehouse/video/7552932531029527863,For Charlie ,For Charlie ,20250922,13,989300,88200,2374,15700,,original sound,Sgt. Oakes,False
7552746846578396429,whitehouse,https://www.tiktok.com/@whitehouse/video/7552746846578396429,A revival ,A revival ,20250922,55,12600000,1700000,25200,68200,,original sound,The White House,False
7552711188447071501,whitehouse,https://www.tiktok.com/@whitehouse/video/7552711188447071501,Must watch Erika Kirk: ,Must watch Erika Kirk: ,20250922,44,386100,24200,1160,583,,original sound,The White House,False
7552682232331193613,whitehouse,https://www.tiktok.com/@whitehouse/video/7552682232331193613,Proud to be an American!,Proud to be an American!,20250921,208,1400000,91900,2855,5465,,original sound,The White House,False
7552623362686635278,whitehouse,https://www.tiktok.com/@whitehouse/video/7552623362686635278,For Charlie ,For Charlie ,20250921,19,724200,42600,1747,404,,Patriotic String Symphony,DreamyA,False
7552571649976044814,whitehouse,https://www.tiktok.com/@whitehouse/video/7552571649976044814,We love you Charlie ,We love you Charlie ,20250921,213,901500,165400,3406,4870,,original sound,The White House,False
7552261604138568973,whitehouse,https://www.tiktok.com/@whitehouse/video/7552261604138568973,0 BORDER ENCOUNTERS ,0 BORDER ENCOUNTERS ,20250920,31,2400000,253600,5075,13300,,original sound,The White House,False
7552212264774929678,whitehouse,https://www.tiktok.com/@whitehouse/video/7552212264774929678,Iconic UK trip ,Iconic UK trip ,20250920,68,319600,17200,1170,459,,original sound,The White House,False
7551912975699905847,whitehouse,https://www.tiktok.com/@whitehouse/video/7551912975699905847,POTUS call with President Xi ,POTUS call with President Xi ,20250919,74,291200,7486,1502,287,,original sound,The White House,False
7551855237443767566,whitehouse,https://www.tiktok.com/@whitehouse/video/7551855237443767566,America first ,America first ,20250919,42,258200,11800,1206,183,,original sound,The White House,False
7551795584135335181,whitehouse,https://www.tiktok.com/@whitehouse/video/7551795584135335181,DEALMAKER IN CHIEF ,DEALMAKER IN CHIEF ,20250919,18,209700,4171,889,76,,original sound,The White House,False
7551601048192863543,whitehouse,https://www.tiktok.com/@whitehouse/video/7551601048192863543,Charlie Kirk❤️,Charlie Kirk❤️,20250919,212,12600000,1900000,25800,88000,,original sound,The White House,False
7551527389239512375,whitehouse,https://www.tiktok.com/@whitehouse/video/7551527389239512375,OOHH YEAHHHH ,OOHH YEAHHHH ,20250918,29,948100,97100,4636,5829,,original sound,The White House,False
7551457706465365262,whitehouse,https://www.tiktok.com/@whitehouse/video/7551457706465365262,🤣🤣,🤣🤣,20250918,16,243900,10100,1057,152,,original sound,The White House,False
7551421258307570958,whitehouse,https://www.tiktok.com/@whitehouse/video/7551421258307570958,Art of the deal 😏,Art of the deal 😏,20250918,15,275300,9709,1235,339,,Pride And Unity,Atomica Music,False
7551147556152085773,whitehouse,https://www.tiktok.com/@whitehouse/video/7551147556152085773,That’s our First Lady ,That’s our First Lady ,20250917,11,1100000,135900,3636,2144,,SHE IS THE MOMENT,haley (2facedg1rl),False
7551096239341751566,whitehouse,https://www.tiktok.com/@whitehouse/video/7551096239341751566,RED WHITE & BLUE ,RED WHITE & BLUE ,20250917,16,203500,7663,1102,160,,original sound,The White House,False
7551044528581479693,whitehouse,https://www.tiktok.com/@whitehouse/video/7551044528581479693,👑🇺🇸🇬🇧,👑🇺🇸🇬🇧,20250917,24,331100,14300,1745,853,,original sound,The White House,False
7550791243257728270,whitehouse,https://www.tiktok.com/@whitehouse/video/7550791243257728270,TikTok video #7550791243257728270,,20250916,25,945300,40600,2695,1034,,ACDC style hard rock(1021726),Canal Records JP,False
7550775338951773453,whitehouse,https://www.tiktok.com/@whitehouse/video/7550775338951773453,VP Vance hosts the Charlie Kirk Show ❤️,VP Vance hosts the Charlie Kirk Show ❤️,20250916,93,471400,70700,2237,1689,,original sound,The White House,False
7550715154892147982,whitehouse,https://www.tiktok.com/@whitehouse/video/7550715154892147982,MUST WATCH VP VANCE CLOSING REMARKS ,MUST WATCH VP VANCE CLOSING REMARKS ,20250916,214,176800,6676,1107,146,,original sound,The White House,False
7550692592531377422,whitehouse,https://www.tiktok.com/@whitehouse/video/7550692592531377422,Wheels up ,Wheels up ,20250916,19,793700,12600,891,268,,original sound,The White House,False
7550483201848921357,whitehouse,https://www.tiktok.com/@whitehouse/video/7550483201848921357,Memphis needs help ,Memphis needs help ,20250916,59,195700,5698,769,150,,original sound,The White House,False
7550437505246547255,whitehouse,https://www.tiktok.com/@whitehouse/video/7550437505246547255,Make Memphis safe again,Make Memphis safe again,20250915,15,886300,17200,1254,313,,original sound,The White House,False
7550419008806194487,whitehouse,https://www.tiktok.com/@whitehouse/video/7550419008806194487,FAFO. ,FAFO. ,20250915,26,379800,13400,1134,1005,,original sound,The White House,False
7550398143993613623,whitehouse,https://www.tiktok.com/@whitehouse/video/7550398143993613623,Press Secretary remembers Charlie Kirk ❤️,Press Secretary remembers Charlie Kirk ❤️,20250915,71,179700,6284,901,73,,original sound,The White House,False
7550378934274247991,whitehouse,https://www.tiktok.com/@whitehouse/video/7550378934274247991,HONORING CHARLIE KIRK,HONORING CHARLIE KIRK,20250915,135,728400,73200,1272,1659,,original sound,The White House,False
7550344956796259639,whitehouse,https://www.tiktok.com/@whitehouse/video/7550344956796259639,Make it a great week ,Make it a great week ,20250915,21,350800,16600,1236,267,,original sound - GrooveGenius,Long Syrics,False
7550131857623387447,whitehouse,https://www.tiktok.com/@whitehouse/video/7550131857623387447,We’re going to Memphis ,We’re going to Memphis ,20250915,19,193500,5120,811,174,,original sound,The White House,False
7549972708323314958,whitehouse,https://www.tiktok.com/@whitehouse/video/7549972708323314958,❤️,❤️,20250914,12,513600,39900,2399,640,,original sound,The White House,False
7549586313842822414,whitehouse,https://www.tiktok.com/@whitehouse/video/7549586313842822414,WAKE UP IT’S GAME DAY,WAKE UP IT’S GAME DAY,20250913,33,261700,7160,1422,126,,original sound,The White House,False
7549344704983321869,whitehouse,https://www.tiktok.com/@whitehouse/video/7549344704983321869,In loving memory of Charlie Kirk ,In loving memory of Charlie Kirk ,20250912,63,3400000,603600,9107,16400,,original sound,The White House,False
7549296740239789326,whitehouse,https://www.tiktok.com/@whitehouse/video/7549296740239789326,Friday in studio in NYC,Friday in studio in NYC,20250912,20,254400,10100,1587,125,,original sound,The White House,False
7549257208823827767,whitehouse,https://www.tiktok.com/@whitehouse/video/7549257208823827767,"Stronger, prouder, greater. 🇺🇸⚾️","Stronger, prouder, greater. 🇺🇸⚾️",20250912,37,186400,5277,870,80,,original sound,The White House,False
7549197211213565197,whitehouse,https://www.tiktok.com/@whitehouse/video/7549197211213565197,🙏,🙏,20250912,25,277000,10600,1134,283,,original sound,The White House,False
7548988098068106510,whitehouse,https://www.tiktok.com/@whitehouse/video/7548988098068106510,USA - USA - USA,USA - USA - USA,20250912,9,273800,10500,1135,121,,original sound,The White House,False
7548975339263757581,whitehouse,https://www.tiktok.com/@whitehouse/video/7548975339263757581,TikTok video #7548975339263757581,,20250911,60,176200,4619,853,70,,original sound,The White House,False
7548964809610513678,whitehouse,https://www.tiktok.com/@whitehouse/video/7548964809610513678,A day to remember ,A day to remember ,20250911,123,1700000,228000,1471,3525,,original sound,The White House,False
7548903343037385998,whitehouse,https://www.tiktok.com/@whitehouse/video/7548903343037385998,9/11 Never forget ,9/11 Never forget ,20250911,41,226700,13300,712,245,,original sound,The White House,False
7548878718840605966,whitehouse,https://www.tiktok.com/@whitehouse/video/7548878718840605966,"President Trump awards Charlie Kirk, posthumously, the Presidential M...","President Trump awards Charlie Kirk, posthumously, the Presidential Medal of Freedom",20250911,63,240600,17600,1525,532,,original sound,The White House,False
7548824290024574222,whitehouse,https://www.tiktok.com/@whitehouse/video/7548824290024574222,Never Forget,Never Forget,20250911,70,237200,10100,677,251,,original sound,The White House,False
7548579646535765262,whitehouse,https://www.tiktok.com/@whitehouse/video/7548579646535765262,🙏,🙏,20250910,19,4400000,542100,9410,18200,,original sound,The White House,False
7548443853053807927,whitehouse,https://www.tiktok.com/@whitehouse/video/7548443853053807927,Facts,Facts,20250910,24,415300,8406,1490,252,,original sound,The White House,False
7548571092508560695,whitehouse,https://www.tiktok.com/@whitehouse/video/7548571092508560695,President Trump shares statement on the death of Charlie Kirk ,President Trump shares statement on the death of Charlie Kirk ,20250910,0,1400000,101400,4894,1811,,original sound - The White House,,True
7548219168890309902,whitehouse,https://www.tiktok.com/@whitehouse/video/7548219168890309902,BORDER CZAR,BORDER CZAR,20250909,10,737500,57800,2016,27800,,original sound,FIVES,False
7548160315591019831,whitehouse,https://www.tiktok.com/@whitehouse/video/7548160315591019831,MESSAGE FROM POTUS,MESSAGE FROM POTUS,20250909,142,4500000,378000,8075,16500,,original sound,The White House,False
7548123242226044215,whitehouse,https://www.tiktok.com/@whitehouse/video/7548123242226044215,G20 to the 305!,G20 to the 305!,20250909,47,154900,4726,840,103,,original sound,The White House,False
7547902002949410062,whitehouse,https://www.tiktok.com/@whitehouse/video/7547902002949410062,America has always been a nation that believes in the power of prayer ,America has always been a nation that believes in the power of prayer ,20250909,82,162500,10400,1425,562,,original sound,The White House,False
7547830414610664718,whitehouse,https://www.tiktok.com/@whitehouse/video/7547830414610664718,GAME. SET. MATCH,GAME. SET. MATCH,20250908,28,154000,11200,1677,208,,original sound,The White House,False
7547773102055263501,whitehouse,https://www.tiktok.com/@whitehouse/video/7547773102055263501,One nation under God ,One nation under God ,20250908,56,173900,17100,2120,1456,,original sound,The White House,False
7547473569425444110,whitehouse,https://www.tiktok.com/@whitehouse/video/7547473569425444110,President Trump x US Open ,President Trump x US Open ,20250907,9,140500,4847,1536,97,,original sound,The White House,False
7547460448895945998,whitehouse,https://www.tiktok.com/@whitehouse/video/7547460448895945998,Lesson 1 ,Lesson 1 ,20250907,15,317000,30700,1993,777,,original sound,The White House,False
7547414490774539534,whitehouse,https://www.tiktok.com/@whitehouse/video/7547414490774539534,FAKE NEWS,FAKE NEWS,20250907,23,218100,14700,2188,658,,original sound,The White House,False
7547069603906620685,whitehouse,https://www.tiktok.com/@whitehouse/video/7547069603906620685,"Just like America, the war department is back","Just like America, the war department is back",20250906,52,567700,43900,3130,1323,,original sound,The White House,False
7547027801774230798,whitehouse,https://www.tiktok.com/@whitehouse/video/7547027801774230798,Press sec’s MAGA Minute ,Press sec’s MAGA Minute ,20250906,141,715900,55300,3256,1758,,original sound,The White House,False
7546786250552773943,whitehouse,https://www.tiktok.com/@whitehouse/video/7546786250552773943,200 executive orders of winning ,200 executive orders of winning ,20250906,16,277700,32800,2854,990,,original sound,The White House,False
7546745583361477901,whitehouse,https://www.tiktok.com/@whitehouse/video/7546745583361477901,TikTok video #7546745583361477901,,20250905,26,190500,8348,1483,252,,original sound,The White House,False
7546642121957051703,whitehouse,https://www.tiktok.com/@whitehouse/video/7546642121957051703,You don’t have to go home but you can’t stay hereee ,You don’t have to go home but you can’t stay hereee ,20250905,54,146200,10400,1715,461,,original sound,The White House,False
7546380278973992206,whitehouse,https://www.tiktok.com/@whitehouse/video/7546380278973992206,NFL is BACK! LFG,NFL is BACK! LFG,20250904,23,114200,4473,1208,96,,original sound,The White House,False
7546305668785917198,whitehouse,https://www.tiktok.com/@whitehouse/video/7546305668785917198,This could be us but you playing @chicago ,This could be us but you playing @chicago ,20250904,20,280900,30600,2343,1191,,original sound,The White House,False
7546261737109032247,whitehouse,https://www.tiktok.com/@whitehouse/video/7546261737109032247,Period. ,Period. ,20250904,31,195300,16800,1725,668,,original sound,The White House,False
7546245981709372686,whitehouse,https://www.tiktok.com/@whitehouse/video/7546245981709372686,SUPERHERO,SUPERHERO,20250904,26,2200000,298500,5821,25700,,original sound,The White House,False
7545968284877769997,whitehouse,https://www.tiktok.com/@whitehouse/video/7545968284877769997,🙏🙏,🙏🙏,20250903,67,148300,11800,1723,107,,Meridian,ODESZA,False
7545947040602131726,whitehouse,https://www.tiktok.com/@whitehouse/video/7545947040602131726,Say it louder for the people in the back ,Say it louder for the people in the back ,20250903,37,227300,21800,2555,483,,original sound,The White House,False
7545924290609237261,whitehouse,https://www.tiktok.com/@whitehouse/video/7545924290609237261,🇺🇸 🤝 🇵🇱,🇺🇸 🤝 🇵🇱,20250903,23,775100,35600,1864,665,,original sound,The White House,False
7545894696325844238,whitehouse,https://www.tiktok.com/@whitehouse/video/7545894696325844238,Fighter jets fly over White House as Polish President arrives ,Fighter jets fly over White House as Polish President arrives ,20250903,17,344700,20400,1924,433,,Meridian,ODESZA,False
7545620347408813326,whitehouse,https://www.tiktok.com/@whitehouse/video/7545620347408813326,BEWARE ,BEWARE ,20250902,30,939400,36600,4172,6850,,original sound,The White House,False
7545589775634369847,whitehouse,https://www.tiktok.com/@whitehouse/video/7545589775634369847,You wouldn't see Biden for months and nobody ever said there was anyt...,You wouldn't see Biden for months and nobody ever said there was anything wrong with him 🤣,20250902,104,281700,14700,2180,1031,,original sound,The White House,False
7545524836215393549,whitehouse,https://www.tiktok.com/@whitehouse/video/7545524836215393549,Pwincesss where are you,Pwincesss where are you,20250902,8,2400000,265000,4008,114100,,original sound,The White House,False
7545296727868230926,whitehouse,https://www.tiktok.com/@whitehouse/video/7545296727868230926,President Trump’s 11 Life Lessons ,President Trump’s 11 Life Lessons ,20250902,145,668000,44900,3666,8964,,original sound,The White House,False
7545223037851929870,whitehouse,https://www.tiktok.com/@whitehouse/video/7545223037851929870,Timeline cleanser: American steel ,Timeline cleanser: American steel ,20250901,28,215400,5115,1464,119,,Meridian,ODESZA,False
7545165161884028174,whitehouse,https://www.tiktok.com/@whitehouse/video/7545165161884028174,TikTok video #7545165161884028174,,20250901,26,219200,7203,1874,762,,original sound,The White House,False
7545126188558126350,whitehouse,https://www.tiktok.com/@whitehouse/video/7545126188558126350,Happy Labor Day!,Happy Labor Day!,20250901,121,220100,14800,2059,443,,original sound,The White House,False
7544815094094384397,whitehouse,https://www.tiktok.com/@whitehouse/video/7544815094094384397,Timeline cleanse: Sounds of MADE IN AMERICA ,Timeline cleanse: Sounds of MADE IN AMERICA ,20250831,32,274300,9263,2224,396,,Meridian,ODESZA,False
7544772559485553934,whitehouse,https://www.tiktok.com/@whitehouse/video/7544772559485553934,Putting America first - Press Sec’s MAGA Minute ,Putting America first - Press Sec’s MAGA Minute ,20250831,145,1000000,58500,3138,1139,,original sound,The White House,False
7544490898613210423,whitehouse,https://www.tiktok.com/@whitehouse/video/7544490898613210423,President Trump is back and so is more money in your pockets ,President Trump is back and so is more money in your pockets ,20250830,51,375200,9951,3518,375,,original sound,The White House,False
7544413548630314253,whitehouse,https://www.tiktok.com/@whitehouse/video/7544413548630314253,We have never been more back,We have never been more back,20250830,47,354400,20700,1880,1760,,original sound,The White House,False
7544396805694311735,whitehouse,https://www.tiktok.com/@whitehouse/video/7544396805694311735,One Nation Under God ,One Nation Under God ,20250830,41,245000,12600,2388,325,,original sound,The White House,False
7544165843798740237,whitehouse,https://www.tiktok.com/@whitehouse/video/7544165843798740237,Timeline cleanse: rural America version ,Timeline cleanse: rural America version ,20250830,53,519500,45900,3434,822,,original sound,The White House,False
7544144883565464845,whitehouse,https://www.tiktok.com/@whitehouse/video/7544144883565464845,Nothing like your first job ,Nothing like your first job ,20250829,119,189100,4434,1747,106,,original sound,The White House,False
7544023985227435319,whitehouse,https://www.tiktok.com/@whitehouse/video/7544023985227435319,Ordered and delivered ,Ordered and delivered ,20250829,26,1300000,124600,6120,10700,,original sound,The White House,False
7543786560018222350,whitehouse,https://www.tiktok.com/@whitehouse/video/7543786560018222350,Decline is a choice ,Decline is a choice ,20250828,17,311000,8263,4827,313,,original sound,The White House,False
7543756480965561613,whitehouse,https://www.tiktok.com/@whitehouse/video/7543756480965561613,TikTok video #7543756480965561613,,20250828,16,1100000,21700,6669,983,,Star Spangled (Bass Boosted),SNC,False
7543720976656207117,whitehouse,https://www.tiktok.com/@whitehouse/video/7543720976656207117,"So true, Mr. VP","So true, Mr. VP",20250828,30,210600,5969,2609,242,,original sound,The White House,False
7543705346657832206,whitehouse,https://www.tiktok.com/@whitehouse/video/7543705346657832206,Utterly disrespectful ,Utterly disrespectful ,20250828,45,204500,7542,1885,115,,original sound,The White House,False
7543698412475108621,whitehouse,https://www.tiktok.com/@whitehouse/video/7543698412475108621,More moneyyy,More moneyyy,20250828,18,492300,16500,2918,549,,original sound,The White House,False
7543059822267108663,whitehouse,https://www.tiktok.com/@whitehouse/video/7543059822267108663,Local D.C. residents share their experience with crime,Local D.C. residents share their experience with crime,20250827,45,587900,7916,4538,411,,original sound,The White House,False
7543341362549214477,whitehouse,https://www.tiktok.com/@whitehouse/video/7543341362549214477,"Honoring the victims of the tragedy in Minneapolis, Minnesota ","Honoring the victims of the tragedy in Minneapolis, Minnesota ",20250827,0,476400,5898,3433,446,,original sound - The White House,,True
7543015555788213518,whitehouse,https://www.tiktok.com/@whitehouse/video/7543015555788213518,Build the wall ,Build the wall ,20250826,31,521200,10900,5792,691,,original sound,The White House,False
7542970519398698253,whitehouse,https://www.tiktok.com/@whitehouse/video/7542970519398698253,Travis Kelce and Taylor Swift Engaged- President Trump reacts: ,Travis Kelce and Taylor Swift Engaged- President Trump reacts: ,20250826,25,747800,21600,4247,3174,,original sound,The White House,False
7542963987575475469,whitehouse,https://www.tiktok.com/@whitehouse/video/7542963987575475469,Reporter Iris Tao shares terrifying story of being held at gunpoint i...,Reporter Iris Tao shares terrifying story of being held at gunpoint in D.C.,20250826,135,363500,9548,3451,313,,original sound,The White House,False
7542947006595992845,whitehouse,https://www.tiktok.com/@whitehouse/video/7542947006595992845,Who the left swipes right on ➡️,Who the left swipes right on ➡️,20250826,65,965500,54500,3848,41400,,original sound,The White House,False
7542888643774532877,whitehouse,https://www.tiktok.com/@whitehouse/video/7542888643774532877,Making America Safe Again,Making America Safe Again,20250826,63,368600,14100,4712,489,,original sound,The White House,False
7542617621334658317,whitehouse,https://www.tiktok.com/@whitehouse/video/7542617621334658317,"Burn the American flag, disrespect our nation, incite violence- ONE Y...","Burn the American flag, disrespect our nation, incite violence- ONE YEAR IN JAIL. No excuses.",20250825,47,1100000,51800,11900,2420,,original sound,The White House,False
7542573722020891918,whitehouse,https://www.tiktok.com/@whitehouse/video/7542573722020891918,President Trump 🤝 President of South Korea Lee Jae-myung ,President Trump 🤝 President of South Korea Lee Jae-myung ,20250825,24,494300,11500,5139,527,,original sound,The White House,False
7542551440087125262,whitehouse,https://www.tiktok.com/@whitehouse/video/7542551440087125262,President Trump BLASTS Chicago Mayor on Crime Stats,President Trump BLASTS Chicago Mayor on Crime Stats,20250825,83,374500,9976,5538,406,,original sound,The White House,False
7542534728507739447,whitehouse,https://www.tiktok.com/@whitehouse/video/7542534728507739447,"Money, Money, Moneyyy  💸 No Tax on Overtime!","Money, Money, Moneyyy  💸 No Tax on Overtime!",20250825,20,350000,11100,3786,591,,original sound,The White House,False
7542272353565248782,whitehouse,https://www.tiktok.com/@whitehouse/video/7542272353565248782,A JAM-PACKED week pursuing peace at the Trump White House,A JAM-PACKED week pursuing peace at the Trump White House,20250824,138,1300000,64200,12600,1951,,original sound,The White House,False
7542202173069757751,whitehouse,https://www.tiktok.com/@whitehouse/video/7542202173069757751,ASMR,ASMR,20250824,6,1400000,104000,12800,5366,,original sound,The White House,False
7541854069707558157,whitehouse,https://www.tiktok.com/@whitehouse/video/7541854069707558157,We’re just getting started.,We’re just getting started.,20250823,58,923400,31700,16200,1271,,original sound,The White House,False
7541802556314471693,whitehouse,https://www.tiktok.com/@whitehouse/video/7541802556314471693,GAME DAY IS BACK,GAME DAY IS BACK,20250823,43,648000,9110,8442,568,,original sound,The White House,False
7541568256813845774,whitehouse,https://www.tiktok.com/@whitehouse/video/7541568256813845774,Making America Great Again,Making America Great Again,20250823,61,4500000,496100,28200,22300,,original sound,The White House,False
7541513712247541006,whitehouse,https://www.tiktok.com/@whitehouse/video/7541513712247541006,THE PEOPLE’S HOUSE,THE PEOPLE’S HOUSE,20250822,29,828400,29600,15000,823,,original sound,The White House,False
7541472079007255863,whitehouse,https://www.tiktok.com/@whitehouse/video/7541472079007255863,For WINNERS only ,For WINNERS only ,20250822,61,728600,16600,11000,720,,original sound,The White House,False
7541463840324619533,whitehouse,https://www.tiktok.com/@whitehouse/video/7541463840324619533,Making D.C. Safe Again,Making D.C. Safe Again,20250822,23,649700,29200,11300,551,,original sound,The White House,False
7541418435679390990,whitehouse,https://www.tiktok.com/@whitehouse/video/7541418435679390990,Pretty much sums it up,Pretty much sums it up,20250822,6,901400,42200,12500,7965,,original sound,The White House,False
7541214603838033166,whitehouse,https://www.tiktok.com/@whitehouse/video/7541214603838033166,Just happy to be here ,Just happy to be here ,20250822,45,1100000,42100,21300,2251,,original sound,The White House,False
7541167259646020878,whitehouse,https://www.tiktok.com/@whitehouse/video/7541167259646020878,We’re going to have the best capital ever ,We’re going to have the best capital ever ,20250821,42,862100,17000,20900,1030,,original sound,The White House,False
7541130179255520526,whitehouse,https://www.tiktok.com/@whitehouse/video/7541130179255520526,OVER 200 DAYS OF PRESIDENT TRUMP,OVER 200 DAYS OF PRESIDENT TRUMP,20250821,179,1200000,91900,20300,5568,,original sound,The White House,False
7541090623147855117,whitehouse,https://www.tiktok.com/@whitehouse/video/7541090623147855117,Woke is dead,Woke is dead,20250821,84,801600,24000,16800,1273,,original sound,The White House,False
7541048892880702733,whitehouse,https://www.tiktok.com/@whitehouse/video/7541048892880702733,Fake news,Fake news,20250821,50,841000,24100,17200,1416,,original sound,The White House,False
7540822851000012045,whitehouse,https://www.tiktok.com/@whitehouse/video/7540822851000012045,START YOUR ENGINES 🇺🇸,START YOUR ENGINES 🇺🇸,20250821,34,2600000,178000,32700,16000,,original sound,The White House,False
7540791678332964110,whitehouse,https://www.tiktok.com/@whitehouse/video/7540791678332964110,Oh you thought we were just talking?  Make D.C. Safe Again. ,Oh you thought we were just talking?  Make D.C. Safe Again. ,20250820,34,1200000,56400,26500,2405,,original sound,The White House,False
7540767069856402743,whitehouse,https://www.tiktok.com/@whitehouse/video/7540767069856402743,Who would have thought making our communities safer would be soo cont...,Who would have thought making our communities safer would be soo controversial ,20250820,50,1000000,41600,24400,1296,,original sound,The White House,False
7540745321232567566,whitehouse,https://www.tiktok.com/@whitehouse/video/7540745321232567566,All we do is win,All we do is win,20250820,45,1000000,32200,25200,3302,,original sound,The White House,False
7540720369628433719,whitehouse,https://www.tiktok.com/@whitehouse/video/7540720369628433719,Fact: D.C. has one of the highest murder rates in the entire world,Fact: D.C. has one of the highest murder rates in the entire world,20250820,53,1100000,35300,24300,1194,,original sound,The White House,False
7540688033742441783,whitehouse,https://www.tiktok.com/@whitehouse/video/7540688033742441783,They don’t know it yet…,They don’t know it yet…,20250820,20,1600000,65100,35000,7147,,original sound,The White House,False
7540673312909692173,whitehouse,https://www.tiktok.com/@whitehouse/video/7540673312909692173,"Press Sec RIPS Reporter: “With all due respect, only a reporter from ...","Press Sec RIPS Reporter: “With all due respect, only a reporter from the New York Times would ask a question like that”",20250820,64,1300000,35200,25800,1067,,original sound,The White House,False
7540494832012233998,whitehouse,https://www.tiktok.com/@whitehouse/video/7540494832012233998,"‘I was the hunted, and now I’m the hunter.’","‘I was the hunted, and now I’m the hunter.’",20250820,64,1900000,119700,31200,8212,,original sound,The White House,False
7540459915794500919,whitehouse,https://www.tiktok.com/@whitehouse/video/7540459915794500919,We’re so back,We’re so back,20250820,17,3600000,197600,34200,11000,,original sound,The White House,False
7540412027907362062,whitehouse,https://www.tiktok.com/@whitehouse/video/7540412027907362062,America we are BACK! What’s up TikTok?,America we are BACK! What’s up TikTok?,20250819,27,4000000,370100,48700,23300,,original sound,The White House,False
